name,cal,pro,carb,fat,category
"三明治 (Sandwich, 1份)",320.0,12.0,35.0,14.0,
"蛋餅 (Dan Bing, 1份)",300.0,10.0,35.0,12.0,
"飯糰 (Taiwanese Rice Ball, 1顆)",420.0,12.0,58.0,15.0,
"燒餅油條 (Shaobing & Youtiao, 1份)",550.0,12.0,60.0,28.0,
"蔥抓餅 (Scallion Pancake, 1份)",380.0,8.0,48.0,17.0,
"蘿蔔糕 (Radish Cake, 2片)",210.0,4.0,32.0,7.0,
"荷包蛋 (Fried Egg, 1顆)",90.0,6.5,0.5,7.0,
"水煮蛋 (Boiled Egg, 1顆)",72.0,6.3,0.4,4.8,
"三杯雞 (Three-Cup Chicken, 1份)",480.0,32.0,8.0,35.0,
"滷肉飯 (Braised Pork Rice, 1碗)",500.0,15.0,65.0,20.0,
"雞排 (Fried Chicken Cutlet, 1份)",650.0,35.0,40.0,42.0,
"牛肉麵 (Beef Noodle Soup, 1碗)",600.0,28.0,70.0,22.0,
"小籠包 (Xiao Long Bao, 8顆)",520.0,24.0,48.0,26.0,
"陽春麵 (Plain Noodle Soup, 1碗)",350.0,10.0,60.0,7.0,
"水餃 (Dumplings, 10顆)",550.0,22.0,65.0,22.0,
"排骨飯 (Pork Chop Rice, 1份)",750.0,30.0,85.0,32.0,
"雞腿飯 (Chicken Leg Rice, 1份)",720.0,35.0,80.0,28.0,
"鍋貼 (Pan-fried Dumplings, 8顆)",600.0,18.0,65.0,30.0,
"鹹酥雞 (Salt Crispy Chicken, 1份)",550.0,25.0,30.0,35.0,
"蚵仔煎 (Oyster Omelet, 1份)",450.0,15.0,50.0,22.0,
"肉圓 (Bawwan, 1顆)",400.0,12.0,55.0,15.0,
"臭豆腐 (Stinky Tofu, 1份)",420.0,16.0,30.0,26.0,
"白米飯 (White Rice, 1碗)",280.0,5.4,61.0,0.6,
"糙米飯 (Brown Rice, 1碗)",250.0,5.5,52.0,1.8,
"水煮雞胸肉 (Chicken Breast, 100g)",165.0,31.0,0.0,3.6,
"地瓜 (Sweet Potato, 1條)",130.0,2.2,30.0,0.3,
"水煮青菜 (Boiled Veggies, 1盤)",60.0,2.5,10.0,1.5,
"沙拉 (Vegetable Salad, 1份)",120.0,3.0,15.0,5.0,
"鮭魚排 (Salmon, 120g)",250.0,24.0,0.0,16.0,
"珍珠奶茶 (Bubble Tea, 700ml/微糖)",450.0,4.0,75.0,15.0,
"無糖豆漿 (Soy Milk, 500ml)",175.0,16.0,10.0,7.0,
"鮮奶茶 (Milk Tea, 500ml)",280.0,8.0,35.0,11.0,
"美式咖啡 (Black Coffee, 360ml)",15.0,1.0,2.0,0.0,
"拿鐵 (Latte, 360ml)",180.0,9.0,15.0,9.0,
"豆花 (Douhua, 1碗)",250.0,8.0,40.0,6.0,
"蘋果 (Apple, 1顆)",78.0,0.4,21.0,0.3,
"香蕉 (Banana, 1根)",105.0,1.3,27.0,0.3,
"芭樂 (Guava, 1顆)",120.0,2.5,26.0,1.0,
"奇異果 (Kiwi, 2顆)",90.0,1.6,22.0,0.8,
"木瓜 (Papaya, 1片)",60.0,0.8,15.0,0.3,
"大麥克漢堡 (Big Mac, 1個)",590.0,26.0,46.0,34.0,
"薯條 (French Fries, 中份)",380.0,4.0,48.0,19.0,
"披薩 (Pizza, 1片)",280.0,12.0,30.0,12.0,
"義大利麵 (Pasta, 1份)",520.0,18.0,70.0,18.0,
白吐司 (半份),132.5,4.5,24.5,1.6,早餐/主食
白吐司 (小份),198.8,6.8,36.8,2.4,早餐/主食
白吐司 (1份),265.0,9.0,49.0,3.2,早餐/主食
白吐司 (1.25份),331.2,11.2,61.2,4.0,早餐/主食
白吐司 (1.5份),397.5,13.5,73.5,4.8,早餐/主食
白吐司 (2份),530.0,18.0,98.0,6.4,早餐/主食
白吐司 (2.5份),662.5,22.5,122.5,8.0,早餐/主食
白吐司 (3份),795.0,27.0,147.0,9.6,早餐/主食
白吐司 (小碗),198.8,6.8,36.8,2.4,早餐/主食
白吐司 (中碗),265.0,9.0,49.0,3.2,早餐/主食
白吐司 (大碗),357.8,12.2,66.2,4.3,早餐/主食
白吐司 (小杯),198.8,6.8,36.8,2.4,早餐/主食
白吐司 (中杯),265.0,9.0,49.0,3.2,早餐/主食
白吐司 (大杯),371.0,12.6,68.6,4.5,早餐/主食
白吐司 (小盒),198.8,6.8,36.8,2.4,早餐/主食
白吐司 (中盒),265.0,9.0,49.0,3.2,早餐/主食
白吐司 (大盒),371.0,12.6,68.6,4.5,早餐/主食
白吐司 (100g),265.0,9.0,49.0,3.2,早餐/主食
白吐司 (150g),397.5,13.5,73.5,4.8,早餐/主食
白吐司 (200g),530.0,18.0,98.0,6.4,早餐/主食
白吐司 (250g),662.5,22.5,122.5,8.0,早餐/主食
白吐司 (300g),795.0,27.0,147.0,9.6,早餐/主食
全麥吐司 (半份),123.5,6.5,20.5,2.1,早餐/主食
全麥吐司 (小份),185.2,9.8,30.8,3.2,早餐/主食
全麥吐司 (1份),247.0,13.0,41.0,4.2,早餐/主食
全麥吐司 (1.25份),308.8,16.2,51.2,5.2,早餐/主食
全麥吐司 (1.5份),370.5,19.5,61.5,6.3,早餐/主食
全麥吐司 (2份),494.0,26.0,82.0,8.4,早餐/主食
全麥吐司 (2.5份),617.5,32.5,102.5,10.5,早餐/主食
全麥吐司 (3份),741.0,39.0,123.0,12.6,早餐/主食
全麥吐司 (小碗),185.2,9.8,30.8,3.2,早餐/主食
全麥吐司 (中碗),247.0,13.0,41.0,4.2,早餐/主食
全麥吐司 (大碗),333.5,17.6,55.4,5.7,早餐/主食
全麥吐司 (小杯),185.2,9.8,30.8,3.2,早餐/主食
全麥吐司 (中杯),247.0,13.0,41.0,4.2,早餐/主食
全麥吐司 (大杯),345.8,18.2,57.4,5.9,早餐/主食
全麥吐司 (小盒),185.2,9.8,30.8,3.2,早餐/主食
全麥吐司 (中盒),247.0,13.0,41.0,4.2,早餐/主食
全麥吐司 (大盒),345.8,18.2,57.4,5.9,早餐/主食
全麥吐司 (100g),247.0,13.0,41.0,4.2,早餐/主食
全麥吐司 (150g),370.5,19.5,61.5,6.3,早餐/主食
全麥吐司 (200g),494.0,26.0,82.0,8.4,早餐/主食
全麥吐司 (250g),617.5,32.5,102.5,10.5,早餐/主食
全麥吐司 (300g),741.0,39.0,123.0,12.6,早餐/主食
可頌 (半份),203.0,4.0,22.5,10.5,早餐/烘焙
可頌 (小份),304.5,6.0,33.8,15.8,早餐/烘焙
可頌 (1份),406.0,8.0,45.0,21.0,早餐/烘焙
可頌 (1.25份),507.5,10.0,56.2,26.2,早餐/烘焙
可頌 (1.5份),609.0,12.0,67.5,31.5,早餐/烘焙
可頌 (2份),812.0,16.0,90.0,42.0,早餐/烘焙
可頌 (2.5份),1015.0,20.0,112.5,52.5,早餐/烘焙
可頌 (3份),1218.0,24.0,135.0,63.0,早餐/烘焙
可頌 (小碗),304.5,6.0,33.8,15.8,早餐/烘焙
可頌 (中碗),406.0,8.0,45.0,21.0,早餐/烘焙
可頌 (大碗),548.1,10.8,60.8,28.4,早餐/烘焙
可頌 (小杯),304.5,6.0,33.8,15.8,早餐/烘焙
可頌 (中杯),406.0,8.0,45.0,21.0,早餐/烘焙
可頌 (大杯),568.4,11.2,63.0,29.4,早餐/烘焙
可頌 (小盒),304.5,6.0,33.8,15.8,早餐/烘焙
可頌 (中盒),406.0,8.0,45.0,21.0,早餐/烘焙
可頌 (大盒),568.4,11.2,63.0,29.4,早餐/烘焙
可頌 (100g),406.0,8.0,45.0,21.0,早餐/烘焙
可頌 (150g),609.0,12.0,67.5,31.5,早餐/烘焙
可頌 (200g),812.0,16.0,90.0,42.0,早餐/烘焙
可頌 (250g),1015.0,20.0,112.5,52.5,早餐/烘焙
可頌 (300g),1218.0,24.0,135.0,63.0,早餐/烘焙
火腿起司蛋吐司 (半份),215.0,11.0,19.0,11.0,早餐
火腿起司蛋吐司 (小份),322.5,16.5,28.5,16.5,早餐
火腿起司蛋吐司 (1份),430.0,22.0,38.0,22.0,早餐
火腿起司蛋吐司 (1.25份),537.5,27.5,47.5,27.5,早餐
火腿起司蛋吐司 (1.5份),645.0,33.0,57.0,33.0,早餐
火腿起司蛋吐司 (2份),860.0,44.0,76.0,44.0,早餐
火腿起司蛋吐司 (2.5份),1075.0,55.0,95.0,55.0,早餐
火腿起司蛋吐司 (3份),1290.0,66.0,114.0,66.0,早餐
火腿起司蛋吐司 (小碗),322.5,16.5,28.5,16.5,早餐
火腿起司蛋吐司 (中碗),430.0,22.0,38.0,22.0,早餐
火腿起司蛋吐司 (大碗),580.5,29.7,51.3,29.7,早餐
火腿起司蛋吐司 (小杯),322.5,16.5,28.5,16.5,早餐
火腿起司蛋吐司 (中杯),430.0,22.0,38.0,22.0,早餐
火腿起司蛋吐司 (大杯),602.0,30.8,53.2,30.8,早餐
火腿起司蛋吐司 (小盒),322.5,16.5,28.5,16.5,早餐
火腿起司蛋吐司 (中盒),430.0,22.0,38.0,22.0,早餐
火腿起司蛋吐司 (大盒),602.0,30.8,53.2,30.8,早餐
火腿起司蛋吐司 (100g),430.0,22.0,38.0,22.0,早餐
火腿起司蛋吐司 (150g),645.0,33.0,57.0,33.0,早餐
火腿起司蛋吐司 (200g),860.0,44.0,76.0,44.0,早餐
火腿起司蛋吐司 (250g),1075.0,55.0,95.0,55.0,早餐
火腿起司蛋吐司 (300g),1290.0,66.0,114.0,66.0,早餐
鮪魚蛋吐司 (半份),205.0,12.0,18.0,10.0,早餐
鮪魚蛋吐司 (小份),307.5,18.0,27.0,15.0,早餐
鮪魚蛋吐司 (1份),410.0,24.0,36.0,20.0,早餐
鮪魚蛋吐司 (1.25份),512.5,30.0,45.0,25.0,早餐
鮪魚蛋吐司 (1.5份),615.0,36.0,54.0,30.0,早餐
鮪魚蛋吐司 (2份),820.0,48.0,72.0,40.0,早餐
鮪魚蛋吐司 (2.5份),1025.0,60.0,90.0,50.0,早餐
鮪魚蛋吐司 (3份),1230.0,72.0,108.0,60.0,早餐
鮪魚蛋吐司 (小碗),307.5,18.0,27.0,15.0,早餐
鮪魚蛋吐司 (中碗),410.0,24.0,36.0,20.0,早餐
鮪魚蛋吐司 (大碗),553.5,32.4,48.6,27.0,早餐
鮪魚蛋吐司 (小杯),307.5,18.0,27.0,15.0,早餐
鮪魚蛋吐司 (中杯),410.0,24.0,36.0,20.0,早餐
鮪魚蛋吐司 (大杯),574.0,33.6,50.4,28.0,早餐
鮪魚蛋吐司 (小盒),307.5,18.0,27.0,15.0,早餐
鮪魚蛋吐司 (中盒),410.0,24.0,36.0,20.0,早餐
鮪魚蛋吐司 (大盒),574.0,33.6,50.4,28.0,早餐
鮪魚蛋吐司 (100g),410.0,24.0,36.0,20.0,早餐
鮪魚蛋吐司 (150g),615.0,36.0,54.0,30.0,早餐
鮪魚蛋吐司 (200g),820.0,48.0,72.0,40.0,早餐
鮪魚蛋吐司 (250g),1025.0,60.0,90.0,50.0,早餐
鮪魚蛋吐司 (300g),1230.0,72.0,108.0,60.0,早餐
培根蛋吐司 (半份),230.0,10.0,17.5,13.5,早餐
培根蛋吐司 (小份),345.0,15.0,26.2,20.2,早餐
培根蛋吐司 (1份),460.0,20.0,35.0,27.0,早餐
培根蛋吐司 (1.25份),575.0,25.0,43.8,33.8,早餐
培根蛋吐司 (1.5份),690.0,30.0,52.5,40.5,早餐
培根蛋吐司 (2份),920.0,40.0,70.0,54.0,早餐
培根蛋吐司 (2.5份),1150.0,50.0,87.5,67.5,早餐
培根蛋吐司 (3份),1380.0,60.0,105.0,81.0,早餐
培根蛋吐司 (小碗),345.0,15.0,26.2,20.2,早餐
培根蛋吐司 (中碗),460.0,20.0,35.0,27.0,早餐
培根蛋吐司 (大碗),621.0,27.0,47.2,36.5,早餐
培根蛋吐司 (小杯),345.0,15.0,26.2,20.2,早餐
培根蛋吐司 (中杯),460.0,20.0,35.0,27.0,早餐
培根蛋吐司 (大杯),644.0,28.0,49.0,37.8,早餐
培根蛋吐司 (小盒),345.0,15.0,26.2,20.2,早餐
培根蛋吐司 (中盒),460.0,20.0,35.0,27.0,早餐
培根蛋吐司 (大盒),644.0,28.0,49.0,37.8,早餐
培根蛋吐司 (100g),460.0,20.0,35.0,27.0,早餐
培根蛋吐司 (150g),690.0,30.0,52.5,40.5,早餐
培根蛋吐司 (200g),920.0,40.0,70.0,54.0,早餐
培根蛋吐司 (250g),1150.0,50.0,87.5,67.5,早餐
培根蛋吐司 (300g),1380.0,60.0,105.0,81.0,早餐
總匯三明治 (半份),260.0,12.0,22.0,13.5,早餐
總匯三明治 (小份),390.0,18.0,33.0,20.2,早餐
總匯三明治 (1份),520.0,24.0,44.0,27.0,早餐
總匯三明治 (1.25份),650.0,30.0,55.0,33.8,早餐
總匯三明治 (1.5份),780.0,36.0,66.0,40.5,早餐
總匯三明治 (2份),1040.0,48.0,88.0,54.0,早餐
總匯三明治 (2.5份),1300.0,60.0,110.0,67.5,早餐
總匯三明治 (3份),1560.0,72.0,132.0,81.0,早餐
總匯三明治 (小碗),390.0,18.0,33.0,20.2,早餐
總匯三明治 (中碗),520.0,24.0,44.0,27.0,早餐
總匯三明治 (大碗),702.0,32.4,59.4,36.5,早餐
總匯三明治 (小杯),390.0,18.0,33.0,20.2,早餐
總匯三明治 (中杯),520.0,24.0,44.0,27.0,早餐
總匯三明治 (大杯),728.0,33.6,61.6,37.8,早餐
總匯三明治 (小盒),390.0,18.0,33.0,20.2,早餐
總匯三明治 (中盒),520.0,24.0,44.0,27.0,早餐
總匯三明治 (大盒),728.0,33.6,61.6,37.8,早餐
總匯三明治 (100g),520.0,24.0,44.0,27.0,早餐
總匯三明治 (150g),780.0,36.0,66.0,40.5,早餐
總匯三明治 (200g),1040.0,48.0,88.0,54.0,早餐
總匯三明治 (250g),1300.0,60.0,110.0,67.5,早餐
總匯三明治 (300g),1560.0,72.0,132.0,81.0,早餐
鮪魚三明治 (半份),195.0,11.0,21.0,8.0,早餐
鮪魚三明治 (小份),292.5,16.5,31.5,12.0,早餐
鮪魚三明治 (1份),390.0,22.0,42.0,16.0,早餐
鮪魚三明治 (1.25份),487.5,27.5,52.5,20.0,早餐
鮪魚三明治 (1.5份),585.0,33.0,63.0,24.0,早餐
鮪魚三明治 (2份),780.0,44.0,84.0,32.0,早餐
鮪魚三明治 (2.5份),975.0,55.0,105.0,40.0,早餐
鮪魚三明治 (3份),1170.0,66.0,126.0,48.0,早餐
鮪魚三明治 (小碗),292.5,16.5,31.5,12.0,早餐
鮪魚三明治 (中碗),390.0,22.0,42.0,16.0,早餐
鮪魚三明治 (大碗),526.5,29.7,56.7,21.6,早餐
鮪魚三明治 (小杯),292.5,16.5,31.5,12.0,早餐
鮪魚三明治 (中杯),390.0,22.0,42.0,16.0,早餐
鮪魚三明治 (大杯),546.0,30.8,58.8,22.4,早餐
鮪魚三明治 (小盒),292.5,16.5,31.5,12.0,早餐
鮪魚三明治 (中盒),390.0,22.0,42.0,16.0,早餐
鮪魚三明治 (大盒),546.0,30.8,58.8,22.4,早餐
鮪魚三明治 (100g),390.0,22.0,42.0,16.0,早餐
鮪魚三明治 (150g),585.0,33.0,63.0,24.0,早餐
鮪魚三明治 (200g),780.0,44.0,84.0,32.0,早餐
鮪魚三明治 (250g),975.0,55.0,105.0,40.0,早餐
鮪魚三明治 (300g),1170.0,66.0,126.0,48.0,早餐
雞肉三明治 (半份),180.0,12.5,19.0,6.5,早餐
雞肉三明治 (小份),270.0,18.8,28.5,9.8,早餐
雞肉三明治 (1份),360.0,25.0,38.0,13.0,早餐
雞肉三明治 (1.25份),450.0,31.2,47.5,16.2,早餐
雞肉三明治 (1.5份),540.0,37.5,57.0,19.5,早餐
雞肉三明治 (2份),720.0,50.0,76.0,26.0,早餐
雞肉三明治 (2.5份),900.0,62.5,95.0,32.5,早餐
雞肉三明治 (3份),1080.0,75.0,114.0,39.0,早餐
雞肉三明治 (小碗),270.0,18.8,28.5,9.8,早餐
雞肉三明治 (中碗),360.0,25.0,38.0,13.0,早餐
雞肉三明治 (大碗),486.0,33.8,51.3,17.6,早餐
雞肉三明治 (小杯),270.0,18.8,28.5,9.8,早餐
雞肉三明治 (中杯),360.0,25.0,38.0,13.0,早餐
雞肉三明治 (大杯),504.0,35.0,53.2,18.2,早餐
雞肉三明治 (小盒),270.0,18.8,28.5,9.8,早餐
雞肉三明治 (中盒),360.0,25.0,38.0,13.0,早餐
雞肉三明治 (大盒),504.0,35.0,53.2,18.2,早餐
雞肉三明治 (100g),360.0,25.0,38.0,13.0,早餐
雞肉三明治 (150g),540.0,37.5,57.0,19.5,早餐
雞肉三明治 (200g),720.0,50.0,76.0,26.0,早餐
雞肉三明治 (250g),900.0,62.5,95.0,32.5,早餐
雞肉三明治 (300g),1080.0,75.0,114.0,39.0,早餐
火腿三明治 (半份),175.0,9.0,20.0,7.0,早餐
火腿三明治 (小份),262.5,13.5,30.0,10.5,早餐
火腿三明治 (1份),350.0,18.0,40.0,14.0,早餐
火腿三明治 (1.25份),437.5,22.5,50.0,17.5,早餐
火腿三明治 (1.5份),525.0,27.0,60.0,21.0,早餐
火腿三明治 (2份),700.0,36.0,80.0,28.0,早餐
火腿三明治 (2.5份),875.0,45.0,100.0,35.0,早餐
火腿三明治 (3份),1050.0,54.0,120.0,42.0,早餐
火腿三明治 (小碗),262.5,13.5,30.0,10.5,早餐
火腿三明治 (中碗),350.0,18.0,40.0,14.0,早餐
火腿三明治 (大碗),472.5,24.3,54.0,18.9,早餐
火腿三明治 (小杯),262.5,13.5,30.0,10.5,早餐
火腿三明治 (中杯),350.0,18.0,40.0,14.0,早餐
火腿三明治 (大杯),490.0,25.2,56.0,19.6,早餐
火腿三明治 (小盒),262.5,13.5,30.0,10.5,早餐
火腿三明治 (中盒),350.0,18.0,40.0,14.0,早餐
火腿三明治 (大盒),490.0,25.2,56.0,19.6,早餐
火腿三明治 (100g),350.0,18.0,40.0,14.0,早餐
火腿三明治 (150g),525.0,27.0,60.0,21.0,早餐
火腿三明治 (200g),700.0,36.0,80.0,28.0,早餐
火腿三明治 (250g),875.0,45.0,100.0,35.0,早餐
火腿三明治 (300g),1050.0,54.0,120.0,42.0,早餐
起司蛋餅 (半份),195.0,8.0,18.0,10.5,早餐
起司蛋餅 (小份),292.5,12.0,27.0,15.8,早餐
起司蛋餅 (1份),390.0,16.0,36.0,21.0,早餐
起司蛋餅 (1.25份),487.5,20.0,45.0,26.2,早餐
起司蛋餅 (1.5份),585.0,24.0,54.0,31.5,早餐
起司蛋餅 (2份),780.0,32.0,72.0,42.0,早餐
起司蛋餅 (2.5份),975.0,40.0,90.0,52.5,早餐
起司蛋餅 (3份),1170.0,48.0,108.0,63.0,早餐
起司蛋餅 (小碗),292.5,12.0,27.0,15.8,早餐
起司蛋餅 (中碗),390.0,16.0,36.0,21.0,早餐
起司蛋餅 (大碗),526.5,21.6,48.6,28.4,早餐
起司蛋餅 (小杯),292.5,12.0,27.0,15.8,早餐
起司蛋餅 (中杯),390.0,16.0,36.0,21.0,早餐
起司蛋餅 (大杯),546.0,22.4,50.4,29.4,早餐
起司蛋餅 (小盒),292.5,12.0,27.0,15.8,早餐
起司蛋餅 (中盒),390.0,16.0,36.0,21.0,早餐
起司蛋餅 (大盒),546.0,22.4,50.4,29.4,早餐
起司蛋餅 (100g),390.0,16.0,36.0,21.0,早餐
起司蛋餅 (150g),585.0,24.0,54.0,31.5,早餐
起司蛋餅 (200g),780.0,32.0,72.0,42.0,早餐
起司蛋餅 (250g),975.0,40.0,90.0,52.5,早餐
起司蛋餅 (300g),1170.0,48.0,108.0,63.0,早餐
培根蛋餅 (半份),215.0,9.0,18.0,12.5,早餐
培根蛋餅 (小份),322.5,13.5,27.0,18.8,早餐
培根蛋餅 (1份),430.0,18.0,36.0,25.0,早餐
培根蛋餅 (1.25份),537.5,22.5,45.0,31.2,早餐
培根蛋餅 (1.5份),645.0,27.0,54.0,37.5,早餐
培根蛋餅 (2份),860.0,36.0,72.0,50.0,早餐
培根蛋餅 (2.5份),1075.0,45.0,90.0,62.5,早餐
培根蛋餅 (3份),1290.0,54.0,108.0,75.0,早餐
培根蛋餅 (小碗),322.5,13.5,27.0,18.8,早餐
培根蛋餅 (中碗),430.0,18.0,36.0,25.0,早餐
培根蛋餅 (大碗),580.5,24.3,48.6,33.8,早餐
培根蛋餅 (小杯),322.5,13.5,27.0,18.8,早餐
培根蛋餅 (中杯),430.0,18.0,36.0,25.0,早餐
培根蛋餅 (大杯),602.0,25.2,50.4,35.0,早餐
培根蛋餅 (小盒),322.5,13.5,27.0,18.8,早餐
培根蛋餅 (中盒),430.0,18.0,36.0,25.0,早餐
培根蛋餅 (大盒),602.0,25.2,50.4,35.0,早餐
培根蛋餅 (100g),430.0,18.0,36.0,25.0,早餐
培根蛋餅 (150g),645.0,27.0,54.0,37.5,早餐
培根蛋餅 (200g),860.0,36.0,72.0,50.0,早餐
培根蛋餅 (250g),1075.0,45.0,90.0,62.5,早餐
培根蛋餅 (300g),1290.0,54.0,108.0,75.0,早餐
玉米蛋餅 (半份),180.0,6.5,21.5,8.0,早餐
玉米蛋餅 (小份),270.0,9.8,32.2,12.0,早餐
玉米蛋餅 (1份),360.0,13.0,43.0,16.0,早餐
玉米蛋餅 (1.25份),450.0,16.2,53.8,20.0,早餐
玉米蛋餅 (1.5份),540.0,19.5,64.5,24.0,早餐
玉米蛋餅 (2份),720.0,26.0,86.0,32.0,早餐
玉米蛋餅 (2.5份),900.0,32.5,107.5,40.0,早餐
玉米蛋餅 (3份),1080.0,39.0,129.0,48.0,早餐
玉米蛋餅 (小碗),270.0,9.8,32.2,12.0,早餐
玉米蛋餅 (中碗),360.0,13.0,43.0,16.0,早餐
玉米蛋餅 (大碗),486.0,17.6,58.1,21.6,早餐
玉米蛋餅 (小杯),270.0,9.8,32.2,12.0,早餐
玉米蛋餅 (中杯),360.0,13.0,43.0,16.0,早餐
玉米蛋餅 (大杯),504.0,18.2,60.2,22.4,早餐
玉米蛋餅 (小盒),270.0,9.8,32.2,12.0,早餐
玉米蛋餅 (中盒),360.0,13.0,43.0,16.0,早餐
玉米蛋餅 (大盒),504.0,18.2,60.2,22.4,早餐
玉米蛋餅 (100g),360.0,13.0,43.0,16.0,早餐
玉米蛋餅 (150g),540.0,19.5,64.5,24.0,早餐
玉米蛋餅 (200g),720.0,26.0,86.0,32.0,早餐
玉米蛋餅 (250g),900.0,32.5,107.5,40.0,早餐
玉米蛋餅 (300g),1080.0,39.0,129.0,48.0,早餐
鮪魚蛋餅 (半份),205.0,10.0,18.5,11.0,早餐
鮪魚蛋餅 (小份),307.5,15.0,27.8,16.5,早餐
鮪魚蛋餅 (1份),410.0,20.0,37.0,22.0,早餐
鮪魚蛋餅 (1.25份),512.5,25.0,46.2,27.5,早餐
鮪魚蛋餅 (1.5份),615.0,30.0,55.5,33.0,早餐
鮪魚蛋餅 (2份),820.0,40.0,74.0,44.0,早餐
鮪魚蛋餅 (2.5份),1025.0,50.0,92.5,55.0,早餐
鮪魚蛋餅 (3份),1230.0,60.0,111.0,66.0,早餐
鮪魚蛋餅 (小碗),307.5,15.0,27.8,16.5,早餐
鮪魚蛋餅 (中碗),410.0,20.0,37.0,22.0,早餐
鮪魚蛋餅 (大碗),553.5,27.0,50.0,29.7,早餐
鮪魚蛋餅 (小杯),307.5,15.0,27.8,16.5,早餐
鮪魚蛋餅 (中杯),410.0,20.0,37.0,22.0,早餐
鮪魚蛋餅 (大杯),574.0,28.0,51.8,30.8,早餐
鮪魚蛋餅 (小盒),307.5,15.0,27.8,16.5,早餐
鮪魚蛋餅 (中盒),410.0,20.0,37.0,22.0,早餐
鮪魚蛋餅 (大盒),574.0,28.0,51.8,30.8,早餐
鮪魚蛋餅 (100g),410.0,20.0,37.0,22.0,早餐
鮪魚蛋餅 (150g),615.0,30.0,55.5,33.0,早餐
鮪魚蛋餅 (200g),820.0,40.0,74.0,44.0,早餐
鮪魚蛋餅 (250g),1025.0,50.0,92.5,55.0,早餐
鮪魚蛋餅 (300g),1230.0,60.0,111.0,66.0,早餐
蘿蔔糕加蛋 (半份),150.0,5.0,17.0,7.0,早餐
蘿蔔糕加蛋 (小份),225.0,7.5,25.5,10.5,早餐
蘿蔔糕加蛋 (1份),300.0,10.0,34.0,14.0,早餐
蘿蔔糕加蛋 (1.25份),375.0,12.5,42.5,17.5,早餐
蘿蔔糕加蛋 (1.5份),450.0,15.0,51.0,21.0,早餐
蘿蔔糕加蛋 (2份),600.0,20.0,68.0,28.0,早餐
蘿蔔糕加蛋 (2.5份),750.0,25.0,85.0,35.0,早餐
蘿蔔糕加蛋 (3份),900.0,30.0,102.0,42.0,早餐
蘿蔔糕加蛋 (小碗),225.0,7.5,25.5,10.5,早餐
蘿蔔糕加蛋 (中碗),300.0,10.0,34.0,14.0,早餐
蘿蔔糕加蛋 (大碗),405.0,13.5,45.9,18.9,早餐
蘿蔔糕加蛋 (小杯),225.0,7.5,25.5,10.5,早餐
蘿蔔糕加蛋 (中杯),300.0,10.0,34.0,14.0,早餐
蘿蔔糕加蛋 (大杯),420.0,14.0,47.6,19.6,早餐
蘿蔔糕加蛋 (小盒),225.0,7.5,25.5,10.5,早餐
蘿蔔糕加蛋 (中盒),300.0,10.0,34.0,14.0,早餐
蘿蔔糕加蛋 (大盒),420.0,14.0,47.6,19.6,早餐
蘿蔔糕加蛋 (100g),300.0,10.0,34.0,14.0,早餐
蘿蔔糕加蛋 (150g),450.0,15.0,51.0,21.0,早餐
蘿蔔糕加蛋 (200g),600.0,20.0,68.0,28.0,早餐
蘿蔔糕加蛋 (250g),750.0,25.0,85.0,35.0,早餐
蘿蔔糕加蛋 (300g),900.0,30.0,102.0,42.0,早餐
法國吐司 (半份),160.0,5.5,21.0,6.0,早餐
法國吐司 (小份),240.0,8.2,31.5,9.0,早餐
法國吐司 (1份),320.0,11.0,42.0,12.0,早餐
法國吐司 (1.25份),400.0,13.8,52.5,15.0,早餐
法國吐司 (1.5份),480.0,16.5,63.0,18.0,早餐
法國吐司 (2份),640.0,22.0,84.0,24.0,早餐
法國吐司 (2.5份),800.0,27.5,105.0,30.0,早餐
法國吐司 (3份),960.0,33.0,126.0,36.0,早餐
法國吐司 (小碗),240.0,8.2,31.5,9.0,早餐
法國吐司 (中碗),320.0,11.0,42.0,12.0,早餐
法國吐司 (大碗),432.0,14.9,56.7,16.2,早餐
法國吐司 (小杯),240.0,8.2,31.5,9.0,早餐
法國吐司 (中杯),320.0,11.0,42.0,12.0,早餐
法國吐司 (大杯),448.0,15.4,58.8,16.8,早餐
法國吐司 (小盒),240.0,8.2,31.5,9.0,早餐
法國吐司 (中盒),320.0,11.0,42.0,12.0,早餐
法國吐司 (大盒),448.0,15.4,58.8,16.8,早餐
法國吐司 (100g),320.0,11.0,42.0,12.0,早餐
法國吐司 (150g),480.0,16.5,63.0,18.0,早餐
法國吐司 (200g),640.0,22.0,84.0,24.0,早餐
法國吐司 (250g),800.0,27.5,105.0,30.0,早餐
法國吐司 (300g),960.0,33.0,126.0,36.0,早餐
美式早餐盤 (半份),325.0,14.0,22.5,19.5,早餐
美式早餐盤 (小份),487.5,21.0,33.8,29.2,早餐
美式早餐盤 (1份),650.0,28.0,45.0,39.0,早餐
美式早餐盤 (1.25份),812.5,35.0,56.2,48.8,早餐
美式早餐盤 (1.5份),975.0,42.0,67.5,58.5,早餐
美式早餐盤 (2份),1300.0,56.0,90.0,78.0,早餐
美式早餐盤 (2.5份),1625.0,70.0,112.5,97.5,早餐
美式早餐盤 (3份),1950.0,84.0,135.0,117.0,早餐
美式早餐盤 (小碗),487.5,21.0,33.8,29.2,早餐
美式早餐盤 (中碗),650.0,28.0,45.0,39.0,早餐
美式早餐盤 (大碗),877.5,37.8,60.8,52.7,早餐
美式早餐盤 (小杯),487.5,21.0,33.8,29.2,早餐
美式早餐盤 (中杯),650.0,28.0,45.0,39.0,早餐
美式早餐盤 (大杯),910.0,39.2,63.0,54.6,早餐
美式早餐盤 (小盒),487.5,21.0,33.8,29.2,早餐
美式早餐盤 (中盒),650.0,28.0,45.0,39.0,早餐
美式早餐盤 (大盒),910.0,39.2,63.0,54.6,早餐
美式早餐盤 (100g),650.0,28.0,45.0,39.0,早餐
美式早餐盤 (150g),975.0,42.0,67.5,58.5,早餐
美式早餐盤 (200g),1300.0,56.0,90.0,78.0,早餐
美式早餐盤 (250g),1625.0,70.0,112.5,97.5,早餐
美式早餐盤 (300g),1950.0,84.0,135.0,117.0,早餐
燕麥粥 (半份),110.0,4.0,18.0,3.0,早餐
燕麥粥 (小份),165.0,6.0,27.0,4.5,早餐
燕麥粥 (1份),220.0,8.0,36.0,6.0,早餐
燕麥粥 (1.25份),275.0,10.0,45.0,7.5,早餐
燕麥粥 (1.5份),330.0,12.0,54.0,9.0,早餐
燕麥粥 (2份),440.0,16.0,72.0,12.0,早餐
燕麥粥 (2.5份),550.0,20.0,90.0,15.0,早餐
燕麥粥 (3份),660.0,24.0,108.0,18.0,早餐
燕麥粥 (小碗),165.0,6.0,27.0,4.5,早餐
燕麥粥 (中碗),220.0,8.0,36.0,6.0,早餐
燕麥粥 (大碗),297.0,10.8,48.6,8.1,早餐
燕麥粥 (小杯),165.0,6.0,27.0,4.5,早餐
燕麥粥 (中杯),220.0,8.0,36.0,6.0,早餐
燕麥粥 (大杯),308.0,11.2,50.4,8.4,早餐
燕麥粥 (小盒),165.0,6.0,27.0,4.5,早餐
燕麥粥 (中盒),220.0,8.0,36.0,6.0,早餐
燕麥粥 (大盒),308.0,11.2,50.4,8.4,早餐
燕麥粥 (100g),220.0,8.0,36.0,6.0,早餐
燕麥粥 (150g),330.0,12.0,54.0,9.0,早餐
燕麥粥 (200g),440.0,16.0,72.0,12.0,早餐
燕麥粥 (250g),550.0,20.0,90.0,15.0,早餐
燕麥粥 (300g),660.0,24.0,108.0,18.0,早餐
水果燕麥優格 (半份),140.0,6.0,21.5,3.5,早餐
水果燕麥優格 (小份),210.0,9.0,32.2,5.2,早餐
水果燕麥優格 (1份),280.0,12.0,43.0,7.0,早餐
水果燕麥優格 (1.25份),350.0,15.0,53.8,8.8,早餐
水果燕麥優格 (1.5份),420.0,18.0,64.5,10.5,早餐
水果燕麥優格 (2份),560.0,24.0,86.0,14.0,早餐
水果燕麥優格 (2.5份),700.0,30.0,107.5,17.5,早餐
水果燕麥優格 (3份),840.0,36.0,129.0,21.0,早餐
水果燕麥優格 (小碗),210.0,9.0,32.2,5.2,早餐
水果燕麥優格 (中碗),280.0,12.0,43.0,7.0,早餐
水果燕麥優格 (大碗),378.0,16.2,58.1,9.5,早餐
水果燕麥優格 (小杯),210.0,9.0,32.2,5.2,早餐
水果燕麥優格 (中杯),280.0,12.0,43.0,7.0,早餐
水果燕麥優格 (大杯),392.0,16.8,60.2,9.8,早餐
水果燕麥優格 (小盒),210.0,9.0,32.2,5.2,早餐
水果燕麥優格 (中盒),280.0,12.0,43.0,7.0,早餐
水果燕麥優格 (大盒),392.0,16.8,60.2,9.8,早餐
水果燕麥優格 (100g),280.0,12.0,43.0,7.0,早餐
水果燕麥優格 (150g),420.0,18.0,64.5,10.5,早餐
水果燕麥優格 (200g),560.0,24.0,86.0,14.0,早餐
水果燕麥優格 (250g),700.0,30.0,107.5,17.5,早餐
水果燕麥優格 (300g),840.0,36.0,129.0,21.0,早餐
優格 (半份),60.0,3.5,7.0,2.0,乳品
優格 (小份),90.0,5.2,10.5,3.0,乳品
優格 (1份),120.0,7.0,14.0,4.0,乳品
優格 (1.25份),150.0,8.8,17.5,5.0,乳品
優格 (1.5份),180.0,10.5,21.0,6.0,乳品
優格 (2份),240.0,14.0,28.0,8.0,乳品
優格 (2.5份),300.0,17.5,35.0,10.0,乳品
優格 (3份),360.0,21.0,42.0,12.0,乳品
優格 (小碗),90.0,5.2,10.5,3.0,乳品
優格 (中碗),120.0,7.0,14.0,4.0,乳品
優格 (大碗),162.0,9.5,18.9,5.4,乳品
優格 (小杯),90.0,5.2,10.5,3.0,乳品
優格 (中杯),120.0,7.0,14.0,4.0,乳品
優格 (大杯),168.0,9.8,19.6,5.6,乳品
優格 (小盒),90.0,5.2,10.5,3.0,乳品
優格 (中盒),120.0,7.0,14.0,4.0,乳品
優格 (大盒),168.0,9.8,19.6,5.6,乳品
優格 (100g),120.0,7.0,14.0,4.0,乳品
優格 (150g),180.0,10.5,21.0,6.0,乳品
優格 (200g),240.0,14.0,28.0,8.0,乳品
優格 (250g),300.0,17.5,35.0,10.0,乳品
優格 (300g),360.0,21.0,42.0,12.0,乳品
希臘優格 (半份),70.0,6.0,4.0,3.0,乳品
希臘優格 (小份),105.0,9.0,6.0,4.5,乳品
希臘優格 (1份),140.0,12.0,8.0,6.0,乳品
希臘優格 (1.25份),175.0,15.0,10.0,7.5,乳品
希臘優格 (1.5份),210.0,18.0,12.0,9.0,乳品
希臘優格 (2份),280.0,24.0,16.0,12.0,乳品
希臘優格 (2.5份),350.0,30.0,20.0,15.0,乳品
希臘優格 (3份),420.0,36.0,24.0,18.0,乳品
希臘優格 (小碗),105.0,9.0,6.0,4.5,乳品
希臘優格 (中碗),140.0,12.0,8.0,6.0,乳品
希臘優格 (大碗),189.0,16.2,10.8,8.1,乳品
希臘優格 (小杯),105.0,9.0,6.0,4.5,乳品
希臘優格 (中杯),140.0,12.0,8.0,6.0,乳品
希臘優格 (大杯),196.0,16.8,11.2,8.4,乳品
希臘優格 (小盒),105.0,9.0,6.0,4.5,乳品
希臘優格 (中盒),140.0,12.0,8.0,6.0,乳品
希臘優格 (大盒),196.0,16.8,11.2,8.4,乳品
希臘優格 (100g),140.0,12.0,8.0,6.0,乳品
希臘優格 (150g),210.0,18.0,12.0,9.0,乳品
希臘優格 (200g),280.0,24.0,16.0,12.0,乳品
希臘優格 (250g),350.0,30.0,20.0,15.0,乳品
希臘優格 (300g),420.0,36.0,24.0,18.0,乳品
低脂鮮奶 (半份),52.5,4.0,6.0,1.5,乳品
低脂鮮奶 (小份),78.8,6.0,9.0,2.2,乳品
低脂鮮奶 (1份),105.0,8.0,12.0,3.0,乳品
低脂鮮奶 (1.25份),131.2,10.0,15.0,3.8,乳品
低脂鮮奶 (1.5份),157.5,12.0,18.0,4.5,乳品
低脂鮮奶 (2份),210.0,16.0,24.0,6.0,乳品
低脂鮮奶 (2.5份),262.5,20.0,30.0,7.5,乳品
低脂鮮奶 (3份),315.0,24.0,36.0,9.0,乳品
低脂鮮奶 (小碗),78.8,6.0,9.0,2.2,乳品
低脂鮮奶 (中碗),105.0,8.0,12.0,3.0,乳品
低脂鮮奶 (大碗),141.8,10.8,16.2,4.1,乳品
低脂鮮奶 (小杯),78.8,6.0,9.0,2.2,乳品
低脂鮮奶 (中杯),105.0,8.0,12.0,3.0,乳品
低脂鮮奶 (大杯),147.0,11.2,16.8,4.2,乳品
低脂鮮奶 (小盒),78.8,6.0,9.0,2.2,乳品
低脂鮮奶 (中盒),105.0,8.0,12.0,3.0,乳品
低脂鮮奶 (大盒),147.0,11.2,16.8,4.2,乳品
低脂鮮奶 (100g),105.0,8.0,12.0,3.0,乳品
低脂鮮奶 (150g),157.5,12.0,18.0,4.5,乳品
低脂鮮奶 (200g),210.0,16.0,24.0,6.0,乳品
低脂鮮奶 (250g),262.5,20.0,30.0,7.5,乳品
低脂鮮奶 (300g),315.0,24.0,36.0,9.0,乳品
全脂鮮奶 (半份),75.0,4.0,6.0,4.0,乳品
全脂鮮奶 (小份),112.5,6.0,9.0,6.0,乳品
全脂鮮奶 (1份),150.0,8.0,12.0,8.0,乳品
全脂鮮奶 (1.25份),187.5,10.0,15.0,10.0,乳品
全脂鮮奶 (1.5份),225.0,12.0,18.0,12.0,乳品
全脂鮮奶 (2份),300.0,16.0,24.0,16.0,乳品
全脂鮮奶 (2.5份),375.0,20.0,30.0,20.0,乳品
全脂鮮奶 (3份),450.0,24.0,36.0,24.0,乳品
全脂鮮奶 (小碗),112.5,6.0,9.0,6.0,乳品
全脂鮮奶 (中碗),150.0,8.0,12.0,8.0,乳品
全脂鮮奶 (大碗),202.5,10.8,16.2,10.8,乳品
全脂鮮奶 (小杯),112.5,6.0,9.0,6.0,乳品
全脂鮮奶 (中杯),150.0,8.0,12.0,8.0,乳品
全脂鮮奶 (大杯),210.0,11.2,16.8,11.2,乳品
全脂鮮奶 (小盒),112.5,6.0,9.0,6.0,乳品
全脂鮮奶 (中盒),150.0,8.0,12.0,8.0,乳品
全脂鮮奶 (大盒),210.0,11.2,16.8,11.2,乳品
全脂鮮奶 (100g),150.0,8.0,12.0,8.0,乳品
全脂鮮奶 (150g),225.0,12.0,18.0,12.0,乳品
全脂鮮奶 (200g),300.0,16.0,24.0,16.0,乳品
全脂鮮奶 (250g),375.0,20.0,30.0,20.0,乳品
全脂鮮奶 (300g),450.0,24.0,36.0,24.0,乳品
無糖優格 (半份),47.5,4.5,3.0,2.0,乳品
無糖優格 (小份),71.2,6.8,4.5,3.0,乳品
無糖優格 (1份),95.0,9.0,6.0,4.0,乳品
無糖優格 (1.25份),118.8,11.2,7.5,5.0,乳品
無糖優格 (1.5份),142.5,13.5,9.0,6.0,乳品
無糖優格 (2份),190.0,18.0,12.0,8.0,乳品
無糖優格 (2.5份),237.5,22.5,15.0,10.0,乳品
無糖優格 (3份),285.0,27.0,18.0,12.0,乳品
無糖優格 (小碗),71.2,6.8,4.5,3.0,乳品
無糖優格 (中碗),95.0,9.0,6.0,4.0,乳品
無糖優格 (大碗),128.2,12.2,8.1,5.4,乳品
無糖優格 (小杯),71.2,6.8,4.5,3.0,乳品
無糖優格 (中杯),95.0,9.0,6.0,4.0,乳品
無糖優格 (大杯),133.0,12.6,8.4,5.6,乳品
無糖優格 (小盒),71.2,6.8,4.5,3.0,乳品
無糖優格 (中盒),95.0,9.0,6.0,4.0,乳品
無糖優格 (大盒),133.0,12.6,8.4,5.6,乳品
無糖優格 (100g),95.0,9.0,6.0,4.0,乳品
無糖優格 (150g),142.5,13.5,9.0,6.0,乳品
無糖優格 (200g),190.0,18.0,12.0,8.0,乳品
無糖優格 (250g),237.5,22.5,15.0,10.0,乳品
無糖優格 (300g),285.0,27.0,18.0,12.0,乳品
豆漿 (半份),85.0,6.0,5.0,3.5,飲品
豆漿 (小份),127.5,9.0,7.5,5.2,飲品
豆漿 (1份),170.0,12.0,10.0,7.0,飲品
豆漿 (1.25份),212.5,15.0,12.5,8.8,飲品
豆漿 (1.5份),255.0,18.0,15.0,10.5,飲品
豆漿 (2份),340.0,24.0,20.0,14.0,飲品
豆漿 (2.5份),425.0,30.0,25.0,17.5,飲品
豆漿 (3份),510.0,36.0,30.0,21.0,飲品
豆漿 (小碗),127.5,9.0,7.5,5.2,飲品
豆漿 (中碗),170.0,12.0,10.0,7.0,飲品
豆漿 (大碗),229.5,16.2,13.5,9.5,飲品
豆漿 (小杯),127.5,9.0,7.5,5.2,飲品
豆漿 (中杯),170.0,12.0,10.0,7.0,飲品
豆漿 (大杯),238.0,16.8,14.0,9.8,飲品
豆漿 (小盒),127.5,9.0,7.5,5.2,飲品
豆漿 (中盒),170.0,12.0,10.0,7.0,飲品
豆漿 (大盒),238.0,16.8,14.0,9.8,飲品
豆漿 (100g),170.0,12.0,10.0,7.0,飲品
豆漿 (150g),255.0,18.0,15.0,10.5,飲品
豆漿 (200g),340.0,24.0,20.0,14.0,飲品
豆漿 (250g),425.0,30.0,25.0,17.5,飲品
豆漿 (300g),510.0,36.0,30.0,21.0,飲品
黑豆漿 (半份),90.0,6.5,5.0,3.5,飲品
黑豆漿 (小份),135.0,9.8,7.5,5.2,飲品
黑豆漿 (1份),180.0,13.0,10.0,7.0,飲品
黑豆漿 (1.25份),225.0,16.2,12.5,8.8,飲品
黑豆漿 (1.5份),270.0,19.5,15.0,10.5,飲品
黑豆漿 (2份),360.0,26.0,20.0,14.0,飲品
黑豆漿 (2.5份),450.0,32.5,25.0,17.5,飲品
黑豆漿 (3份),540.0,39.0,30.0,21.0,飲品
黑豆漿 (小碗),135.0,9.8,7.5,5.2,飲品
黑豆漿 (中碗),180.0,13.0,10.0,7.0,飲品
黑豆漿 (大碗),243.0,17.6,13.5,9.5,飲品
黑豆漿 (小杯),135.0,9.8,7.5,5.2,飲品
黑豆漿 (中杯),180.0,13.0,10.0,7.0,飲品
黑豆漿 (大杯),252.0,18.2,14.0,9.8,飲品
黑豆漿 (小盒),135.0,9.8,7.5,5.2,飲品
黑豆漿 (中盒),180.0,13.0,10.0,7.0,飲品
黑豆漿 (大盒),252.0,18.2,14.0,9.8,飲品
黑豆漿 (100g),180.0,13.0,10.0,7.0,飲品
黑豆漿 (150g),270.0,19.5,15.0,10.5,飲品
黑豆漿 (200g),360.0,26.0,20.0,14.0,飲品
黑豆漿 (250g),450.0,32.5,25.0,17.5,飲品
黑豆漿 (300g),540.0,39.0,30.0,21.0,飲品
燕麥奶 (半份),60.0,1.5,8.0,2.5,飲品
燕麥奶 (小份),90.0,2.2,12.0,3.8,飲品
燕麥奶 (1份),120.0,3.0,16.0,5.0,飲品
燕麥奶 (1.25份),150.0,3.8,20.0,6.2,飲品
燕麥奶 (1.5份),180.0,4.5,24.0,7.5,飲品
燕麥奶 (2份),240.0,6.0,32.0,10.0,飲品
燕麥奶 (2.5份),300.0,7.5,40.0,12.5,飲品
燕麥奶 (3份),360.0,9.0,48.0,15.0,飲品
燕麥奶 (小碗),90.0,2.2,12.0,3.8,飲品
燕麥奶 (中碗),120.0,3.0,16.0,5.0,飲品
燕麥奶 (大碗),162.0,4.1,21.6,6.8,飲品
燕麥奶 (小杯),90.0,2.2,12.0,3.8,飲品
燕麥奶 (中杯),120.0,3.0,16.0,5.0,飲品
燕麥奶 (大杯),168.0,4.2,22.4,7.0,飲品
燕麥奶 (小盒),90.0,2.2,12.0,3.8,飲品
燕麥奶 (中盒),120.0,3.0,16.0,5.0,飲品
燕麥奶 (大盒),168.0,4.2,22.4,7.0,飲品
燕麥奶 (100g),120.0,3.0,16.0,5.0,飲品
燕麥奶 (150g),180.0,4.5,24.0,7.5,飲品
燕麥奶 (200g),240.0,6.0,32.0,10.0,飲品
燕麥奶 (250g),300.0,7.5,40.0,12.5,飲品
燕麥奶 (300g),360.0,9.0,48.0,15.0,飲品
杏仁奶 (半份),20.0,0.5,1.0,1.5,飲品
杏仁奶 (小份),30.0,0.8,1.5,2.2,飲品
杏仁奶 (1份),40.0,1.0,2.0,3.0,飲品
杏仁奶 (1.25份),50.0,1.2,2.5,3.8,飲品
杏仁奶 (1.5份),60.0,1.5,3.0,4.5,飲品
杏仁奶 (2份),80.0,2.0,4.0,6.0,飲品
杏仁奶 (2.5份),100.0,2.5,5.0,7.5,飲品
杏仁奶 (3份),120.0,3.0,6.0,9.0,飲品
杏仁奶 (小碗),30.0,0.8,1.5,2.2,飲品
杏仁奶 (中碗),40.0,1.0,2.0,3.0,飲品
杏仁奶 (大碗),54.0,1.4,2.7,4.1,飲品
杏仁奶 (小杯),30.0,0.8,1.5,2.2,飲品
杏仁奶 (中杯),40.0,1.0,2.0,3.0,飲品
杏仁奶 (大杯),56.0,1.4,2.8,4.2,飲品
杏仁奶 (小盒),30.0,0.8,1.5,2.2,飲品
杏仁奶 (中盒),40.0,1.0,2.0,3.0,飲品
杏仁奶 (大盒),56.0,1.4,2.8,4.2,飲品
杏仁奶 (100g),40.0,1.0,2.0,3.0,飲品
杏仁奶 (150g),60.0,1.5,3.0,4.5,飲品
杏仁奶 (200g),80.0,2.0,4.0,6.0,飲品
杏仁奶 (250g),100.0,2.5,5.0,7.5,飲品
杏仁奶 (300g),120.0,3.0,6.0,9.0,飲品
綠豆漿 (半份),95.0,5.5,12.5,2.5,飲品
綠豆漿 (小份),142.5,8.2,18.8,3.8,飲品
綠豆漿 (1份),190.0,11.0,25.0,5.0,飲品
綠豆漿 (1.25份),237.5,13.8,31.2,6.2,飲品
綠豆漿 (1.5份),285.0,16.5,37.5,7.5,飲品
綠豆漿 (2份),380.0,22.0,50.0,10.0,飲品
綠豆漿 (2.5份),475.0,27.5,62.5,12.5,飲品
綠豆漿 (3份),570.0,33.0,75.0,15.0,飲品
綠豆漿 (小碗),142.5,8.2,18.8,3.8,飲品
綠豆漿 (中碗),190.0,11.0,25.0,5.0,飲品
綠豆漿 (大碗),256.5,14.9,33.8,6.8,飲品
綠豆漿 (小杯),142.5,8.2,18.8,3.8,飲品
綠豆漿 (中杯),190.0,11.0,25.0,5.0,飲品
綠豆漿 (大杯),266.0,15.4,35.0,7.0,飲品
綠豆漿 (小盒),142.5,8.2,18.8,3.8,飲品
綠豆漿 (中盒),190.0,11.0,25.0,5.0,飲品
綠豆漿 (大盒),266.0,15.4,35.0,7.0,飲品
綠豆漿 (100g),190.0,11.0,25.0,5.0,飲品
綠豆漿 (150g),285.0,16.5,37.5,7.5,飲品
綠豆漿 (200g),380.0,22.0,50.0,10.0,飲品
綠豆漿 (250g),475.0,27.5,62.5,12.5,飲品
綠豆漿 (300g),570.0,33.0,75.0,15.0,飲品
紅茶 (半份),2.5,0.0,0.5,0.0,飲品
紅茶 (小份),3.8,0.0,0.8,0.0,飲品
紅茶 (1份),5.0,0.0,1.0,0.0,飲品
紅茶 (1.25份),6.2,0.0,1.2,0.0,飲品
紅茶 (1.5份),7.5,0.0,1.5,0.0,飲品
紅茶 (2份),10.0,0.0,2.0,0.0,飲品
紅茶 (2.5份),12.5,0.0,2.5,0.0,飲品
紅茶 (3份),15.0,0.0,3.0,0.0,飲品
紅茶 (小碗),3.8,0.0,0.8,0.0,飲品
紅茶 (中碗),5.0,0.0,1.0,0.0,飲品
紅茶 (大碗),6.8,0.0,1.4,0.0,飲品
紅茶 (小杯),3.8,0.0,0.8,0.0,飲品
紅茶 (中杯),5.0,0.0,1.0,0.0,飲品
紅茶 (大杯),7.0,0.0,1.4,0.0,飲品
紅茶 (小盒),3.8,0.0,0.8,0.0,飲品
紅茶 (中盒),5.0,0.0,1.0,0.0,飲品
紅茶 (大盒),7.0,0.0,1.4,0.0,飲品
紅茶 (100g),5.0,0.0,1.0,0.0,飲品
紅茶 (150g),7.5,0.0,1.5,0.0,飲品
紅茶 (200g),10.0,0.0,2.0,0.0,飲品
紅茶 (250g),12.5,0.0,2.5,0.0,飲品
紅茶 (300g),15.0,0.0,3.0,0.0,飲品
綠茶 (半份),1.0,0.0,0.0,0.0,飲品
綠茶 (小份),1.5,0.0,0.0,0.0,飲品
綠茶 (1份),2.0,0.0,0.0,0.0,飲品
綠茶 (1.25份),2.5,0.0,0.0,0.0,飲品
綠茶 (1.5份),3.0,0.0,0.0,0.0,飲品
綠茶 (2份),4.0,0.0,0.0,0.0,飲品
綠茶 (2.5份),5.0,0.0,0.0,0.0,飲品
綠茶 (3份),6.0,0.0,0.0,0.0,飲品
綠茶 (小碗),1.5,0.0,0.0,0.0,飲品
綠茶 (中碗),2.0,0.0,0.0,0.0,飲品
綠茶 (大碗),2.7,0.0,0.0,0.0,飲品
綠茶 (小杯),1.5,0.0,0.0,0.0,飲品
綠茶 (中杯),2.0,0.0,0.0,0.0,飲品
綠茶 (大杯),2.8,0.0,0.0,0.0,飲品
綠茶 (小盒),1.5,0.0,0.0,0.0,飲品
綠茶 (中盒),2.0,0.0,0.0,0.0,飲品
綠茶 (大盒),2.8,0.0,0.0,0.0,飲品
綠茶 (100g),2.0,0.0,0.0,0.0,飲品
綠茶 (150g),3.0,0.0,0.0,0.0,飲品
綠茶 (200g),4.0,0.0,0.0,0.0,飲品
綠茶 (250g),5.0,0.0,0.0,0.0,飲品
綠茶 (300g),6.0,0.0,0.0,0.0,飲品
烏龍茶 (半份),1.0,0.0,0.0,0.0,飲品
烏龍茶 (小份),1.5,0.0,0.0,0.0,飲品
烏龍茶 (1份),2.0,0.0,0.0,0.0,飲品
烏龍茶 (1.25份),2.5,0.0,0.0,0.0,飲品
烏龍茶 (1.5份),3.0,0.0,0.0,0.0,飲品
烏龍茶 (2份),4.0,0.0,0.0,0.0,飲品
烏龍茶 (2.5份),5.0,0.0,0.0,0.0,飲品
烏龍茶 (3份),6.0,0.0,0.0,0.0,飲品
烏龍茶 (小碗),1.5,0.0,0.0,0.0,飲品
烏龍茶 (中碗),2.0,0.0,0.0,0.0,飲品
烏龍茶 (大碗),2.7,0.0,0.0,0.0,飲品
烏龍茶 (小杯),1.5,0.0,0.0,0.0,飲品
烏龍茶 (中杯),2.0,0.0,0.0,0.0,飲品
烏龍茶 (大杯),2.8,0.0,0.0,0.0,飲品
烏龍茶 (小盒),1.5,0.0,0.0,0.0,飲品
烏龍茶 (中盒),2.0,0.0,0.0,0.0,飲品
烏龍茶 (大盒),2.8,0.0,0.0,0.0,飲品
烏龍茶 (100g),2.0,0.0,0.0,0.0,飲品
烏龍茶 (150g),3.0,0.0,0.0,0.0,飲品
烏龍茶 (200g),4.0,0.0,0.0,0.0,飲品
烏龍茶 (250g),5.0,0.0,0.0,0.0,飲品
烏龍茶 (300g),6.0,0.0,0.0,0.0,飲品
無糖綠茶 (半份),1.0,0.0,0.0,0.0,飲品
無糖綠茶 (小份),1.5,0.0,0.0,0.0,飲品
無糖綠茶 (1份),2.0,0.0,0.0,0.0,飲品
無糖綠茶 (1.25份),2.5,0.0,0.0,0.0,飲品
無糖綠茶 (1.5份),3.0,0.0,0.0,0.0,飲品
無糖綠茶 (2份),4.0,0.0,0.0,0.0,飲品
無糖綠茶 (2.5份),5.0,0.0,0.0,0.0,飲品
無糖綠茶 (3份),6.0,0.0,0.0,0.0,飲品
無糖綠茶 (小碗),1.5,0.0,0.0,0.0,飲品
無糖綠茶 (中碗),2.0,0.0,0.0,0.0,飲品
無糖綠茶 (大碗),2.7,0.0,0.0,0.0,飲品
無糖綠茶 (小杯),1.5,0.0,0.0,0.0,飲品
無糖綠茶 (中杯),2.0,0.0,0.0,0.0,飲品
無糖綠茶 (大杯),2.8,0.0,0.0,0.0,飲品
無糖綠茶 (小盒),1.5,0.0,0.0,0.0,飲品
無糖綠茶 (中盒),2.0,0.0,0.0,0.0,飲品
無糖綠茶 (大盒),2.8,0.0,0.0,0.0,飲品
無糖綠茶 (100g),2.0,0.0,0.0,0.0,飲品
無糖綠茶 (150g),3.0,0.0,0.0,0.0,飲品
無糖綠茶 (200g),4.0,0.0,0.0,0.0,飲品
無糖綠茶 (250g),5.0,0.0,0.0,0.0,飲品
無糖綠茶 (300g),6.0,0.0,0.0,0.0,飲品
檸檬紅茶 (半份),50.0,0.0,12.5,0.0,飲品
檸檬紅茶 (小份),75.0,0.0,18.8,0.0,飲品
檸檬紅茶 (1份),100.0,0.0,25.0,0.0,飲品
檸檬紅茶 (1.25份),125.0,0.0,31.2,0.0,飲品
檸檬紅茶 (1.5份),150.0,0.0,37.5,0.0,飲品
檸檬紅茶 (2份),200.0,0.0,50.0,0.0,飲品
檸檬紅茶 (2.5份),250.0,0.0,62.5,0.0,飲品
檸檬紅茶 (3份),300.0,0.0,75.0,0.0,飲品
檸檬紅茶 (小碗),75.0,0.0,18.8,0.0,飲品
檸檬紅茶 (中碗),100.0,0.0,25.0,0.0,飲品
檸檬紅茶 (大碗),135.0,0.0,33.8,0.0,飲品
檸檬紅茶 (小杯),75.0,0.0,18.8,0.0,飲品
檸檬紅茶 (中杯),100.0,0.0,25.0,0.0,飲品
檸檬紅茶 (大杯),140.0,0.0,35.0,0.0,飲品
檸檬紅茶 (小盒),75.0,0.0,18.8,0.0,飲品
檸檬紅茶 (中盒),100.0,0.0,25.0,0.0,飲品
檸檬紅茶 (大盒),140.0,0.0,35.0,0.0,飲品
檸檬紅茶 (100g),100.0,0.0,25.0,0.0,飲品
檸檬紅茶 (150g),150.0,0.0,37.5,0.0,飲品
檸檬紅茶 (200g),200.0,0.0,50.0,0.0,飲品
檸檬紅茶 (250g),250.0,0.0,62.5,0.0,飲品
檸檬紅茶 (300g),300.0,0.0,75.0,0.0,飲品
可樂 (半份),70.0,0.0,19.5,0.0,飲品
可樂 (小份),105.0,0.0,29.2,0.0,飲品
可樂 (1份),140.0,0.0,39.0,0.0,飲品
可樂 (1.25份),175.0,0.0,48.8,0.0,飲品
可樂 (1.5份),210.0,0.0,58.5,0.0,飲品
可樂 (2份),280.0,0.0,78.0,0.0,飲品
可樂 (2.5份),350.0,0.0,97.5,0.0,飲品
可樂 (3份),420.0,0.0,117.0,0.0,飲品
可樂 (小碗),105.0,0.0,29.2,0.0,飲品
可樂 (中碗),140.0,0.0,39.0,0.0,飲品
可樂 (大碗),189.0,0.0,52.7,0.0,飲品
可樂 (小杯),105.0,0.0,29.2,0.0,飲品
可樂 (中杯),140.0,0.0,39.0,0.0,飲品
可樂 (大杯),196.0,0.0,54.6,0.0,飲品
可樂 (小盒),105.0,0.0,29.2,0.0,飲品
可樂 (中盒),140.0,0.0,39.0,0.0,飲品
可樂 (大盒),196.0,0.0,54.6,0.0,飲品
可樂 (100g),140.0,0.0,39.0,0.0,飲品
可樂 (150g),210.0,0.0,58.5,0.0,飲品
可樂 (200g),280.0,0.0,78.0,0.0,飲品
可樂 (250g),350.0,0.0,97.5,0.0,飲品
可樂 (300g),420.0,0.0,117.0,0.0,飲品
汽水 (半份),70.0,0.0,19.5,0.0,飲品
汽水 (小份),105.0,0.0,29.2,0.0,飲品
汽水 (1份),140.0,0.0,39.0,0.0,飲品
汽水 (1.25份),175.0,0.0,48.8,0.0,飲品
汽水 (1.5份),210.0,0.0,58.5,0.0,飲品
汽水 (2份),280.0,0.0,78.0,0.0,飲品
汽水 (2.5份),350.0,0.0,97.5,0.0,飲品
汽水 (3份),420.0,0.0,117.0,0.0,飲品
汽水 (小碗),105.0,0.0,29.2,0.0,飲品
汽水 (中碗),140.0,0.0,39.0,0.0,飲品
汽水 (大碗),189.0,0.0,52.7,0.0,飲品
汽水 (小杯),105.0,0.0,29.2,0.0,飲品
汽水 (中杯),140.0,0.0,39.0,0.0,飲品
汽水 (大杯),196.0,0.0,54.6,0.0,飲品
汽水 (小盒),105.0,0.0,29.2,0.0,飲品
汽水 (中盒),140.0,0.0,39.0,0.0,飲品
汽水 (大盒),196.0,0.0,54.6,0.0,飲品
汽水 (100g),140.0,0.0,39.0,0.0,飲品
汽水 (150g),210.0,0.0,58.5,0.0,飲品
汽水 (200g),280.0,0.0,78.0,0.0,飲品
汽水 (250g),350.0,0.0,97.5,0.0,飲品
汽水 (300g),420.0,0.0,117.0,0.0,飲品
運動飲料 (半份),60.0,0.0,15.0,0.0,飲品
運動飲料 (小份),90.0,0.0,22.5,0.0,飲品
運動飲料 (1份),120.0,0.0,30.0,0.0,飲品
運動飲料 (1.25份),150.0,0.0,37.5,0.0,飲品
運動飲料 (1.5份),180.0,0.0,45.0,0.0,飲品
運動飲料 (2份),240.0,0.0,60.0,0.0,飲品
運動飲料 (2.5份),300.0,0.0,75.0,0.0,飲品
運動飲料 (3份),360.0,0.0,90.0,0.0,飲品
運動飲料 (小碗),90.0,0.0,22.5,0.0,飲品
運動飲料 (中碗),120.0,0.0,30.0,0.0,飲品
運動飲料 (大碗),162.0,0.0,40.5,0.0,飲品
運動飲料 (小杯),90.0,0.0,22.5,0.0,飲品
運動飲料 (中杯),120.0,0.0,30.0,0.0,飲品
運動飲料 (大杯),168.0,0.0,42.0,0.0,飲品
運動飲料 (小盒),90.0,0.0,22.5,0.0,飲品
運動飲料 (中盒),120.0,0.0,30.0,0.0,飲品
運動飲料 (大盒),168.0,0.0,42.0,0.0,飲品
運動飲料 (100g),120.0,0.0,30.0,0.0,飲品
運動飲料 (150g),180.0,0.0,45.0,0.0,飲品
運動飲料 (200g),240.0,0.0,60.0,0.0,飲品
運動飲料 (250g),300.0,0.0,75.0,0.0,飲品
運動飲料 (300g),360.0,0.0,90.0,0.0,飲品
無糖氣泡水 (半份),0.0,0.0,0.0,0.0,飲品
無糖氣泡水 (小份),0.0,0.0,0.0,0.0,飲品
無糖氣泡水 (1份),0.0,0.0,0.0,0.0,飲品
無糖氣泡水 (1.25份),0.0,0.0,0.0,0.0,飲品
無糖氣泡水 (1.5份),0.0,0.0,0.0,0.0,飲品
無糖氣泡水 (2份),0.0,0.0,0.0,0.0,飲品
無糖氣泡水 (2.5份),0.0,0.0,0.0,0.0,飲品
無糖氣泡水 (3份),0.0,0.0,0.0,0.0,飲品
無糖氣泡水 (小碗),0.0,0.0,0.0,0.0,飲品
無糖氣泡水 (中碗),0.0,0.0,0.0,0.0,飲品
無糖氣泡水 (大碗),0.0,0.0,0.0,0.0,飲品
無糖氣泡水 (小杯),0.0,0.0,0.0,0.0,飲品
無糖氣泡水 (中杯),0.0,0.0,0.0,0.0,飲品
無糖氣泡水 (大杯),0.0,0.0,0.0,0.0,飲品
無糖氣泡水 (小盒),0.0,0.0,0.0,0.0,飲品
無糖氣泡水 (中盒),0.0,0.0,0.0,0.0,飲品
無糖氣泡水 (大盒),0.0,0.0,0.0,0.0,飲品
無糖氣泡水 (100g),0.0,0.0,0.0,0.0,飲品
無糖氣泡水 (150g),0.0,0.0,0.0,0.0,飲品
無糖氣泡水 (200g),0.0,0.0,0.0,0.0,飲品
無糖氣泡水 (250g),0.0,0.0,0.0,0.0,飲品
無糖氣泡水 (300g),0.0,0.0,0.0,0.0,飲品
巧克力牛奶 (半份),95.0,3.5,15.0,2.5,飲品
巧克力牛奶 (小份),142.5,5.2,22.5,3.8,飲品
巧克力牛奶 (1份),190.0,7.0,30.0,5.0,飲品
巧克力牛奶 (1.25份),237.5,8.8,37.5,6.2,飲品
巧克力牛奶 (1.5份),285.0,10.5,45.0,7.5,飲品
巧克力牛奶 (2份),380.0,14.0,60.0,10.0,飲品
巧克力牛奶 (2.5份),475.0,17.5,75.0,12.5,飲品
巧克力牛奶 (3份),570.0,21.0,90.0,15.0,飲品
巧克力牛奶 (小碗),142.5,5.2,22.5,3.8,飲品
巧克力牛奶 (中碗),190.0,7.0,30.0,5.0,飲品
巧克力牛奶 (大碗),256.5,9.5,40.5,6.8,飲品
巧克力牛奶 (小杯),142.5,5.2,22.5,3.8,飲品
巧克力牛奶 (中杯),190.0,7.0,30.0,5.0,飲品
巧克力牛奶 (大杯),266.0,9.8,42.0,7.0,飲品
巧克力牛奶 (小盒),142.5,5.2,22.5,3.8,飲品
巧克力牛奶 (中盒),190.0,7.0,30.0,5.0,飲品
巧克力牛奶 (大盒),266.0,9.8,42.0,7.0,飲品
巧克力牛奶 (100g),190.0,7.0,30.0,5.0,飲品
巧克力牛奶 (150g),285.0,10.5,45.0,7.5,飲品
巧克力牛奶 (200g),380.0,14.0,60.0,10.0,飲品
巧克力牛奶 (250g),475.0,17.5,75.0,12.5,飲品
巧克力牛奶 (300g),570.0,21.0,90.0,15.0,飲品
香蕉牛奶 (半份),105.0,3.5,17.0,2.5,飲品
香蕉牛奶 (小份),157.5,5.2,25.5,3.8,飲品
香蕉牛奶 (1份),210.0,7.0,34.0,5.0,飲品
香蕉牛奶 (1.25份),262.5,8.8,42.5,6.2,飲品
香蕉牛奶 (1.5份),315.0,10.5,51.0,7.5,飲品
香蕉牛奶 (2份),420.0,14.0,68.0,10.0,飲品
香蕉牛奶 (2.5份),525.0,17.5,85.0,12.5,飲品
香蕉牛奶 (3份),630.0,21.0,102.0,15.0,飲品
香蕉牛奶 (小碗),157.5,5.2,25.5,3.8,飲品
香蕉牛奶 (中碗),210.0,7.0,34.0,5.0,飲品
香蕉牛奶 (大碗),283.5,9.5,45.9,6.8,飲品
香蕉牛奶 (小杯),157.5,5.2,25.5,3.8,飲品
香蕉牛奶 (中杯),210.0,7.0,34.0,5.0,飲品
香蕉牛奶 (大杯),294.0,9.8,47.6,7.0,飲品
香蕉牛奶 (小盒),157.5,5.2,25.5,3.8,飲品
香蕉牛奶 (中盒),210.0,7.0,34.0,5.0,飲品
香蕉牛奶 (大盒),294.0,9.8,47.6,7.0,飲品
香蕉牛奶 (100g),210.0,7.0,34.0,5.0,飲品
香蕉牛奶 (150g),315.0,10.5,51.0,7.5,飲品
香蕉牛奶 (200g),420.0,14.0,68.0,10.0,飲品
香蕉牛奶 (250g),525.0,17.5,85.0,12.5,飲品
香蕉牛奶 (300g),630.0,21.0,102.0,15.0,飲品
抹茶拿鐵 (半份),110.0,3.5,13.5,4.5,飲品
抹茶拿鐵 (小份),165.0,5.2,20.2,6.8,飲品
抹茶拿鐵 (1份),220.0,7.0,27.0,9.0,飲品
抹茶拿鐵 (1.25份),275.0,8.8,33.8,11.2,飲品
抹茶拿鐵 (1.5份),330.0,10.5,40.5,13.5,飲品
抹茶拿鐵 (2份),440.0,14.0,54.0,18.0,飲品
抹茶拿鐵 (2.5份),550.0,17.5,67.5,22.5,飲品
抹茶拿鐵 (3份),660.0,21.0,81.0,27.0,飲品
抹茶拿鐵 (小碗),165.0,5.2,20.2,6.8,飲品
抹茶拿鐵 (中碗),220.0,7.0,27.0,9.0,飲品
抹茶拿鐵 (大碗),297.0,9.5,36.5,12.2,飲品
抹茶拿鐵 (小杯),165.0,5.2,20.2,6.8,飲品
抹茶拿鐵 (中杯),220.0,7.0,27.0,9.0,飲品
抹茶拿鐵 (大杯),308.0,9.8,37.8,12.6,飲品
抹茶拿鐵 (小盒),165.0,5.2,20.2,6.8,飲品
抹茶拿鐵 (中盒),220.0,7.0,27.0,9.0,飲品
抹茶拿鐵 (大盒),308.0,9.8,37.8,12.6,飲品
抹茶拿鐵 (100g),220.0,7.0,27.0,9.0,飲品
抹茶拿鐵 (150g),330.0,10.5,40.5,13.5,飲品
抹茶拿鐵 (200g),440.0,14.0,54.0,18.0,飲品
抹茶拿鐵 (250g),550.0,17.5,67.5,22.5,飲品
抹茶拿鐵 (300g),660.0,21.0,81.0,27.0,飲品
摩卡 (半份),130.0,4.0,16.0,5.5,飲品
摩卡 (小份),195.0,6.0,24.0,8.2,飲品
摩卡 (1份),260.0,8.0,32.0,11.0,飲品
摩卡 (1.25份),325.0,10.0,40.0,13.8,飲品
摩卡 (1.5份),390.0,12.0,48.0,16.5,飲品
摩卡 (2份),520.0,16.0,64.0,22.0,飲品
摩卡 (2.5份),650.0,20.0,80.0,27.5,飲品
摩卡 (3份),780.0,24.0,96.0,33.0,飲品
摩卡 (小碗),195.0,6.0,24.0,8.2,飲品
摩卡 (中碗),260.0,8.0,32.0,11.0,飲品
摩卡 (大碗),351.0,10.8,43.2,14.9,飲品
摩卡 (小杯),195.0,6.0,24.0,8.2,飲品
摩卡 (中杯),260.0,8.0,32.0,11.0,飲品
摩卡 (大杯),364.0,11.2,44.8,15.4,飲品
摩卡 (小盒),195.0,6.0,24.0,8.2,飲品
摩卡 (中盒),260.0,8.0,32.0,11.0,飲品
摩卡 (大盒),364.0,11.2,44.8,15.4,飲品
摩卡 (100g),260.0,8.0,32.0,11.0,飲品
摩卡 (150g),390.0,12.0,48.0,16.5,飲品
摩卡 (200g),520.0,16.0,64.0,22.0,飲品
摩卡 (250g),650.0,20.0,80.0,27.5,飲品
摩卡 (300g),780.0,24.0,96.0,33.0,飲品
卡布奇諾 (半份),60.0,3.0,5.0,3.0,飲品
卡布奇諾 (小份),90.0,4.5,7.5,4.5,飲品
卡布奇諾 (1份),120.0,6.0,10.0,6.0,飲品
卡布奇諾 (1.25份),150.0,7.5,12.5,7.5,飲品
卡布奇諾 (1.5份),180.0,9.0,15.0,9.0,飲品
卡布奇諾 (2份),240.0,12.0,20.0,12.0,飲品
卡布奇諾 (2.5份),300.0,15.0,25.0,15.0,飲品
卡布奇諾 (3份),360.0,18.0,30.0,18.0,飲品
卡布奇諾 (小碗),90.0,4.5,7.5,4.5,飲品
卡布奇諾 (中碗),120.0,6.0,10.0,6.0,飲品
卡布奇諾 (大碗),162.0,8.1,13.5,8.1,飲品
卡布奇諾 (小杯),90.0,4.5,7.5,4.5,飲品
卡布奇諾 (中杯),120.0,6.0,10.0,6.0,飲品
卡布奇諾 (大杯),168.0,8.4,14.0,8.4,飲品
卡布奇諾 (小盒),90.0,4.5,7.5,4.5,飲品
卡布奇諾 (中盒),120.0,6.0,10.0,6.0,飲品
卡布奇諾 (大盒),168.0,8.4,14.0,8.4,飲品
卡布奇諾 (100g),120.0,6.0,10.0,6.0,飲品
卡布奇諾 (150g),180.0,9.0,15.0,9.0,飲品
卡布奇諾 (200g),240.0,12.0,20.0,12.0,飲品
卡布奇諾 (250g),300.0,15.0,25.0,15.0,飲品
卡布奇諾 (300g),360.0,18.0,30.0,18.0,飲品
焦糖瑪奇朵 (半份),125.0,3.5,17.0,5.0,飲品
焦糖瑪奇朵 (小份),187.5,5.2,25.5,7.5,飲品
焦糖瑪奇朵 (1份),250.0,7.0,34.0,10.0,飲品
焦糖瑪奇朵 (1.25份),312.5,8.8,42.5,12.5,飲品
焦糖瑪奇朵 (1.5份),375.0,10.5,51.0,15.0,飲品
焦糖瑪奇朵 (2份),500.0,14.0,68.0,20.0,飲品
焦糖瑪奇朵 (2.5份),625.0,17.5,85.0,25.0,飲品
焦糖瑪奇朵 (3份),750.0,21.0,102.0,30.0,飲品
焦糖瑪奇朵 (小碗),187.5,5.2,25.5,7.5,飲品
焦糖瑪奇朵 (中碗),250.0,7.0,34.0,10.0,飲品
焦糖瑪奇朵 (大碗),337.5,9.5,45.9,13.5,飲品
焦糖瑪奇朵 (小杯),187.5,5.2,25.5,7.5,飲品
焦糖瑪奇朵 (中杯),250.0,7.0,34.0,10.0,飲品
焦糖瑪奇朵 (大杯),350.0,9.8,47.6,14.0,飲品
焦糖瑪奇朵 (小盒),187.5,5.2,25.5,7.5,飲品
焦糖瑪奇朵 (中盒),250.0,7.0,34.0,10.0,飲品
焦糖瑪奇朵 (大盒),350.0,9.8,47.6,14.0,飲品
焦糖瑪奇朵 (100g),250.0,7.0,34.0,10.0,飲品
焦糖瑪奇朵 (150g),375.0,10.5,51.0,15.0,飲品
焦糖瑪奇朵 (200g),500.0,14.0,68.0,20.0,飲品
焦糖瑪奇朵 (250g),625.0,17.5,85.0,25.0,飲品
焦糖瑪奇朵 (300g),750.0,21.0,102.0,30.0,飲品
可可 (半份),105.0,3.5,15.0,3.5,飲品
可可 (小份),157.5,5.2,22.5,5.2,飲品
可可 (1份),210.0,7.0,30.0,7.0,飲品
可可 (1.25份),262.5,8.8,37.5,8.8,飲品
可可 (1.5份),315.0,10.5,45.0,10.5,飲品
可可 (2份),420.0,14.0,60.0,14.0,飲品
可可 (2.5份),525.0,17.5,75.0,17.5,飲品
可可 (3份),630.0,21.0,90.0,21.0,飲品
可可 (小碗),157.5,5.2,22.5,5.2,飲品
可可 (中碗),210.0,7.0,30.0,7.0,飲品
可可 (大碗),283.5,9.5,40.5,9.5,飲品
可可 (小杯),157.5,5.2,22.5,5.2,飲品
可可 (中杯),210.0,7.0,30.0,7.0,飲品
可可 (大杯),294.0,9.8,42.0,9.8,飲品
可可 (小盒),157.5,5.2,22.5,5.2,飲品
可可 (中盒),210.0,7.0,30.0,7.0,飲品
可可 (大盒),294.0,9.8,42.0,9.8,飲品
可可 (100g),210.0,7.0,30.0,7.0,飲品
可可 (150g),315.0,10.5,45.0,10.5,飲品
可可 (200g),420.0,14.0,60.0,14.0,飲品
可可 (250g),525.0,17.5,75.0,17.5,飲品
可可 (300g),630.0,21.0,90.0,21.0,飲品
水果茶 (半份),80.0,0.0,19.0,0.0,飲品
水果茶 (小份),120.0,0.0,28.5,0.0,飲品
水果茶 (1份),160.0,0.0,38.0,0.0,飲品
水果茶 (1.25份),200.0,0.0,47.5,0.0,飲品
水果茶 (1.5份),240.0,0.0,57.0,0.0,飲品
水果茶 (2份),320.0,0.0,76.0,0.0,飲品
水果茶 (2.5份),400.0,0.0,95.0,0.0,飲品
水果茶 (3份),480.0,0.0,114.0,0.0,飲品
水果茶 (小碗),120.0,0.0,28.5,0.0,飲品
水果茶 (中碗),160.0,0.0,38.0,0.0,飲品
水果茶 (大碗),216.0,0.0,51.3,0.0,飲品
水果茶 (小杯),120.0,0.0,28.5,0.0,飲品
水果茶 (中杯),160.0,0.0,38.0,0.0,飲品
水果茶 (大杯),224.0,0.0,53.2,0.0,飲品
水果茶 (小盒),120.0,0.0,28.5,0.0,飲品
水果茶 (中盒),160.0,0.0,38.0,0.0,飲品
水果茶 (大盒),224.0,0.0,53.2,0.0,飲品
水果茶 (100g),160.0,0.0,38.0,0.0,飲品
水果茶 (150g),240.0,0.0,57.0,0.0,飲品
水果茶 (200g),320.0,0.0,76.0,0.0,飲品
水果茶 (250g),400.0,0.0,95.0,0.0,飲品
水果茶 (300g),480.0,0.0,114.0,0.0,飲品
奶茶 (半份),110.0,2.5,16.0,4.0,飲品
奶茶 (小份),165.0,3.8,24.0,6.0,飲品
奶茶 (1份),220.0,5.0,32.0,8.0,飲品
奶茶 (1.25份),275.0,6.2,40.0,10.0,飲品
奶茶 (1.5份),330.0,7.5,48.0,12.0,飲品
奶茶 (2份),440.0,10.0,64.0,16.0,飲品
奶茶 (2.5份),550.0,12.5,80.0,20.0,飲品
奶茶 (3份),660.0,15.0,96.0,24.0,飲品
奶茶 (小碗),165.0,3.8,24.0,6.0,飲品
奶茶 (中碗),220.0,5.0,32.0,8.0,飲品
奶茶 (大碗),297.0,6.8,43.2,10.8,飲品
奶茶 (小杯),165.0,3.8,24.0,6.0,飲品
奶茶 (中杯),220.0,5.0,32.0,8.0,飲品
奶茶 (大杯),308.0,7.0,44.8,11.2,飲品
奶茶 (小盒),165.0,3.8,24.0,6.0,飲品
奶茶 (中盒),220.0,5.0,32.0,8.0,飲品
奶茶 (大盒),308.0,7.0,44.8,11.2,飲品
奶茶 (100g),220.0,5.0,32.0,8.0,飲品
奶茶 (150g),330.0,7.5,48.0,12.0,飲品
奶茶 (200g),440.0,10.0,64.0,16.0,飲品
奶茶 (250g),550.0,12.5,80.0,20.0,飲品
奶茶 (300g),660.0,15.0,96.0,24.0,飲品
冬瓜茶 (半份),75.0,0.0,18.5,0.0,飲品
冬瓜茶 (小份),112.5,0.0,27.8,0.0,飲品
冬瓜茶 (1份),150.0,0.0,37.0,0.0,飲品
冬瓜茶 (1.25份),187.5,0.0,46.2,0.0,飲品
冬瓜茶 (1.5份),225.0,0.0,55.5,0.0,飲品
冬瓜茶 (2份),300.0,0.0,74.0,0.0,飲品
冬瓜茶 (2.5份),375.0,0.0,92.5,0.0,飲品
冬瓜茶 (3份),450.0,0.0,111.0,0.0,飲品
冬瓜茶 (小碗),112.5,0.0,27.8,0.0,飲品
冬瓜茶 (中碗),150.0,0.0,37.0,0.0,飲品
冬瓜茶 (大碗),202.5,0.0,50.0,0.0,飲品
冬瓜茶 (小杯),112.5,0.0,27.8,0.0,飲品
冬瓜茶 (中杯),150.0,0.0,37.0,0.0,飲品
冬瓜茶 (大杯),210.0,0.0,51.8,0.0,飲品
冬瓜茶 (小盒),112.5,0.0,27.8,0.0,飲品
冬瓜茶 (中盒),150.0,0.0,37.0,0.0,飲品
冬瓜茶 (大盒),210.0,0.0,51.8,0.0,飲品
冬瓜茶 (100g),150.0,0.0,37.0,0.0,飲品
冬瓜茶 (150g),225.0,0.0,55.5,0.0,飲品
冬瓜茶 (200g),300.0,0.0,74.0,0.0,飲品
冬瓜茶 (250g),375.0,0.0,92.5,0.0,飲品
冬瓜茶 (300g),450.0,0.0,111.0,0.0,飲品
檸檬汁 (半份),30.0,0.0,7.5,0.0,飲品
檸檬汁 (小份),45.0,0.0,11.2,0.0,飲品
檸檬汁 (1份),60.0,0.0,15.0,0.0,飲品
檸檬汁 (1.25份),75.0,0.0,18.8,0.0,飲品
檸檬汁 (1.5份),90.0,0.0,22.5,0.0,飲品
檸檬汁 (2份),120.0,0.0,30.0,0.0,飲品
檸檬汁 (2.5份),150.0,0.0,37.5,0.0,飲品
檸檬汁 (3份),180.0,0.0,45.0,0.0,飲品
檸檬汁 (小碗),45.0,0.0,11.2,0.0,飲品
檸檬汁 (中碗),60.0,0.0,15.0,0.0,飲品
檸檬汁 (大碗),81.0,0.0,20.2,0.0,飲品
檸檬汁 (小杯),45.0,0.0,11.2,0.0,飲品
檸檬汁 (中杯),60.0,0.0,15.0,0.0,飲品
檸檬汁 (大杯),84.0,0.0,21.0,0.0,飲品
檸檬汁 (小盒),45.0,0.0,11.2,0.0,飲品
檸檬汁 (中盒),60.0,0.0,15.0,0.0,飲品
檸檬汁 (大盒),84.0,0.0,21.0,0.0,飲品
檸檬汁 (100g),60.0,0.0,15.0,0.0,飲品
檸檬汁 (150g),90.0,0.0,22.5,0.0,飲品
檸檬汁 (200g),120.0,0.0,30.0,0.0,飲品
檸檬汁 (250g),150.0,0.0,37.5,0.0,飲品
檸檬汁 (300g),180.0,0.0,45.0,0.0,飲品
白飯 (半份),140.0,2.7,30.5,0.3,主食
白飯 (小份),210.0,4.1,45.8,0.4,主食
白飯 (1份),280.0,5.4,61.0,0.6,主食
白飯 (1.25份),350.0,6.8,76.2,0.8,主食
白飯 (1.5份),420.0,8.1,91.5,0.9,主食
白飯 (2份),560.0,10.8,122.0,1.2,主食
白飯 (2.5份),700.0,13.5,152.5,1.5,主食
白飯 (3份),840.0,16.2,183.0,1.8,主食
白飯 (小碗),210.0,4.1,45.8,0.4,主食
白飯 (中碗),280.0,5.4,61.0,0.6,主食
白飯 (大碗),378.0,7.3,82.4,0.8,主食
白飯 (小杯),210.0,4.1,45.8,0.4,主食
白飯 (中杯),280.0,5.4,61.0,0.6,主食
白飯 (大杯),392.0,7.6,85.4,0.8,主食
白飯 (小盒),210.0,4.1,45.8,0.4,主食
白飯 (中盒),280.0,5.4,61.0,0.6,主食
白飯 (大盒),392.0,7.6,85.4,0.8,主食
白飯 (100g),280.0,5.4,61.0,0.6,主食
白飯 (150g),420.0,8.1,91.5,0.9,主食
白飯 (200g),560.0,10.8,122.0,1.2,主食
白飯 (250g),700.0,13.5,152.5,1.5,主食
白飯 (300g),840.0,16.2,183.0,1.8,主食
紫米飯 (半份),135.0,3.0,29.0,0.6,主食
紫米飯 (小份),202.5,4.5,43.5,0.9,主食
紫米飯 (1份),270.0,6.0,58.0,1.2,主食
紫米飯 (1.25份),337.5,7.5,72.5,1.5,主食
紫米飯 (1.5份),405.0,9.0,87.0,1.8,主食
紫米飯 (2份),540.0,12.0,116.0,2.4,主食
紫米飯 (2.5份),675.0,15.0,145.0,3.0,主食
紫米飯 (3份),810.0,18.0,174.0,3.6,主食
紫米飯 (小碗),202.5,4.5,43.5,0.9,主食
紫米飯 (中碗),270.0,6.0,58.0,1.2,主食
紫米飯 (大碗),364.5,8.1,78.3,1.6,主食
紫米飯 (小杯),202.5,4.5,43.5,0.9,主食
紫米飯 (中杯),270.0,6.0,58.0,1.2,主食
紫米飯 (大杯),378.0,8.4,81.2,1.7,主食
紫米飯 (小盒),202.5,4.5,43.5,0.9,主食
紫米飯 (中盒),270.0,6.0,58.0,1.2,主食
紫米飯 (大盒),378.0,8.4,81.2,1.7,主食
紫米飯 (100g),270.0,6.0,58.0,1.2,主食
紫米飯 (150g),405.0,9.0,87.0,1.8,主食
紫米飯 (200g),540.0,12.0,116.0,2.4,主食
紫米飯 (250g),675.0,15.0,145.0,3.0,主食
紫米飯 (300g),810.0,18.0,174.0,3.6,主食
五穀飯 (半份),127.5,3.0,26.5,1.0,主食
五穀飯 (小份),191.2,4.5,39.8,1.5,主食
五穀飯 (1份),255.0,6.0,53.0,2.0,主食
五穀飯 (1.25份),318.8,7.5,66.2,2.5,主食
五穀飯 (1.5份),382.5,9.0,79.5,3.0,主食
五穀飯 (2份),510.0,12.0,106.0,4.0,主食
五穀飯 (2.5份),637.5,15.0,132.5,5.0,主食
五穀飯 (3份),765.0,18.0,159.0,6.0,主食
五穀飯 (小碗),191.2,4.5,39.8,1.5,主食
五穀飯 (中碗),255.0,6.0,53.0,2.0,主食
五穀飯 (大碗),344.2,8.1,71.6,2.7,主食
五穀飯 (小杯),191.2,4.5,39.8,1.5,主食
五穀飯 (中杯),255.0,6.0,53.0,2.0,主食
五穀飯 (大杯),357.0,8.4,74.2,2.8,主食
五穀飯 (小盒),191.2,4.5,39.8,1.5,主食
五穀飯 (中盒),255.0,6.0,53.0,2.0,主食
五穀飯 (大盒),357.0,8.4,74.2,2.8,主食
五穀飯 (100g),255.0,6.0,53.0,2.0,主食
五穀飯 (150g),382.5,9.0,79.5,3.0,主食
五穀飯 (200g),510.0,12.0,106.0,4.0,主食
五穀飯 (250g),637.5,15.0,132.5,5.0,主食
五穀飯 (300g),765.0,18.0,159.0,6.0,主食
藜麥飯 (半份),125.0,4.0,23.0,2.0,主食
藜麥飯 (小份),187.5,6.0,34.5,3.0,主食
藜麥飯 (1份),250.0,8.0,46.0,4.0,主食
藜麥飯 (1.25份),312.5,10.0,57.5,5.0,主食
藜麥飯 (1.5份),375.0,12.0,69.0,6.0,主食
藜麥飯 (2份),500.0,16.0,92.0,8.0,主食
藜麥飯 (2.5份),625.0,20.0,115.0,10.0,主食
藜麥飯 (3份),750.0,24.0,138.0,12.0,主食
藜麥飯 (小碗),187.5,6.0,34.5,3.0,主食
藜麥飯 (中碗),250.0,8.0,46.0,4.0,主食
藜麥飯 (大碗),337.5,10.8,62.1,5.4,主食
藜麥飯 (小杯),187.5,6.0,34.5,3.0,主食
藜麥飯 (中杯),250.0,8.0,46.0,4.0,主食
藜麥飯 (大杯),350.0,11.2,64.4,5.6,主食
藜麥飯 (小盒),187.5,6.0,34.5,3.0,主食
藜麥飯 (中盒),250.0,8.0,46.0,4.0,主食
藜麥飯 (大盒),350.0,11.2,64.4,5.6,主食
藜麥飯 (100g),250.0,8.0,46.0,4.0,主食
藜麥飯 (150g),375.0,12.0,69.0,6.0,主食
藜麥飯 (200g),500.0,16.0,92.0,8.0,主食
藜麥飯 (250g),625.0,20.0,115.0,10.0,主食
藜麥飯 (300g),750.0,24.0,138.0,12.0,主食
燕麥飯 (半份),122.5,3.0,22.5,1.8,主食
燕麥飯 (小份),183.8,4.5,33.8,2.6,主食
燕麥飯 (1份),245.0,6.0,45.0,3.5,主食
燕麥飯 (1.25份),306.2,7.5,56.2,4.4,主食
燕麥飯 (1.5份),367.5,9.0,67.5,5.2,主食
燕麥飯 (2份),490.0,12.0,90.0,7.0,主食
燕麥飯 (2.5份),612.5,15.0,112.5,8.8,主食
燕麥飯 (3份),735.0,18.0,135.0,10.5,主食
燕麥飯 (小碗),183.8,4.5,33.8,2.6,主食
燕麥飯 (中碗),245.0,6.0,45.0,3.5,主食
燕麥飯 (大碗),330.8,8.1,60.8,4.7,主食
燕麥飯 (小杯),183.8,4.5,33.8,2.6,主食
燕麥飯 (中杯),245.0,6.0,45.0,3.5,主食
燕麥飯 (大杯),343.0,8.4,63.0,4.9,主食
燕麥飯 (小盒),183.8,4.5,33.8,2.6,主食
燕麥飯 (中盒),245.0,6.0,45.0,3.5,主食
燕麥飯 (大盒),343.0,8.4,63.0,4.9,主食
燕麥飯 (100g),245.0,6.0,45.0,3.5,主食
燕麥飯 (150g),367.5,9.0,67.5,5.2,主食
燕麥飯 (200g),490.0,12.0,90.0,7.0,主食
燕麥飯 (250g),612.5,15.0,112.5,8.8,主食
燕麥飯 (300g),735.0,18.0,135.0,10.5,主食
玉米 (半份),60.0,2.0,13.5,1.0,主食
玉米 (小份),90.0,3.0,20.2,1.5,主食
玉米 (1份),120.0,4.0,27.0,2.0,主食
玉米 (1.25份),150.0,5.0,33.8,2.5,主食
玉米 (1.5份),180.0,6.0,40.5,3.0,主食
玉米 (2份),240.0,8.0,54.0,4.0,主食
玉米 (2.5份),300.0,10.0,67.5,5.0,主食
玉米 (3份),360.0,12.0,81.0,6.0,主食
玉米 (小碗),90.0,3.0,20.2,1.5,主食
玉米 (中碗),120.0,4.0,27.0,2.0,主食
玉米 (大碗),162.0,5.4,36.5,2.7,主食
玉米 (小杯),90.0,3.0,20.2,1.5,主食
玉米 (中杯),120.0,4.0,27.0,2.0,主食
玉米 (大杯),168.0,5.6,37.8,2.8,主食
玉米 (小盒),90.0,3.0,20.2,1.5,主食
玉米 (中盒),120.0,4.0,27.0,2.0,主食
玉米 (大盒),168.0,5.6,37.8,2.8,主食
玉米 (100g),120.0,4.0,27.0,2.0,主食
玉米 (150g),180.0,6.0,40.5,3.0,主食
玉米 (200g),240.0,8.0,54.0,4.0,主食
玉米 (250g),300.0,10.0,67.5,5.0,主食
玉米 (300g),360.0,12.0,81.0,6.0,主食
南瓜 (半份),35.0,1.0,8.0,0.1,蔬菜
南瓜 (小份),52.5,1.5,12.0,0.2,蔬菜
南瓜 (1份),70.0,2.0,16.0,0.2,蔬菜
南瓜 (1.25份),87.5,2.5,20.0,0.2,蔬菜
南瓜 (1.5份),105.0,3.0,24.0,0.3,蔬菜
南瓜 (2份),140.0,4.0,32.0,0.4,蔬菜
南瓜 (2.5份),175.0,5.0,40.0,0.5,蔬菜
南瓜 (3份),210.0,6.0,48.0,0.6,蔬菜
南瓜 (小碗),52.5,1.5,12.0,0.2,蔬菜
南瓜 (中碗),70.0,2.0,16.0,0.2,蔬菜
南瓜 (大碗),94.5,2.7,21.6,0.3,蔬菜
南瓜 (小杯),52.5,1.5,12.0,0.2,蔬菜
南瓜 (中杯),70.0,2.0,16.0,0.2,蔬菜
南瓜 (大杯),98.0,2.8,22.4,0.3,蔬菜
南瓜 (小盒),52.5,1.5,12.0,0.2,蔬菜
南瓜 (中盒),70.0,2.0,16.0,0.2,蔬菜
南瓜 (大盒),98.0,2.8,22.4,0.3,蔬菜
南瓜 (100g),70.0,2.0,16.0,0.2,蔬菜
南瓜 (150g),105.0,3.0,24.0,0.3,蔬菜
南瓜 (200g),140.0,4.0,32.0,0.4,蔬菜
南瓜 (250g),175.0,5.0,40.0,0.5,蔬菜
南瓜 (300g),210.0,6.0,48.0,0.6,蔬菜
馬鈴薯 (半份),65.0,1.5,15.0,0.1,主食
馬鈴薯 (小份),97.5,2.2,22.5,0.2,主食
馬鈴薯 (1份),130.0,3.0,30.0,0.2,主食
馬鈴薯 (1.25份),162.5,3.8,37.5,0.2,主食
馬鈴薯 (1.5份),195.0,4.5,45.0,0.3,主食
馬鈴薯 (2份),260.0,6.0,60.0,0.4,主食
馬鈴薯 (2.5份),325.0,7.5,75.0,0.5,主食
馬鈴薯 (3份),390.0,9.0,90.0,0.6,主食
馬鈴薯 (小碗),97.5,2.2,22.5,0.2,主食
馬鈴薯 (中碗),130.0,3.0,30.0,0.2,主食
馬鈴薯 (大碗),175.5,4.1,40.5,0.3,主食
馬鈴薯 (小杯),97.5,2.2,22.5,0.2,主食
馬鈴薯 (中杯),130.0,3.0,30.0,0.2,主食
馬鈴薯 (大杯),182.0,4.2,42.0,0.3,主食
馬鈴薯 (小盒),97.5,2.2,22.5,0.2,主食
馬鈴薯 (中盒),130.0,3.0,30.0,0.2,主食
馬鈴薯 (大盒),182.0,4.2,42.0,0.3,主食
馬鈴薯 (100g),130.0,3.0,30.0,0.2,主食
馬鈴薯 (150g),195.0,4.5,45.0,0.3,主食
馬鈴薯 (200g),260.0,6.0,60.0,0.4,主食
馬鈴薯 (250g),325.0,7.5,75.0,0.5,主食
馬鈴薯 (300g),390.0,9.0,90.0,0.6,主食
山藥 (半份),60.0,1.5,13.5,0.1,主食
山藥 (小份),90.0,2.2,20.2,0.2,主食
山藥 (1份),120.0,3.0,27.0,0.2,主食
山藥 (1.25份),150.0,3.8,33.8,0.2,主食
山藥 (1.5份),180.0,4.5,40.5,0.3,主食
山藥 (2份),240.0,6.0,54.0,0.4,主食
山藥 (2.5份),300.0,7.5,67.5,0.5,主食
山藥 (3份),360.0,9.0,81.0,0.6,主食
山藥 (小碗),90.0,2.2,20.2,0.2,主食
山藥 (中碗),120.0,3.0,27.0,0.2,主食
山藥 (大碗),162.0,4.1,36.5,0.3,主食
山藥 (小杯),90.0,2.2,20.2,0.2,主食
山藥 (中杯),120.0,3.0,27.0,0.2,主食
山藥 (大杯),168.0,4.2,37.8,0.3,主食
山藥 (小盒),90.0,2.2,20.2,0.2,主食
山藥 (中盒),120.0,3.0,27.0,0.2,主食
山藥 (大盒),168.0,4.2,37.8,0.3,主食
山藥 (100g),120.0,3.0,27.0,0.2,主食
山藥 (150g),180.0,4.5,40.5,0.3,主食
山藥 (200g),240.0,6.0,54.0,0.4,主食
山藥 (250g),300.0,7.5,67.5,0.5,主食
山藥 (300g),360.0,9.0,81.0,0.6,主食
芋頭 (半份),65.0,1.0,15.0,0.1,主食
芋頭 (小份),97.5,1.5,22.5,0.2,主食
芋頭 (1份),130.0,2.0,30.0,0.2,主食
芋頭 (1.25份),162.5,2.5,37.5,0.2,主食
芋頭 (1.5份),195.0,3.0,45.0,0.3,主食
芋頭 (2份),260.0,4.0,60.0,0.4,主食
芋頭 (2.5份),325.0,5.0,75.0,0.5,主食
芋頭 (3份),390.0,6.0,90.0,0.6,主食
芋頭 (小碗),97.5,1.5,22.5,0.2,主食
芋頭 (中碗),130.0,2.0,30.0,0.2,主食
芋頭 (大碗),175.5,2.7,40.5,0.3,主食
芋頭 (小杯),97.5,1.5,22.5,0.2,主食
芋頭 (中杯),130.0,2.0,30.0,0.2,主食
芋頭 (大杯),182.0,2.8,42.0,0.3,主食
芋頭 (小盒),97.5,1.5,22.5,0.2,主食
芋頭 (中盒),130.0,2.0,30.0,0.2,主食
芋頭 (大盒),182.0,2.8,42.0,0.3,主食
芋頭 (100g),130.0,2.0,30.0,0.2,主食
芋頭 (150g),195.0,3.0,45.0,0.3,主食
芋頭 (200g),260.0,4.0,60.0,0.4,主食
芋頭 (250g),325.0,5.0,75.0,0.5,主食
芋頭 (300g),390.0,6.0,90.0,0.6,主食
冬粉 (半份),85.0,0.0,21.0,0.0,主食
冬粉 (小份),127.5,0.0,31.5,0.0,主食
冬粉 (1份),170.0,0.0,42.0,0.0,主食
冬粉 (1.25份),212.5,0.0,52.5,0.0,主食
冬粉 (1.5份),255.0,0.0,63.0,0.0,主食
冬粉 (2份),340.0,0.0,84.0,0.0,主食
冬粉 (2.5份),425.0,0.0,105.0,0.0,主食
冬粉 (3份),510.0,0.0,126.0,0.0,主食
冬粉 (小碗),127.5,0.0,31.5,0.0,主食
冬粉 (中碗),170.0,0.0,42.0,0.0,主食
冬粉 (大碗),229.5,0.0,56.7,0.0,主食
冬粉 (小杯),127.5,0.0,31.5,0.0,主食
冬粉 (中杯),170.0,0.0,42.0,0.0,主食
冬粉 (大杯),238.0,0.0,58.8,0.0,主食
冬粉 (小盒),127.5,0.0,31.5,0.0,主食
冬粉 (中盒),170.0,0.0,42.0,0.0,主食
冬粉 (大盒),238.0,0.0,58.8,0.0,主食
冬粉 (100g),170.0,0.0,42.0,0.0,主食
冬粉 (150g),255.0,0.0,63.0,0.0,主食
冬粉 (200g),340.0,0.0,84.0,0.0,主食
冬粉 (250g),425.0,0.0,105.0,0.0,主食
冬粉 (300g),510.0,0.0,126.0,0.0,主食
烏龍麵 (半份),135.0,4.5,28.0,0.5,麵食
烏龍麵 (小份),202.5,6.8,42.0,0.8,麵食
烏龍麵 (1份),270.0,9.0,56.0,1.0,麵食
烏龍麵 (1.25份),337.5,11.2,70.0,1.2,麵食
烏龍麵 (1.5份),405.0,13.5,84.0,1.5,麵食
烏龍麵 (2份),540.0,18.0,112.0,2.0,麵食
烏龍麵 (2.5份),675.0,22.5,140.0,2.5,麵食
烏龍麵 (3份),810.0,27.0,168.0,3.0,麵食
烏龍麵 (小碗),202.5,6.8,42.0,0.8,麵食
烏龍麵 (中碗),270.0,9.0,56.0,1.0,麵食
烏龍麵 (大碗),364.5,12.2,75.6,1.4,麵食
烏龍麵 (小杯),202.5,6.8,42.0,0.8,麵食
烏龍麵 (中杯),270.0,9.0,56.0,1.0,麵食
烏龍麵 (大杯),378.0,12.6,78.4,1.4,麵食
烏龍麵 (小盒),202.5,6.8,42.0,0.8,麵食
烏龍麵 (中盒),270.0,9.0,56.0,1.0,麵食
烏龍麵 (大盒),378.0,12.6,78.4,1.4,麵食
烏龍麵 (100g),270.0,9.0,56.0,1.0,麵食
烏龍麵 (150g),405.0,13.5,84.0,1.5,麵食
烏龍麵 (200g),540.0,18.0,112.0,2.0,麵食
烏龍麵 (250g),675.0,22.5,140.0,2.5,麵食
烏龍麵 (300g),810.0,27.0,168.0,3.0,麵食
拉麵 (半份),215.0,7.5,32.5,6.0,麵食
拉麵 (小份),322.5,11.2,48.8,9.0,麵食
拉麵 (1份),430.0,15.0,65.0,12.0,麵食
拉麵 (1.25份),537.5,18.8,81.2,15.0,麵食
拉麵 (1.5份),645.0,22.5,97.5,18.0,麵食
拉麵 (2份),860.0,30.0,130.0,24.0,麵食
拉麵 (2.5份),1075.0,37.5,162.5,30.0,麵食
拉麵 (3份),1290.0,45.0,195.0,36.0,麵食
拉麵 (小碗),322.5,11.2,48.8,9.0,麵食
拉麵 (中碗),430.0,15.0,65.0,12.0,麵食
拉麵 (大碗),580.5,20.2,87.8,16.2,麵食
拉麵 (小杯),322.5,11.2,48.8,9.0,麵食
拉麵 (中杯),430.0,15.0,65.0,12.0,麵食
拉麵 (大杯),602.0,21.0,91.0,16.8,麵食
拉麵 (小盒),322.5,11.2,48.8,9.0,麵食
拉麵 (中盒),430.0,15.0,65.0,12.0,麵食
拉麵 (大盒),602.0,21.0,91.0,16.8,麵食
拉麵 (100g),430.0,15.0,65.0,12.0,麵食
拉麵 (150g),645.0,22.5,97.5,18.0,麵食
拉麵 (200g),860.0,30.0,130.0,24.0,麵食
拉麵 (250g),1075.0,37.5,162.5,30.0,麵食
拉麵 (300g),1290.0,45.0,195.0,36.0,麵食
蕎麥麵 (半份),150.0,6.5,28.0,1.0,麵食
蕎麥麵 (小份),225.0,9.8,42.0,1.5,麵食
蕎麥麵 (1份),300.0,13.0,56.0,2.0,麵食
蕎麥麵 (1.25份),375.0,16.2,70.0,2.5,麵食
蕎麥麵 (1.5份),450.0,19.5,84.0,3.0,麵食
蕎麥麵 (2份),600.0,26.0,112.0,4.0,麵食
蕎麥麵 (2.5份),750.0,32.5,140.0,5.0,麵食
蕎麥麵 (3份),900.0,39.0,168.0,6.0,麵食
蕎麥麵 (小碗),225.0,9.8,42.0,1.5,麵食
蕎麥麵 (中碗),300.0,13.0,56.0,2.0,麵食
蕎麥麵 (大碗),405.0,17.6,75.6,2.7,麵食
蕎麥麵 (小杯),225.0,9.8,42.0,1.5,麵食
蕎麥麵 (中杯),300.0,13.0,56.0,2.0,麵食
蕎麥麵 (大杯),420.0,18.2,78.4,2.8,麵食
蕎麥麵 (小盒),225.0,9.8,42.0,1.5,麵食
蕎麥麵 (中盒),300.0,13.0,56.0,2.0,麵食
蕎麥麵 (大盒),420.0,18.2,78.4,2.8,麵食
蕎麥麵 (100g),300.0,13.0,56.0,2.0,麵食
蕎麥麵 (150g),450.0,19.5,84.0,3.0,麵食
蕎麥麵 (200g),600.0,26.0,112.0,4.0,麵食
蕎麥麵 (250g),750.0,32.5,140.0,5.0,麵食
蕎麥麵 (300g),900.0,39.0,168.0,6.0,麵食
米粉 (半份),175.0,3.0,40.0,0.5,麵食
米粉 (小份),262.5,4.5,60.0,0.8,麵食
米粉 (1份),350.0,6.0,80.0,1.0,麵食
米粉 (1.25份),437.5,7.5,100.0,1.2,麵食
米粉 (1.5份),525.0,9.0,120.0,1.5,麵食
米粉 (2份),700.0,12.0,160.0,2.0,麵食
米粉 (2.5份),875.0,15.0,200.0,2.5,麵食
米粉 (3份),1050.0,18.0,240.0,3.0,麵食
米粉 (小碗),262.5,4.5,60.0,0.8,麵食
米粉 (中碗),350.0,6.0,80.0,1.0,麵食
米粉 (大碗),472.5,8.1,108.0,1.4,麵食
米粉 (小杯),262.5,4.5,60.0,0.8,麵食
米粉 (中杯),350.0,6.0,80.0,1.0,麵食
米粉 (大杯),490.0,8.4,112.0,1.4,麵食
米粉 (小盒),262.5,4.5,60.0,0.8,麵食
米粉 (中盒),350.0,6.0,80.0,1.0,麵食
米粉 (大盒),490.0,8.4,112.0,1.4,麵食
米粉 (100g),350.0,6.0,80.0,1.0,麵食
米粉 (150g),525.0,9.0,120.0,1.5,麵食
米粉 (200g),700.0,12.0,160.0,2.0,麵食
米粉 (250g),875.0,15.0,200.0,2.5,麵食
米粉 (300g),1050.0,18.0,240.0,3.0,麵食
意麵 (半份),190.0,5.5,33.0,4.5,麵食
意麵 (小份),285.0,8.2,49.5,6.8,麵食
意麵 (1份),380.0,11.0,66.0,9.0,麵食
意麵 (1.25份),475.0,13.8,82.5,11.2,麵食
意麵 (1.5份),570.0,16.5,99.0,13.5,麵食
意麵 (2份),760.0,22.0,132.0,18.0,麵食
意麵 (2.5份),950.0,27.5,165.0,22.5,麵食
意麵 (3份),1140.0,33.0,198.0,27.0,麵食
意麵 (小碗),285.0,8.2,49.5,6.8,麵食
意麵 (中碗),380.0,11.0,66.0,9.0,麵食
意麵 (大碗),513.0,14.9,89.1,12.2,麵食
意麵 (小杯),285.0,8.2,49.5,6.8,麵食
意麵 (中杯),380.0,11.0,66.0,9.0,麵食
意麵 (大杯),532.0,15.4,92.4,12.6,麵食
意麵 (小盒),285.0,8.2,49.5,6.8,麵食
意麵 (中盒),380.0,11.0,66.0,9.0,麵食
意麵 (大盒),532.0,15.4,92.4,12.6,麵食
意麵 (100g),380.0,11.0,66.0,9.0,麵食
意麵 (150g),570.0,16.5,99.0,13.5,麵食
意麵 (200g),760.0,22.0,132.0,18.0,麵食
意麵 (250g),950.0,27.5,165.0,22.5,麵食
意麵 (300g),1140.0,33.0,198.0,27.0,麵食
炒飯 (半份),310.0,8.5,41.0,11.0,主餐
炒飯 (小份),465.0,12.8,61.5,16.5,主餐
炒飯 (1份),620.0,17.0,82.0,22.0,主餐
炒飯 (1.25份),775.0,21.2,102.5,27.5,主餐
炒飯 (1.5份),930.0,25.5,123.0,33.0,主餐
炒飯 (2份),1240.0,34.0,164.0,44.0,主餐
炒飯 (2.5份),1550.0,42.5,205.0,55.0,主餐
炒飯 (3份),1860.0,51.0,246.0,66.0,主餐
炒飯 (小碗),465.0,12.8,61.5,16.5,主餐
炒飯 (中碗),620.0,17.0,82.0,22.0,主餐
炒飯 (大碗),837.0,23.0,110.7,29.7,主餐
炒飯 (小杯),465.0,12.8,61.5,16.5,主餐
炒飯 (中杯),620.0,17.0,82.0,22.0,主餐
炒飯 (大杯),868.0,23.8,114.8,30.8,主餐
炒飯 (小盒),465.0,12.8,61.5,16.5,主餐
炒飯 (中盒),620.0,17.0,82.0,22.0,主餐
炒飯 (大盒),868.0,23.8,114.8,30.8,主餐
炒飯 (100g),620.0,17.0,82.0,22.0,主餐
炒飯 (150g),930.0,25.5,123.0,33.0,主餐
炒飯 (200g),1240.0,34.0,164.0,44.0,主餐
炒飯 (250g),1550.0,42.5,205.0,55.0,主餐
炒飯 (300g),1860.0,51.0,246.0,66.0,主餐
蛋炒飯 (半份),290.0,9.0,39.0,10.0,主餐
蛋炒飯 (小份),435.0,13.5,58.5,15.0,主餐
蛋炒飯 (1份),580.0,18.0,78.0,20.0,主餐
蛋炒飯 (1.25份),725.0,22.5,97.5,25.0,主餐
蛋炒飯 (1.5份),870.0,27.0,117.0,30.0,主餐
蛋炒飯 (2份),1160.0,36.0,156.0,40.0,主餐
蛋炒飯 (2.5份),1450.0,45.0,195.0,50.0,主餐
蛋炒飯 (3份),1740.0,54.0,234.0,60.0,主餐
蛋炒飯 (小碗),435.0,13.5,58.5,15.0,主餐
蛋炒飯 (中碗),580.0,18.0,78.0,20.0,主餐
蛋炒飯 (大碗),783.0,24.3,105.3,27.0,主餐
蛋炒飯 (小杯),435.0,13.5,58.5,15.0,主餐
蛋炒飯 (中杯),580.0,18.0,78.0,20.0,主餐
蛋炒飯 (大杯),812.0,25.2,109.2,28.0,主餐
蛋炒飯 (小盒),435.0,13.5,58.5,15.0,主餐
蛋炒飯 (中盒),580.0,18.0,78.0,20.0,主餐
蛋炒飯 (大盒),812.0,25.2,109.2,28.0,主餐
蛋炒飯 (100g),580.0,18.0,78.0,20.0,主餐
蛋炒飯 (150g),870.0,27.0,117.0,30.0,主餐
蛋炒飯 (200g),1160.0,36.0,156.0,40.0,主餐
蛋炒飯 (250g),1450.0,45.0,195.0,50.0,主餐
蛋炒飯 (300g),1740.0,54.0,234.0,60.0,主餐
肉絲炒飯 (半份),325.0,12.0,40.0,12.5,主餐
肉絲炒飯 (小份),487.5,18.0,60.0,18.8,主餐
肉絲炒飯 (1份),650.0,24.0,80.0,25.0,主餐
肉絲炒飯 (1.25份),812.5,30.0,100.0,31.2,主餐
肉絲炒飯 (1.5份),975.0,36.0,120.0,37.5,主餐
肉絲炒飯 (2份),1300.0,48.0,160.0,50.0,主餐
肉絲炒飯 (2.5份),1625.0,60.0,200.0,62.5,主餐
肉絲炒飯 (3份),1950.0,72.0,240.0,75.0,主餐
肉絲炒飯 (小碗),487.5,18.0,60.0,18.8,主餐
肉絲炒飯 (中碗),650.0,24.0,80.0,25.0,主餐
肉絲炒飯 (大碗),877.5,32.4,108.0,33.8,主餐
肉絲炒飯 (小杯),487.5,18.0,60.0,18.8,主餐
肉絲炒飯 (中杯),650.0,24.0,80.0,25.0,主餐
肉絲炒飯 (大杯),910.0,33.6,112.0,35.0,主餐
肉絲炒飯 (小盒),487.5,18.0,60.0,18.8,主餐
肉絲炒飯 (中盒),650.0,24.0,80.0,25.0,主餐
肉絲炒飯 (大盒),910.0,33.6,112.0,35.0,主餐
肉絲炒飯 (100g),650.0,24.0,80.0,25.0,主餐
肉絲炒飯 (150g),975.0,36.0,120.0,37.5,主餐
肉絲炒飯 (200g),1300.0,48.0,160.0,50.0,主餐
肉絲炒飯 (250g),1625.0,60.0,200.0,62.5,主餐
肉絲炒飯 (300g),1950.0,72.0,240.0,75.0,主餐
蝦仁炒飯 (半份),310.0,12.5,39.0,11.0,主餐
蝦仁炒飯 (小份),465.0,18.8,58.5,16.5,主餐
蝦仁炒飯 (1份),620.0,25.0,78.0,22.0,主餐
蝦仁炒飯 (1.25份),775.0,31.2,97.5,27.5,主餐
蝦仁炒飯 (1.5份),930.0,37.5,117.0,33.0,主餐
蝦仁炒飯 (2份),1240.0,50.0,156.0,44.0,主餐
蝦仁炒飯 (2.5份),1550.0,62.5,195.0,55.0,主餐
蝦仁炒飯 (3份),1860.0,75.0,234.0,66.0,主餐
蝦仁炒飯 (小碗),465.0,18.8,58.5,16.5,主餐
蝦仁炒飯 (中碗),620.0,25.0,78.0,22.0,主餐
蝦仁炒飯 (大碗),837.0,33.8,105.3,29.7,主餐
蝦仁炒飯 (小杯),465.0,18.8,58.5,16.5,主餐
蝦仁炒飯 (中杯),620.0,25.0,78.0,22.0,主餐
蝦仁炒飯 (大杯),868.0,35.0,109.2,30.8,主餐
蝦仁炒飯 (小盒),465.0,18.8,58.5,16.5,主餐
蝦仁炒飯 (中盒),620.0,25.0,78.0,22.0,主餐
蝦仁炒飯 (大盒),868.0,35.0,109.2,30.8,主餐
蝦仁炒飯 (100g),620.0,25.0,78.0,22.0,主餐
蝦仁炒飯 (150g),930.0,37.5,117.0,33.0,主餐
蝦仁炒飯 (200g),1240.0,50.0,156.0,44.0,主餐
蝦仁炒飯 (250g),1550.0,62.5,195.0,55.0,主餐
蝦仁炒飯 (300g),1860.0,75.0,234.0,66.0,主餐
炒麵 (半份),275.0,8.5,34.0,11.5,主餐
炒麵 (小份),412.5,12.8,51.0,17.2,主餐
炒麵 (1份),550.0,17.0,68.0,23.0,主餐
炒麵 (1.25份),687.5,21.2,85.0,28.8,主餐
炒麵 (1.5份),825.0,25.5,102.0,34.5,主餐
炒麵 (2份),1100.0,34.0,136.0,46.0,主餐
炒麵 (2.5份),1375.0,42.5,170.0,57.5,主餐
炒麵 (3份),1650.0,51.0,204.0,69.0,主餐
炒麵 (小碗),412.5,12.8,51.0,17.2,主餐
炒麵 (中碗),550.0,17.0,68.0,23.0,主餐
炒麵 (大碗),742.5,23.0,91.8,31.1,主餐
炒麵 (小杯),412.5,12.8,51.0,17.2,主餐
炒麵 (中杯),550.0,17.0,68.0,23.0,主餐
炒麵 (大杯),770.0,23.8,95.2,32.2,主餐
炒麵 (小盒),412.5,12.8,51.0,17.2,主餐
炒麵 (中盒),550.0,17.0,68.0,23.0,主餐
炒麵 (大盒),770.0,23.8,95.2,32.2,主餐
炒麵 (100g),550.0,17.0,68.0,23.0,主餐
炒麵 (150g),825.0,25.5,102.0,34.5,主餐
炒麵 (200g),1100.0,34.0,136.0,46.0,主餐
炒麵 (250g),1375.0,42.5,170.0,57.5,主餐
炒麵 (300g),1650.0,51.0,204.0,69.0,主餐
炒烏龍 (半份),280.0,9.0,36.0,11.0,主餐
炒烏龍 (小份),420.0,13.5,54.0,16.5,主餐
炒烏龍 (1份),560.0,18.0,72.0,22.0,主餐
炒烏龍 (1.25份),700.0,22.5,90.0,27.5,主餐
炒烏龍 (1.5份),840.0,27.0,108.0,33.0,主餐
炒烏龍 (2份),1120.0,36.0,144.0,44.0,主餐
炒烏龍 (2.5份),1400.0,45.0,180.0,55.0,主餐
炒烏龍 (3份),1680.0,54.0,216.0,66.0,主餐
炒烏龍 (小碗),420.0,13.5,54.0,16.5,主餐
炒烏龍 (中碗),560.0,18.0,72.0,22.0,主餐
炒烏龍 (大碗),756.0,24.3,97.2,29.7,主餐
炒烏龍 (小杯),420.0,13.5,54.0,16.5,主餐
炒烏龍 (中杯),560.0,18.0,72.0,22.0,主餐
炒烏龍 (大杯),784.0,25.2,100.8,30.8,主餐
炒烏龍 (小盒),420.0,13.5,54.0,16.5,主餐
炒烏龍 (中盒),560.0,18.0,72.0,22.0,主餐
炒烏龍 (大盒),784.0,25.2,100.8,30.8,主餐
炒烏龍 (100g),560.0,18.0,72.0,22.0,主餐
炒烏龍 (150g),840.0,27.0,108.0,33.0,主餐
炒烏龍 (200g),1120.0,36.0,144.0,44.0,主餐
炒烏龍 (250g),1400.0,45.0,180.0,55.0,主餐
炒烏龍 (300g),1680.0,54.0,216.0,66.0,主餐
鍋燒意麵 (半份),260.0,12.0,32.5,8.5,主餐
鍋燒意麵 (小份),390.0,18.0,48.8,12.8,主餐
鍋燒意麵 (1份),520.0,24.0,65.0,17.0,主餐
鍋燒意麵 (1.25份),650.0,30.0,81.2,21.2,主餐
鍋燒意麵 (1.5份),780.0,36.0,97.5,25.5,主餐
鍋燒意麵 (2份),1040.0,48.0,130.0,34.0,主餐
鍋燒意麵 (2.5份),1300.0,60.0,162.5,42.5,主餐
鍋燒意麵 (3份),1560.0,72.0,195.0,51.0,主餐
鍋燒意麵 (小碗),390.0,18.0,48.8,12.8,主餐
鍋燒意麵 (中碗),520.0,24.0,65.0,17.0,主餐
鍋燒意麵 (大碗),702.0,32.4,87.8,23.0,主餐
鍋燒意麵 (小杯),390.0,18.0,48.8,12.8,主餐
鍋燒意麵 (中杯),520.0,24.0,65.0,17.0,主餐
鍋燒意麵 (大杯),728.0,33.6,91.0,23.8,主餐
鍋燒意麵 (小盒),390.0,18.0,48.8,12.8,主餐
鍋燒意麵 (中盒),520.0,24.0,65.0,17.0,主餐
鍋燒意麵 (大盒),728.0,33.6,91.0,23.8,主餐
鍋燒意麵 (100g),520.0,24.0,65.0,17.0,主餐
鍋燒意麵 (150g),780.0,36.0,97.5,25.5,主餐
鍋燒意麵 (200g),1040.0,48.0,130.0,34.0,主餐
鍋燒意麵 (250g),1300.0,60.0,162.5,42.5,主餐
鍋燒意麵 (300g),1560.0,72.0,195.0,51.0,主餐
雞肉飯 (半份),260.0,13.5,33.0,8.5,主餐
雞肉飯 (小份),390.0,20.2,49.5,12.8,主餐
雞肉飯 (1份),520.0,27.0,66.0,17.0,主餐
雞肉飯 (1.25份),650.0,33.8,82.5,21.2,主餐
雞肉飯 (1.5份),780.0,40.5,99.0,25.5,主餐
雞肉飯 (2份),1040.0,54.0,132.0,34.0,主餐
雞肉飯 (2.5份),1300.0,67.5,165.0,42.5,主餐
雞肉飯 (3份),1560.0,81.0,198.0,51.0,主餐
雞肉飯 (小碗),390.0,20.2,49.5,12.8,主餐
雞肉飯 (中碗),520.0,27.0,66.0,17.0,主餐
雞肉飯 (大碗),702.0,36.5,89.1,23.0,主餐
雞肉飯 (小杯),390.0,20.2,49.5,12.8,主餐
雞肉飯 (中杯),520.0,27.0,66.0,17.0,主餐
雞肉飯 (大杯),728.0,37.8,92.4,23.8,主餐
雞肉飯 (小盒),390.0,20.2,49.5,12.8,主餐
雞肉飯 (中盒),520.0,27.0,66.0,17.0,主餐
雞肉飯 (大盒),728.0,37.8,92.4,23.8,主餐
雞肉飯 (100g),520.0,27.0,66.0,17.0,主餐
雞肉飯 (150g),780.0,40.5,99.0,25.5,主餐
雞肉飯 (200g),1040.0,54.0,132.0,34.0,主餐
雞肉飯 (250g),1300.0,67.5,165.0,42.5,主餐
雞肉飯 (300g),1560.0,81.0,198.0,51.0,主餐
魚排飯 (半份),325.0,16.0,39.0,11.5,主餐
魚排飯 (小份),487.5,24.0,58.5,17.2,主餐
魚排飯 (1份),650.0,32.0,78.0,23.0,主餐
魚排飯 (1.25份),812.5,40.0,97.5,28.8,主餐
魚排飯 (1.5份),975.0,48.0,117.0,34.5,主餐
魚排飯 (2份),1300.0,64.0,156.0,46.0,主餐
魚排飯 (2.5份),1625.0,80.0,195.0,57.5,主餐
魚排飯 (3份),1950.0,96.0,234.0,69.0,主餐
魚排飯 (小碗),487.5,24.0,58.5,17.2,主餐
魚排飯 (中碗),650.0,32.0,78.0,23.0,主餐
魚排飯 (大碗),877.5,43.2,105.3,31.1,主餐
魚排飯 (小杯),487.5,24.0,58.5,17.2,主餐
魚排飯 (中杯),650.0,32.0,78.0,23.0,主餐
魚排飯 (大杯),910.0,44.8,109.2,32.2,主餐
魚排飯 (小盒),487.5,24.0,58.5,17.2,主餐
魚排飯 (中盒),650.0,32.0,78.0,23.0,主餐
魚排飯 (大盒),910.0,44.8,109.2,32.2,主餐
魚排飯 (100g),650.0,32.0,78.0,23.0,主餐
魚排飯 (150g),975.0,48.0,117.0,34.5,主餐
魚排飯 (200g),1300.0,64.0,156.0,46.0,主餐
魚排飯 (250g),1625.0,80.0,195.0,57.5,主餐
魚排飯 (300g),1950.0,96.0,234.0,69.0,主餐
牛丼 (半份),360.0,15.5,43.0,13.5,日式
牛丼 (小份),540.0,23.2,64.5,20.2,日式
牛丼 (1份),720.0,31.0,86.0,27.0,日式
牛丼 (1.25份),900.0,38.8,107.5,33.8,日式
牛丼 (1.5份),1080.0,46.5,129.0,40.5,日式
牛丼 (2份),1440.0,62.0,172.0,54.0,日式
牛丼 (2.5份),1800.0,77.5,215.0,67.5,日式
牛丼 (3份),2160.0,93.0,258.0,81.0,日式
牛丼 (小碗),540.0,23.2,64.5,20.2,日式
牛丼 (中碗),720.0,31.0,86.0,27.0,日式
牛丼 (大碗),972.0,41.9,116.1,36.5,日式
牛丼 (小杯),540.0,23.2,64.5,20.2,日式
牛丼 (中杯),720.0,31.0,86.0,27.0,日式
牛丼 (大杯),1008.0,43.4,120.4,37.8,日式
牛丼 (小盒),540.0,23.2,64.5,20.2,日式
牛丼 (中盒),720.0,31.0,86.0,27.0,日式
牛丼 (大盒),1008.0,43.4,120.4,37.8,日式
牛丼 (100g),720.0,31.0,86.0,27.0,日式
牛丼 (150g),1080.0,46.5,129.0,40.5,日式
牛丼 (200g),1440.0,62.0,172.0,54.0,日式
牛丼 (250g),1800.0,77.5,215.0,67.5,日式
牛丼 (300g),2160.0,93.0,258.0,81.0,日式
親子丼 (半份),340.0,15.5,39.0,12.0,日式
親子丼 (小份),510.0,23.2,58.5,18.0,日式
親子丼 (1份),680.0,31.0,78.0,24.0,日式
親子丼 (1.25份),850.0,38.8,97.5,30.0,日式
親子丼 (1.5份),1020.0,46.5,117.0,36.0,日式
親子丼 (2份),1360.0,62.0,156.0,48.0,日式
親子丼 (2.5份),1700.0,77.5,195.0,60.0,日式
親子丼 (3份),2040.0,93.0,234.0,72.0,日式
親子丼 (小碗),510.0,23.2,58.5,18.0,日式
親子丼 (中碗),680.0,31.0,78.0,24.0,日式
親子丼 (大碗),918.0,41.9,105.3,32.4,日式
親子丼 (小杯),510.0,23.2,58.5,18.0,日式
親子丼 (中杯),680.0,31.0,78.0,24.0,日式
親子丼 (大杯),952.0,43.4,109.2,33.6,日式
親子丼 (小盒),510.0,23.2,58.5,18.0,日式
親子丼 (中盒),680.0,31.0,78.0,24.0,日式
親子丼 (大盒),952.0,43.4,109.2,33.6,日式
親子丼 (100g),680.0,31.0,78.0,24.0,日式
親子丼 (150g),1020.0,46.5,117.0,36.0,日式
親子丼 (200g),1360.0,62.0,156.0,48.0,日式
親子丼 (250g),1700.0,77.5,195.0,60.0,日式
親子丼 (300g),2040.0,93.0,234.0,72.0,日式
豬排丼 (半份),390.0,17.0,41.0,17.0,日式
豬排丼 (小份),585.0,25.5,61.5,25.5,日式
豬排丼 (1份),780.0,34.0,82.0,34.0,日式
豬排丼 (1.25份),975.0,42.5,102.5,42.5,日式
豬排丼 (1.5份),1170.0,51.0,123.0,51.0,日式
豬排丼 (2份),1560.0,68.0,164.0,68.0,日式
豬排丼 (2.5份),1950.0,85.0,205.0,85.0,日式
豬排丼 (3份),2340.0,102.0,246.0,102.0,日式
豬排丼 (小碗),585.0,25.5,61.5,25.5,日式
豬排丼 (中碗),780.0,34.0,82.0,34.0,日式
豬排丼 (大碗),1053.0,45.9,110.7,45.9,日式
豬排丼 (小杯),585.0,25.5,61.5,25.5,日式
豬排丼 (中杯),780.0,34.0,82.0,34.0,日式
豬排丼 (大杯),1092.0,47.6,114.8,47.6,日式
豬排丼 (小盒),585.0,25.5,61.5,25.5,日式
豬排丼 (中盒),780.0,34.0,82.0,34.0,日式
豬排丼 (大盒),1092.0,47.6,114.8,47.6,日式
豬排丼 (100g),780.0,34.0,82.0,34.0,日式
豬排丼 (150g),1170.0,51.0,123.0,51.0,日式
豬排丼 (200g),1560.0,68.0,164.0,68.0,日式
豬排丼 (250g),1950.0,85.0,205.0,85.0,日式
豬排丼 (300g),2340.0,102.0,246.0,102.0,日式
咖哩飯 (半份),350.0,10.0,44.0,13.5,日式
咖哩飯 (小份),525.0,15.0,66.0,20.2,日式
咖哩飯 (1份),700.0,20.0,88.0,27.0,日式
咖哩飯 (1.25份),875.0,25.0,110.0,33.8,日式
咖哩飯 (1.5份),1050.0,30.0,132.0,40.5,日式
咖哩飯 (2份),1400.0,40.0,176.0,54.0,日式
咖哩飯 (2.5份),1750.0,50.0,220.0,67.5,日式
咖哩飯 (3份),2100.0,60.0,264.0,81.0,日式
咖哩飯 (小碗),525.0,15.0,66.0,20.2,日式
咖哩飯 (中碗),700.0,20.0,88.0,27.0,日式
咖哩飯 (大碗),945.0,27.0,118.8,36.5,日式
咖哩飯 (小杯),525.0,15.0,66.0,20.2,日式
咖哩飯 (中杯),700.0,20.0,88.0,27.0,日式
咖哩飯 (大杯),980.0,28.0,123.2,37.8,日式
咖哩飯 (小盒),525.0,15.0,66.0,20.2,日式
咖哩飯 (中盒),700.0,20.0,88.0,27.0,日式
咖哩飯 (大盒),980.0,28.0,123.2,37.8,日式
咖哩飯 (100g),700.0,20.0,88.0,27.0,日式
咖哩飯 (150g),1050.0,30.0,132.0,40.5,日式
咖哩飯 (200g),1400.0,40.0,176.0,54.0,日式
咖哩飯 (250g),1750.0,50.0,220.0,67.5,日式
咖哩飯 (300g),2100.0,60.0,264.0,81.0,日式
日式豬排飯 (半份),380.0,17.5,42.5,15.5,日式
日式豬排飯 (小份),570.0,26.2,63.8,23.2,日式
日式豬排飯 (1份),760.0,35.0,85.0,31.0,日式
日式豬排飯 (1.25份),950.0,43.8,106.2,38.8,日式
日式豬排飯 (1.5份),1140.0,52.5,127.5,46.5,日式
日式豬排飯 (2份),1520.0,70.0,170.0,62.0,日式
日式豬排飯 (2.5份),1900.0,87.5,212.5,77.5,日式
日式豬排飯 (3份),2280.0,105.0,255.0,93.0,日式
日式豬排飯 (小碗),570.0,26.2,63.8,23.2,日式
日式豬排飯 (中碗),760.0,35.0,85.0,31.0,日式
日式豬排飯 (大碗),1026.0,47.2,114.8,41.9,日式
日式豬排飯 (小杯),570.0,26.2,63.8,23.2,日式
日式豬排飯 (中杯),760.0,35.0,85.0,31.0,日式
日式豬排飯 (大杯),1064.0,49.0,119.0,43.4,日式
日式豬排飯 (小盒),570.0,26.2,63.8,23.2,日式
日式豬排飯 (中盒),760.0,35.0,85.0,31.0,日式
日式豬排飯 (大盒),1064.0,49.0,119.0,43.4,日式
日式豬排飯 (100g),760.0,35.0,85.0,31.0,日式
日式豬排飯 (150g),1140.0,52.5,127.5,46.5,日式
日式豬排飯 (200g),1520.0,70.0,170.0,62.0,日式
日式豬排飯 (250g),1900.0,87.5,212.5,77.5,日式
日式豬排飯 (300g),2280.0,105.0,255.0,93.0,日式
壽司 (半份),150.0,5.0,27.0,2.5,日式
壽司 (小份),225.0,7.5,40.5,3.8,日式
壽司 (1份),300.0,10.0,54.0,5.0,日式
壽司 (1.25份),375.0,12.5,67.5,6.2,日式
壽司 (1.5份),450.0,15.0,81.0,7.5,日式
壽司 (2份),600.0,20.0,108.0,10.0,日式
壽司 (2.5份),750.0,25.0,135.0,12.5,日式
壽司 (3份),900.0,30.0,162.0,15.0,日式
壽司 (小碗),225.0,7.5,40.5,3.8,日式
壽司 (中碗),300.0,10.0,54.0,5.0,日式
壽司 (大碗),405.0,13.5,72.9,6.8,日式
壽司 (小杯),225.0,7.5,40.5,3.8,日式
壽司 (中杯),300.0,10.0,54.0,5.0,日式
壽司 (大杯),420.0,14.0,75.6,7.0,日式
壽司 (小盒),225.0,7.5,40.5,3.8,日式
壽司 (中盒),300.0,10.0,54.0,5.0,日式
壽司 (大盒),420.0,14.0,75.6,7.0,日式
壽司 (100g),300.0,10.0,54.0,5.0,日式
壽司 (150g),450.0,15.0,81.0,7.5,日式
壽司 (200g),600.0,20.0,108.0,10.0,日式
壽司 (250g),750.0,25.0,135.0,12.5,日式
壽司 (300g),900.0,30.0,162.0,15.0,日式
鮭魚壽司 (半份),165.0,7.5,25.0,4.0,日式
鮭魚壽司 (小份),247.5,11.2,37.5,6.0,日式
鮭魚壽司 (1份),330.0,15.0,50.0,8.0,日式
鮭魚壽司 (1.25份),412.5,18.8,62.5,10.0,日式
鮭魚壽司 (1.5份),495.0,22.5,75.0,12.0,日式
鮭魚壽司 (2份),660.0,30.0,100.0,16.0,日式
鮭魚壽司 (2.5份),825.0,37.5,125.0,20.0,日式
鮭魚壽司 (3份),990.0,45.0,150.0,24.0,日式
鮭魚壽司 (小碗),247.5,11.2,37.5,6.0,日式
鮭魚壽司 (中碗),330.0,15.0,50.0,8.0,日式
鮭魚壽司 (大碗),445.5,20.2,67.5,10.8,日式
鮭魚壽司 (小杯),247.5,11.2,37.5,6.0,日式
鮭魚壽司 (中杯),330.0,15.0,50.0,8.0,日式
鮭魚壽司 (大杯),462.0,21.0,70.0,11.2,日式
鮭魚壽司 (小盒),247.5,11.2,37.5,6.0,日式
鮭魚壽司 (中盒),330.0,15.0,50.0,8.0,日式
鮭魚壽司 (大盒),462.0,21.0,70.0,11.2,日式
鮭魚壽司 (100g),330.0,15.0,50.0,8.0,日式
鮭魚壽司 (150g),495.0,22.5,75.0,12.0,日式
鮭魚壽司 (200g),660.0,30.0,100.0,16.0,日式
鮭魚壽司 (250g),825.0,37.5,125.0,20.0,日式
鮭魚壽司 (300g),990.0,45.0,150.0,24.0,日式
鮪魚壽司 (半份),155.0,8.0,25.0,3.0,日式
鮪魚壽司 (小份),232.5,12.0,37.5,4.5,日式
鮪魚壽司 (1份),310.0,16.0,50.0,6.0,日式
鮪魚壽司 (1.25份),387.5,20.0,62.5,7.5,日式
鮪魚壽司 (1.5份),465.0,24.0,75.0,9.0,日式
鮪魚壽司 (2份),620.0,32.0,100.0,12.0,日式
鮪魚壽司 (2.5份),775.0,40.0,125.0,15.0,日式
鮪魚壽司 (3份),930.0,48.0,150.0,18.0,日式
鮪魚壽司 (小碗),232.5,12.0,37.5,4.5,日式
鮪魚壽司 (中碗),310.0,16.0,50.0,6.0,日式
鮪魚壽司 (大碗),418.5,21.6,67.5,8.1,日式
鮪魚壽司 (小杯),232.5,12.0,37.5,4.5,日式
鮪魚壽司 (中杯),310.0,16.0,50.0,6.0,日式
鮪魚壽司 (大杯),434.0,22.4,70.0,8.4,日式
鮪魚壽司 (小盒),232.5,12.0,37.5,4.5,日式
鮪魚壽司 (中盒),310.0,16.0,50.0,6.0,日式
鮪魚壽司 (大盒),434.0,22.4,70.0,8.4,日式
鮪魚壽司 (100g),310.0,16.0,50.0,6.0,日式
鮪魚壽司 (150g),465.0,24.0,75.0,9.0,日式
鮪魚壽司 (200g),620.0,32.0,100.0,12.0,日式
鮪魚壽司 (250g),775.0,40.0,125.0,15.0,日式
鮪魚壽司 (300g),930.0,48.0,150.0,18.0,日式
蝦壽司 (半份),145.0,6.5,26.0,2.0,日式
蝦壽司 (小份),217.5,9.8,39.0,3.0,日式
蝦壽司 (1份),290.0,13.0,52.0,4.0,日式
蝦壽司 (1.25份),362.5,16.2,65.0,5.0,日式
蝦壽司 (1.5份),435.0,19.5,78.0,6.0,日式
蝦壽司 (2份),580.0,26.0,104.0,8.0,日式
蝦壽司 (2.5份),725.0,32.5,130.0,10.0,日式
蝦壽司 (3份),870.0,39.0,156.0,12.0,日式
蝦壽司 (小碗),217.5,9.8,39.0,3.0,日式
蝦壽司 (中碗),290.0,13.0,52.0,4.0,日式
蝦壽司 (大碗),391.5,17.6,70.2,5.4,日式
蝦壽司 (小杯),217.5,9.8,39.0,3.0,日式
蝦壽司 (中杯),290.0,13.0,52.0,4.0,日式
蝦壽司 (大杯),406.0,18.2,72.8,5.6,日式
蝦壽司 (小盒),217.5,9.8,39.0,3.0,日式
蝦壽司 (中盒),290.0,13.0,52.0,4.0,日式
蝦壽司 (大盒),406.0,18.2,72.8,5.6,日式
蝦壽司 (100g),290.0,13.0,52.0,4.0,日式
蝦壽司 (150g),435.0,19.5,78.0,6.0,日式
蝦壽司 (200g),580.0,26.0,104.0,8.0,日式
蝦壽司 (250g),725.0,32.5,130.0,10.0,日式
蝦壽司 (300g),870.0,39.0,156.0,12.0,日式
玉子燒 (半份),90.0,5.0,5.0,5.0,日式
玉子燒 (小份),135.0,7.5,7.5,7.5,日式
玉子燒 (1份),180.0,10.0,10.0,10.0,日式
玉子燒 (1.25份),225.0,12.5,12.5,12.5,日式
玉子燒 (1.5份),270.0,15.0,15.0,15.0,日式
玉子燒 (2份),360.0,20.0,20.0,20.0,日式
玉子燒 (2.5份),450.0,25.0,25.0,25.0,日式
玉子燒 (3份),540.0,30.0,30.0,30.0,日式
玉子燒 (小碗),135.0,7.5,7.5,7.5,日式
玉子燒 (中碗),180.0,10.0,10.0,10.0,日式
玉子燒 (大碗),243.0,13.5,13.5,13.5,日式
玉子燒 (小杯),135.0,7.5,7.5,7.5,日式
玉子燒 (中杯),180.0,10.0,10.0,10.0,日式
玉子燒 (大杯),252.0,14.0,14.0,14.0,日式
玉子燒 (小盒),135.0,7.5,7.5,7.5,日式
玉子燒 (中盒),180.0,10.0,10.0,10.0,日式
玉子燒 (大盒),252.0,14.0,14.0,14.0,日式
玉子燒 (100g),180.0,10.0,10.0,10.0,日式
玉子燒 (150g),270.0,15.0,15.0,15.0,日式
玉子燒 (200g),360.0,20.0,20.0,20.0,日式
玉子燒 (250g),450.0,25.0,25.0,25.0,日式
玉子燒 (300g),540.0,30.0,30.0,30.0,日式
味噌湯 (半份),27.5,2.0,2.5,1.0,湯品
味噌湯 (小份),41.2,3.0,3.8,1.5,湯品
味噌湯 (1份),55.0,4.0,5.0,2.0,湯品
味噌湯 (1.25份),68.8,5.0,6.2,2.5,湯品
味噌湯 (1.5份),82.5,6.0,7.5,3.0,湯品
味噌湯 (2份),110.0,8.0,10.0,4.0,湯品
味噌湯 (2.5份),137.5,10.0,12.5,5.0,湯品
味噌湯 (3份),165.0,12.0,15.0,6.0,湯品
味噌湯 (小碗),41.2,3.0,3.8,1.5,湯品
味噌湯 (中碗),55.0,4.0,5.0,2.0,湯品
味噌湯 (大碗),74.2,5.4,6.8,2.7,湯品
味噌湯 (小杯),41.2,3.0,3.8,1.5,湯品
味噌湯 (中杯),55.0,4.0,5.0,2.0,湯品
味噌湯 (大杯),77.0,5.6,7.0,2.8,湯品
味噌湯 (小盒),41.2,3.0,3.8,1.5,湯品
味噌湯 (中盒),55.0,4.0,5.0,2.0,湯品
味噌湯 (大盒),77.0,5.6,7.0,2.8,湯品
味噌湯 (100g),55.0,4.0,5.0,2.0,湯品
味噌湯 (150g),82.5,6.0,7.5,3.0,湯品
味噌湯 (200g),110.0,8.0,10.0,4.0,湯品
味噌湯 (250g),137.5,10.0,12.5,5.0,湯品
味噌湯 (300g),165.0,12.0,15.0,6.0,湯品
茶碗蒸 (半份),55.0,4.5,2.0,3.0,日式
茶碗蒸 (小份),82.5,6.8,3.0,4.5,日式
茶碗蒸 (1份),110.0,9.0,4.0,6.0,日式
茶碗蒸 (1.25份),137.5,11.2,5.0,7.5,日式
茶碗蒸 (1.5份),165.0,13.5,6.0,9.0,日式
茶碗蒸 (2份),220.0,18.0,8.0,12.0,日式
茶碗蒸 (2.5份),275.0,22.5,10.0,15.0,日式
茶碗蒸 (3份),330.0,27.0,12.0,18.0,日式
茶碗蒸 (小碗),82.5,6.8,3.0,4.5,日式
茶碗蒸 (中碗),110.0,9.0,4.0,6.0,日式
茶碗蒸 (大碗),148.5,12.2,5.4,8.1,日式
茶碗蒸 (小杯),82.5,6.8,3.0,4.5,日式
茶碗蒸 (中杯),110.0,9.0,4.0,6.0,日式
茶碗蒸 (大杯),154.0,12.6,5.6,8.4,日式
茶碗蒸 (小盒),82.5,6.8,3.0,4.5,日式
茶碗蒸 (中盒),110.0,9.0,4.0,6.0,日式
茶碗蒸 (大盒),154.0,12.6,5.6,8.4,日式
茶碗蒸 (100g),110.0,9.0,4.0,6.0,日式
茶碗蒸 (150g),165.0,13.5,6.0,9.0,日式
茶碗蒸 (200g),220.0,18.0,8.0,12.0,日式
茶碗蒸 (250g),275.0,22.5,10.0,15.0,日式
茶碗蒸 (300g),330.0,27.0,12.0,18.0,日式
烤鯖魚 (半份),140.0,12.5,0.0,10.0,海鮮
烤鯖魚 (小份),210.0,18.8,0.0,15.0,海鮮
烤鯖魚 (1份),280.0,25.0,0.0,20.0,海鮮
烤鯖魚 (1.25份),350.0,31.2,0.0,25.0,海鮮
烤鯖魚 (1.5份),420.0,37.5,0.0,30.0,海鮮
烤鯖魚 (2份),560.0,50.0,0.0,40.0,海鮮
烤鯖魚 (2.5份),700.0,62.5,0.0,50.0,海鮮
烤鯖魚 (3份),840.0,75.0,0.0,60.0,海鮮
烤鯖魚 (小碗),210.0,18.8,0.0,15.0,海鮮
烤鯖魚 (中碗),280.0,25.0,0.0,20.0,海鮮
烤鯖魚 (大碗),378.0,33.8,0.0,27.0,海鮮
烤鯖魚 (小杯),210.0,18.8,0.0,15.0,海鮮
烤鯖魚 (中杯),280.0,25.0,0.0,20.0,海鮮
烤鯖魚 (大杯),392.0,35.0,0.0,28.0,海鮮
烤鯖魚 (小盒),210.0,18.8,0.0,15.0,海鮮
烤鯖魚 (中盒),280.0,25.0,0.0,20.0,海鮮
烤鯖魚 (大盒),392.0,35.0,0.0,28.0,海鮮
烤鯖魚 (100g),280.0,25.0,0.0,20.0,海鮮
烤鯖魚 (150g),420.0,37.5,0.0,30.0,海鮮
烤鯖魚 (200g),560.0,50.0,0.0,40.0,海鮮
烤鯖魚 (250g),700.0,62.5,0.0,50.0,海鮮
烤鯖魚 (300g),840.0,75.0,0.0,60.0,海鮮
烤鮭魚 (半份),120.0,12.5,0.0,7.5,海鮮
烤鮭魚 (小份),180.0,18.8,0.0,11.2,海鮮
烤鮭魚 (1份),240.0,25.0,0.0,15.0,海鮮
烤鮭魚 (1.25份),300.0,31.2,0.0,18.8,海鮮
烤鮭魚 (1.5份),360.0,37.5,0.0,22.5,海鮮
烤鮭魚 (2份),480.0,50.0,0.0,30.0,海鮮
烤鮭魚 (2.5份),600.0,62.5,0.0,37.5,海鮮
烤鮭魚 (3份),720.0,75.0,0.0,45.0,海鮮
烤鮭魚 (小碗),180.0,18.8,0.0,11.2,海鮮
烤鮭魚 (中碗),240.0,25.0,0.0,15.0,海鮮
烤鮭魚 (大碗),324.0,33.8,0.0,20.2,海鮮
烤鮭魚 (小杯),180.0,18.8,0.0,11.2,海鮮
烤鮭魚 (中杯),240.0,25.0,0.0,15.0,海鮮
烤鮭魚 (大杯),336.0,35.0,0.0,21.0,海鮮
烤鮭魚 (小盒),180.0,18.8,0.0,11.2,海鮮
烤鮭魚 (中盒),240.0,25.0,0.0,15.0,海鮮
烤鮭魚 (大盒),336.0,35.0,0.0,21.0,海鮮
烤鮭魚 (100g),240.0,25.0,0.0,15.0,海鮮
烤鮭魚 (150g),360.0,37.5,0.0,22.5,海鮮
烤鮭魚 (200g),480.0,50.0,0.0,30.0,海鮮
烤鮭魚 (250g),600.0,62.5,0.0,37.5,海鮮
烤鮭魚 (300g),720.0,75.0,0.0,45.0,海鮮
烤鯛魚 (半份),90.0,13.5,0.0,3.5,海鮮
烤鯛魚 (小份),135.0,20.2,0.0,5.2,海鮮
烤鯛魚 (1份),180.0,27.0,0.0,7.0,海鮮
烤鯛魚 (1.25份),225.0,33.8,0.0,8.8,海鮮
烤鯛魚 (1.5份),270.0,40.5,0.0,10.5,海鮮
烤鯛魚 (2份),360.0,54.0,0.0,14.0,海鮮
烤鯛魚 (2.5份),450.0,67.5,0.0,17.5,海鮮
烤鯛魚 (3份),540.0,81.0,0.0,21.0,海鮮
烤鯛魚 (小碗),135.0,20.2,0.0,5.2,海鮮
烤鯛魚 (中碗),180.0,27.0,0.0,7.0,海鮮
烤鯛魚 (大碗),243.0,36.5,0.0,9.5,海鮮
烤鯛魚 (小杯),135.0,20.2,0.0,5.2,海鮮
烤鯛魚 (中杯),180.0,27.0,0.0,7.0,海鮮
烤鯛魚 (大杯),252.0,37.8,0.0,9.8,海鮮
烤鯛魚 (小盒),135.0,20.2,0.0,5.2,海鮮
烤鯛魚 (中盒),180.0,27.0,0.0,7.0,海鮮
烤鯛魚 (大盒),252.0,37.8,0.0,9.8,海鮮
烤鯛魚 (100g),180.0,27.0,0.0,7.0,海鮮
烤鯛魚 (150g),270.0,40.5,0.0,10.5,海鮮
烤鯛魚 (200g),360.0,54.0,0.0,14.0,海鮮
烤鯛魚 (250g),450.0,67.5,0.0,17.5,海鮮
烤鯛魚 (300g),540.0,81.0,0.0,21.0,海鮮
清蒸鱈魚 (半份),75.0,13.5,0.0,2.0,海鮮
清蒸鱈魚 (小份),112.5,20.2,0.0,3.0,海鮮
清蒸鱈魚 (1份),150.0,27.0,0.0,4.0,海鮮
清蒸鱈魚 (1.25份),187.5,33.8,0.0,5.0,海鮮
清蒸鱈魚 (1.5份),225.0,40.5,0.0,6.0,海鮮
清蒸鱈魚 (2份),300.0,54.0,0.0,8.0,海鮮
清蒸鱈魚 (2.5份),375.0,67.5,0.0,10.0,海鮮
清蒸鱈魚 (3份),450.0,81.0,0.0,12.0,海鮮
清蒸鱈魚 (小碗),112.5,20.2,0.0,3.0,海鮮
清蒸鱈魚 (中碗),150.0,27.0,0.0,4.0,海鮮
清蒸鱈魚 (大碗),202.5,36.5,0.0,5.4,海鮮
清蒸鱈魚 (小杯),112.5,20.2,0.0,3.0,海鮮
清蒸鱈魚 (中杯),150.0,27.0,0.0,4.0,海鮮
清蒸鱈魚 (大杯),210.0,37.8,0.0,5.6,海鮮
清蒸鱈魚 (小盒),112.5,20.2,0.0,3.0,海鮮
清蒸鱈魚 (中盒),150.0,27.0,0.0,4.0,海鮮
清蒸鱈魚 (大盒),210.0,37.8,0.0,5.6,海鮮
清蒸鱈魚 (100g),150.0,27.0,0.0,4.0,海鮮
清蒸鱈魚 (150g),225.0,40.5,0.0,6.0,海鮮
清蒸鱈魚 (200g),300.0,54.0,0.0,8.0,海鮮
清蒸鱈魚 (250g),375.0,67.5,0.0,10.0,海鮮
清蒸鱈魚 (300g),450.0,81.0,0.0,12.0,海鮮
蝦仁 (半份),50.0,12.0,0.5,0.1,海鮮
蝦仁 (小份),75.0,18.0,0.8,0.2,海鮮
蝦仁 (1份),100.0,24.0,1.0,0.3,海鮮
蝦仁 (1.25份),125.0,30.0,1.2,0.4,海鮮
蝦仁 (1.5份),150.0,36.0,1.5,0.4,海鮮
蝦仁 (2份),200.0,48.0,2.0,0.6,海鮮
蝦仁 (2.5份),250.0,60.0,2.5,0.8,海鮮
蝦仁 (3份),300.0,72.0,3.0,0.9,海鮮
蝦仁 (小碗),75.0,18.0,0.8,0.2,海鮮
蝦仁 (中碗),100.0,24.0,1.0,0.3,海鮮
蝦仁 (大碗),135.0,32.4,1.4,0.4,海鮮
蝦仁 (小杯),75.0,18.0,0.8,0.2,海鮮
蝦仁 (中杯),100.0,24.0,1.0,0.3,海鮮
蝦仁 (大杯),140.0,33.6,1.4,0.4,海鮮
蝦仁 (小盒),75.0,18.0,0.8,0.2,海鮮
蝦仁 (中盒),100.0,24.0,1.0,0.3,海鮮
蝦仁 (大盒),140.0,33.6,1.4,0.4,海鮮
蝦仁 (100g),100.0,24.0,1.0,0.3,海鮮
蝦仁 (150g),150.0,36.0,1.5,0.4,海鮮
蝦仁 (200g),200.0,48.0,2.0,0.6,海鮮
蝦仁 (250g),250.0,60.0,2.5,0.8,海鮮
蝦仁 (300g),300.0,72.0,3.0,0.9,海鮮
透抽 (半份),55.0,9.0,1.5,1.0,海鮮
透抽 (小份),82.5,13.5,2.2,1.5,海鮮
透抽 (1份),110.0,18.0,3.0,2.0,海鮮
透抽 (1.25份),137.5,22.5,3.8,2.5,海鮮
透抽 (1.5份),165.0,27.0,4.5,3.0,海鮮
透抽 (2份),220.0,36.0,6.0,4.0,海鮮
透抽 (2.5份),275.0,45.0,7.5,5.0,海鮮
透抽 (3份),330.0,54.0,9.0,6.0,海鮮
透抽 (小碗),82.5,13.5,2.2,1.5,海鮮
透抽 (中碗),110.0,18.0,3.0,2.0,海鮮
透抽 (大碗),148.5,24.3,4.1,2.7,海鮮
透抽 (小杯),82.5,13.5,2.2,1.5,海鮮
透抽 (中杯),110.0,18.0,3.0,2.0,海鮮
透抽 (大杯),154.0,25.2,4.2,2.8,海鮮
透抽 (小盒),82.5,13.5,2.2,1.5,海鮮
透抽 (中盒),110.0,18.0,3.0,2.0,海鮮
透抽 (大盒),154.0,25.2,4.2,2.8,海鮮
透抽 (100g),110.0,18.0,3.0,2.0,海鮮
透抽 (150g),165.0,27.0,4.5,3.0,海鮮
透抽 (200g),220.0,36.0,6.0,4.0,海鮮
透抽 (250g),275.0,45.0,7.5,5.0,海鮮
透抽 (300g),330.0,54.0,9.0,6.0,海鮮
蛤蜊 (半份),40.0,6.5,2.0,0.8,海鮮
蛤蜊 (小份),60.0,9.8,3.0,1.1,海鮮
蛤蜊 (1份),80.0,13.0,4.0,1.5,海鮮
蛤蜊 (1.25份),100.0,16.2,5.0,1.9,海鮮
蛤蜊 (1.5份),120.0,19.5,6.0,2.2,海鮮
蛤蜊 (2份),160.0,26.0,8.0,3.0,海鮮
蛤蜊 (2.5份),200.0,32.5,10.0,3.8,海鮮
蛤蜊 (3份),240.0,39.0,12.0,4.5,海鮮
蛤蜊 (小碗),60.0,9.8,3.0,1.1,海鮮
蛤蜊 (中碗),80.0,13.0,4.0,1.5,海鮮
蛤蜊 (大碗),108.0,17.6,5.4,2.0,海鮮
蛤蜊 (小杯),60.0,9.8,3.0,1.1,海鮮
蛤蜊 (中杯),80.0,13.0,4.0,1.5,海鮮
蛤蜊 (大杯),112.0,18.2,5.6,2.1,海鮮
蛤蜊 (小盒),60.0,9.8,3.0,1.1,海鮮
蛤蜊 (中盒),80.0,13.0,4.0,1.5,海鮮
蛤蜊 (大盒),112.0,18.2,5.6,2.1,海鮮
蛤蜊 (100g),80.0,13.0,4.0,1.5,海鮮
蛤蜊 (150g),120.0,19.5,6.0,2.2,海鮮
蛤蜊 (200g),160.0,26.0,8.0,3.0,海鮮
蛤蜊 (250g),200.0,32.5,10.0,3.8,海鮮
蛤蜊 (300g),240.0,39.0,12.0,4.5,海鮮
蚵仔 (半份),42.5,4.5,2.5,1.5,海鮮
蚵仔 (小份),63.8,6.8,3.8,2.2,海鮮
蚵仔 (1份),85.0,9.0,5.0,3.0,海鮮
蚵仔 (1.25份),106.2,11.2,6.2,3.8,海鮮
蚵仔 (1.5份),127.5,13.5,7.5,4.5,海鮮
蚵仔 (2份),170.0,18.0,10.0,6.0,海鮮
蚵仔 (2.5份),212.5,22.5,12.5,7.5,海鮮
蚵仔 (3份),255.0,27.0,15.0,9.0,海鮮
蚵仔 (小碗),63.8,6.8,3.8,2.2,海鮮
蚵仔 (中碗),85.0,9.0,5.0,3.0,海鮮
蚵仔 (大碗),114.8,12.2,6.8,4.1,海鮮
蚵仔 (小杯),63.8,6.8,3.8,2.2,海鮮
蚵仔 (中杯),85.0,9.0,5.0,3.0,海鮮
蚵仔 (大杯),119.0,12.6,7.0,4.2,海鮮
蚵仔 (小盒),63.8,6.8,3.8,2.2,海鮮
蚵仔 (中盒),85.0,9.0,5.0,3.0,海鮮
蚵仔 (大盒),119.0,12.6,7.0,4.2,海鮮
蚵仔 (100g),85.0,9.0,5.0,3.0,海鮮
蚵仔 (150g),127.5,13.5,7.5,4.5,海鮮
蚵仔 (200g),170.0,18.0,10.0,6.0,海鮮
蚵仔 (250g),212.5,22.5,12.5,7.5,海鮮
蚵仔 (300g),255.0,27.0,15.0,9.0,海鮮
鮪魚 (半份),65.0,14.5,0.0,0.5,海鮮
鮪魚 (小份),97.5,21.8,0.0,0.8,海鮮
鮪魚 (1份),130.0,29.0,0.0,1.0,海鮮
鮪魚 (1.25份),162.5,36.2,0.0,1.2,海鮮
鮪魚 (1.5份),195.0,43.5,0.0,1.5,海鮮
鮪魚 (2份),260.0,58.0,0.0,2.0,海鮮
鮪魚 (2.5份),325.0,72.5,0.0,2.5,海鮮
鮪魚 (3份),390.0,87.0,0.0,3.0,海鮮
鮪魚 (小碗),97.5,21.8,0.0,0.8,海鮮
鮪魚 (中碗),130.0,29.0,0.0,1.0,海鮮
鮪魚 (大碗),175.5,39.2,0.0,1.4,海鮮
鮪魚 (小杯),97.5,21.8,0.0,0.8,海鮮
鮪魚 (中杯),130.0,29.0,0.0,1.0,海鮮
鮪魚 (大杯),182.0,40.6,0.0,1.4,海鮮
鮪魚 (小盒),97.5,21.8,0.0,0.8,海鮮
鮪魚 (中盒),130.0,29.0,0.0,1.0,海鮮
鮪魚 (大盒),182.0,40.6,0.0,1.4,海鮮
鮪魚 (100g),130.0,29.0,0.0,1.0,海鮮
鮪魚 (150g),195.0,43.5,0.0,1.5,海鮮
鮪魚 (200g),260.0,58.0,0.0,2.0,海鮮
鮪魚 (250g),325.0,72.5,0.0,2.5,海鮮
鮪魚 (300g),390.0,87.0,0.0,3.0,海鮮
鯛魚 (半份),65.0,13.0,0.0,1.5,海鮮
鯛魚 (小份),97.5,19.5,0.0,2.2,海鮮
鯛魚 (1份),130.0,26.0,0.0,3.0,海鮮
鯛魚 (1.25份),162.5,32.5,0.0,3.8,海鮮
鯛魚 (1.5份),195.0,39.0,0.0,4.5,海鮮
鯛魚 (2份),260.0,52.0,0.0,6.0,海鮮
鯛魚 (2.5份),325.0,65.0,0.0,7.5,海鮮
鯛魚 (3份),390.0,78.0,0.0,9.0,海鮮
鯛魚 (小碗),97.5,19.5,0.0,2.2,海鮮
鯛魚 (中碗),130.0,26.0,0.0,3.0,海鮮
鯛魚 (大碗),175.5,35.1,0.0,4.1,海鮮
鯛魚 (小杯),97.5,19.5,0.0,2.2,海鮮
鯛魚 (中杯),130.0,26.0,0.0,3.0,海鮮
鯛魚 (大杯),182.0,36.4,0.0,4.2,海鮮
鯛魚 (小盒),97.5,19.5,0.0,2.2,海鮮
鯛魚 (中盒),130.0,26.0,0.0,3.0,海鮮
鯛魚 (大盒),182.0,36.4,0.0,4.2,海鮮
鯛魚 (100g),130.0,26.0,0.0,3.0,海鮮
鯛魚 (150g),195.0,39.0,0.0,4.5,海鮮
鯛魚 (200g),260.0,52.0,0.0,6.0,海鮮
鯛魚 (250g),325.0,65.0,0.0,7.5,海鮮
鯛魚 (300g),390.0,78.0,0.0,9.0,海鮮
鯖魚 (半份),105.0,10.0,0.0,7.0,海鮮
鯖魚 (小份),157.5,15.0,0.0,10.5,海鮮
鯖魚 (1份),210.0,20.0,0.0,14.0,海鮮
鯖魚 (1.25份),262.5,25.0,0.0,17.5,海鮮
鯖魚 (1.5份),315.0,30.0,0.0,21.0,海鮮
鯖魚 (2份),420.0,40.0,0.0,28.0,海鮮
鯖魚 (2.5份),525.0,50.0,0.0,35.0,海鮮
鯖魚 (3份),630.0,60.0,0.0,42.0,海鮮
鯖魚 (小碗),157.5,15.0,0.0,10.5,海鮮
鯖魚 (中碗),210.0,20.0,0.0,14.0,海鮮
鯖魚 (大碗),283.5,27.0,0.0,18.9,海鮮
鯖魚 (小杯),157.5,15.0,0.0,10.5,海鮮
鯖魚 (中杯),210.0,20.0,0.0,14.0,海鮮
鯖魚 (大杯),294.0,28.0,0.0,19.6,海鮮
鯖魚 (小盒),157.5,15.0,0.0,10.5,海鮮
鯖魚 (中盒),210.0,20.0,0.0,14.0,海鮮
鯖魚 (大盒),294.0,28.0,0.0,19.6,海鮮
鯖魚 (100g),210.0,20.0,0.0,14.0,海鮮
鯖魚 (150g),315.0,30.0,0.0,21.0,海鮮
鯖魚 (200g),420.0,40.0,0.0,28.0,海鮮
鯖魚 (250g),525.0,50.0,0.0,35.0,海鮮
鯖魚 (300g),630.0,60.0,0.0,42.0,海鮮
鯷魚 (半份),65.0,14.5,0.0,2.5,海鮮
鯷魚 (小份),97.5,21.8,0.0,3.8,海鮮
鯷魚 (1份),130.0,29.0,0.0,5.0,海鮮
鯷魚 (1.25份),162.5,36.2,0.0,6.2,海鮮
鯷魚 (1.5份),195.0,43.5,0.0,7.5,海鮮
鯷魚 (2份),260.0,58.0,0.0,10.0,海鮮
鯷魚 (2.5份),325.0,72.5,0.0,12.5,海鮮
鯷魚 (3份),390.0,87.0,0.0,15.0,海鮮
鯷魚 (小碗),97.5,21.8,0.0,3.8,海鮮
鯷魚 (中碗),130.0,29.0,0.0,5.0,海鮮
鯷魚 (大碗),175.5,39.2,0.0,6.8,海鮮
鯷魚 (小杯),97.5,21.8,0.0,3.8,海鮮
鯷魚 (中杯),130.0,29.0,0.0,5.0,海鮮
鯷魚 (大杯),182.0,40.6,0.0,7.0,海鮮
鯷魚 (小盒),97.5,21.8,0.0,3.8,海鮮
鯷魚 (中盒),130.0,29.0,0.0,5.0,海鮮
鯷魚 (大盒),182.0,40.6,0.0,7.0,海鮮
鯷魚 (100g),130.0,29.0,0.0,5.0,海鮮
鯷魚 (150g),195.0,43.5,0.0,7.5,海鮮
鯷魚 (200g),260.0,58.0,0.0,10.0,海鮮
鯷魚 (250g),325.0,72.5,0.0,12.5,海鮮
鯷魚 (300g),390.0,87.0,0.0,15.0,海鮮
雞胸肉 (半份),82.5,15.5,0.0,1.8,蛋白質
雞胸肉 (小份),123.8,23.2,0.0,2.7,蛋白質
雞胸肉 (1份),165.0,31.0,0.0,3.6,蛋白質
雞胸肉 (1.25份),206.2,38.8,0.0,4.5,蛋白質
雞胸肉 (1.5份),247.5,46.5,0.0,5.4,蛋白質
雞胸肉 (2份),330.0,62.0,0.0,7.2,蛋白質
雞胸肉 (2.5份),412.5,77.5,0.0,9.0,蛋白質
雞胸肉 (3份),495.0,93.0,0.0,10.8,蛋白質
雞胸肉 (小碗),123.8,23.2,0.0,2.7,蛋白質
雞胸肉 (中碗),165.0,31.0,0.0,3.6,蛋白質
雞胸肉 (大碗),222.8,41.9,0.0,4.9,蛋白質
雞胸肉 (小杯),123.8,23.2,0.0,2.7,蛋白質
雞胸肉 (中杯),165.0,31.0,0.0,3.6,蛋白質
雞胸肉 (大杯),231.0,43.4,0.0,5.0,蛋白質
雞胸肉 (小盒),123.8,23.2,0.0,2.7,蛋白質
雞胸肉 (中盒),165.0,31.0,0.0,3.6,蛋白質
雞胸肉 (大盒),231.0,43.4,0.0,5.0,蛋白質
雞胸肉 (100g),165.0,31.0,0.0,3.6,蛋白質
雞胸肉 (150g),247.5,46.5,0.0,5.4,蛋白質
雞胸肉 (200g),330.0,62.0,0.0,7.2,蛋白質
雞胸肉 (250g),412.5,77.5,0.0,9.0,蛋白質
雞胸肉 (300g),495.0,93.0,0.0,10.8,蛋白質
雞腿肉 (半份),110.0,12.5,0.0,6.5,蛋白質
雞腿肉 (小份),165.0,18.8,0.0,9.8,蛋白質
雞腿肉 (1份),220.0,25.0,0.0,13.0,蛋白質
雞腿肉 (1.25份),275.0,31.2,0.0,16.2,蛋白質
雞腿肉 (1.5份),330.0,37.5,0.0,19.5,蛋白質
雞腿肉 (2份),440.0,50.0,0.0,26.0,蛋白質
雞腿肉 (2.5份),550.0,62.5,0.0,32.5,蛋白質
雞腿肉 (3份),660.0,75.0,0.0,39.0,蛋白質
雞腿肉 (小碗),165.0,18.8,0.0,9.8,蛋白質
雞腿肉 (中碗),220.0,25.0,0.0,13.0,蛋白質
雞腿肉 (大碗),297.0,33.8,0.0,17.6,蛋白質
雞腿肉 (小杯),165.0,18.8,0.0,9.8,蛋白質
雞腿肉 (中杯),220.0,25.0,0.0,13.0,蛋白質
雞腿肉 (大杯),308.0,35.0,0.0,18.2,蛋白質
雞腿肉 (小盒),165.0,18.8,0.0,9.8,蛋白質
雞腿肉 (中盒),220.0,25.0,0.0,13.0,蛋白質
雞腿肉 (大盒),308.0,35.0,0.0,18.2,蛋白質
雞腿肉 (100g),220.0,25.0,0.0,13.0,蛋白質
雞腿肉 (150g),330.0,37.5,0.0,19.5,蛋白質
雞腿肉 (200g),440.0,50.0,0.0,26.0,蛋白質
雞腿肉 (250g),550.0,62.5,0.0,32.5,蛋白質
雞腿肉 (300g),660.0,75.0,0.0,39.0,蛋白質
雞翅 (半份),115.0,12.0,0.0,7.5,蛋白質
雞翅 (小份),172.5,18.0,0.0,11.2,蛋白質
雞翅 (1份),230.0,24.0,0.0,15.0,蛋白質
雞翅 (1.25份),287.5,30.0,0.0,18.8,蛋白質
雞翅 (1.5份),345.0,36.0,0.0,22.5,蛋白質
雞翅 (2份),460.0,48.0,0.0,30.0,蛋白質
雞翅 (2.5份),575.0,60.0,0.0,37.5,蛋白質
雞翅 (3份),690.0,72.0,0.0,45.0,蛋白質
雞翅 (小碗),172.5,18.0,0.0,11.2,蛋白質
雞翅 (中碗),230.0,24.0,0.0,15.0,蛋白質
雞翅 (大碗),310.5,32.4,0.0,20.2,蛋白質
雞翅 (小杯),172.5,18.0,0.0,11.2,蛋白質
雞翅 (中杯),230.0,24.0,0.0,15.0,蛋白質
雞翅 (大杯),322.0,33.6,0.0,21.0,蛋白質
雞翅 (小盒),172.5,18.0,0.0,11.2,蛋白質
雞翅 (中盒),230.0,24.0,0.0,15.0,蛋白質
雞翅 (大盒),322.0,33.6,0.0,21.0,蛋白質
雞翅 (100g),230.0,24.0,0.0,15.0,蛋白質
雞翅 (150g),345.0,36.0,0.0,22.5,蛋白質
雞翅 (200g),460.0,48.0,0.0,30.0,蛋白質
雞翅 (250g),575.0,60.0,0.0,37.5,蛋白質
雞翅 (300g),690.0,72.0,0.0,45.0,蛋白質
雞里肌 (半份),75.0,15.0,0.0,1.5,蛋白質
雞里肌 (小份),112.5,22.5,0.0,2.2,蛋白質
雞里肌 (1份),150.0,30.0,0.0,3.0,蛋白質
雞里肌 (1.25份),187.5,37.5,0.0,3.8,蛋白質
雞里肌 (1.5份),225.0,45.0,0.0,4.5,蛋白質
雞里肌 (2份),300.0,60.0,0.0,6.0,蛋白質
雞里肌 (2.5份),375.0,75.0,0.0,7.5,蛋白質
雞里肌 (3份),450.0,90.0,0.0,9.0,蛋白質
雞里肌 (小碗),112.5,22.5,0.0,2.2,蛋白質
雞里肌 (中碗),150.0,30.0,0.0,3.0,蛋白質
雞里肌 (大碗),202.5,40.5,0.0,4.1,蛋白質
雞里肌 (小杯),112.5,22.5,0.0,2.2,蛋白質
雞里肌 (中杯),150.0,30.0,0.0,3.0,蛋白質
雞里肌 (大杯),210.0,42.0,0.0,4.2,蛋白質
雞里肌 (小盒),112.5,22.5,0.0,2.2,蛋白質
雞里肌 (中盒),150.0,30.0,0.0,3.0,蛋白質
雞里肌 (大盒),210.0,42.0,0.0,4.2,蛋白質
雞里肌 (100g),150.0,30.0,0.0,3.0,蛋白質
雞里肌 (150g),225.0,45.0,0.0,4.5,蛋白質
雞里肌 (200g),300.0,60.0,0.0,6.0,蛋白質
雞里肌 (250g),375.0,75.0,0.0,7.5,蛋白質
雞里肌 (300g),450.0,90.0,0.0,9.0,蛋白質
豬里肌 (半份),105.0,13.5,0.0,5.0,蛋白質
豬里肌 (小份),157.5,20.2,0.0,7.5,蛋白質
豬里肌 (1份),210.0,27.0,0.0,10.0,蛋白質
豬里肌 (1.25份),262.5,33.8,0.0,12.5,蛋白質
豬里肌 (1.5份),315.0,40.5,0.0,15.0,蛋白質
豬里肌 (2份),420.0,54.0,0.0,20.0,蛋白質
豬里肌 (2.5份),525.0,67.5,0.0,25.0,蛋白質
豬里肌 (3份),630.0,81.0,0.0,30.0,蛋白質
豬里肌 (小碗),157.5,20.2,0.0,7.5,蛋白質
豬里肌 (中碗),210.0,27.0,0.0,10.0,蛋白質
豬里肌 (大碗),283.5,36.5,0.0,13.5,蛋白質
豬里肌 (小杯),157.5,20.2,0.0,7.5,蛋白質
豬里肌 (中杯),210.0,27.0,0.0,10.0,蛋白質
豬里肌 (大杯),294.0,37.8,0.0,14.0,蛋白質
豬里肌 (小盒),157.5,20.2,0.0,7.5,蛋白質
豬里肌 (中盒),210.0,27.0,0.0,10.0,蛋白質
豬里肌 (大盒),294.0,37.8,0.0,14.0,蛋白質
豬里肌 (100g),210.0,27.0,0.0,10.0,蛋白質
豬里肌 (150g),315.0,40.5,0.0,15.0,蛋白質
豬里肌 (200g),420.0,54.0,0.0,20.0,蛋白質
豬里肌 (250g),525.0,67.5,0.0,25.0,蛋白質
豬里肌 (300g),630.0,81.0,0.0,30.0,蛋白質
豬梅花 (半份),125.0,11.0,0.0,9.0,蛋白質
豬梅花 (小份),187.5,16.5,0.0,13.5,蛋白質
豬梅花 (1份),250.0,22.0,0.0,18.0,蛋白質
豬梅花 (1.25份),312.5,27.5,0.0,22.5,蛋白質
豬梅花 (1.5份),375.0,33.0,0.0,27.0,蛋白質
豬梅花 (2份),500.0,44.0,0.0,36.0,蛋白質
豬梅花 (2.5份),625.0,55.0,0.0,45.0,蛋白質
豬梅花 (3份),750.0,66.0,0.0,54.0,蛋白質
豬梅花 (小碗),187.5,16.5,0.0,13.5,蛋白質
豬梅花 (中碗),250.0,22.0,0.0,18.0,蛋白質
豬梅花 (大碗),337.5,29.7,0.0,24.3,蛋白質
豬梅花 (小杯),187.5,16.5,0.0,13.5,蛋白質
豬梅花 (中杯),250.0,22.0,0.0,18.0,蛋白質
豬梅花 (大杯),350.0,30.8,0.0,25.2,蛋白質
豬梅花 (小盒),187.5,16.5,0.0,13.5,蛋白質
豬梅花 (中盒),250.0,22.0,0.0,18.0,蛋白質
豬梅花 (大盒),350.0,30.8,0.0,25.2,蛋白質
豬梅花 (100g),250.0,22.0,0.0,18.0,蛋白質
豬梅花 (150g),375.0,33.0,0.0,27.0,蛋白質
豬梅花 (200g),500.0,44.0,0.0,36.0,蛋白質
豬梅花 (250g),625.0,55.0,0.0,45.0,蛋白質
豬梅花 (300g),750.0,66.0,0.0,54.0,蛋白質
豬五花 (半份),195.0,7.0,0.0,18.5,蛋白質
豬五花 (小份),292.5,10.5,0.0,27.8,蛋白質
豬五花 (1份),390.0,14.0,0.0,37.0,蛋白質
豬五花 (1.25份),487.5,17.5,0.0,46.2,蛋白質
豬五花 (1.5份),585.0,21.0,0.0,55.5,蛋白質
豬五花 (2份),780.0,28.0,0.0,74.0,蛋白質
豬五花 (2.5份),975.0,35.0,0.0,92.5,蛋白質
豬五花 (3份),1170.0,42.0,0.0,111.0,蛋白質
豬五花 (小碗),292.5,10.5,0.0,27.8,蛋白質
豬五花 (中碗),390.0,14.0,0.0,37.0,蛋白質
豬五花 (大碗),526.5,18.9,0.0,50.0,蛋白質
豬五花 (小杯),292.5,10.5,0.0,27.8,蛋白質
豬五花 (中杯),390.0,14.0,0.0,37.0,蛋白質
豬五花 (大杯),546.0,19.6,0.0,51.8,蛋白質
豬五花 (小盒),292.5,10.5,0.0,27.8,蛋白質
豬五花 (中盒),390.0,14.0,0.0,37.0,蛋白質
豬五花 (大盒),546.0,19.6,0.0,51.8,蛋白質
豬五花 (100g),390.0,14.0,0.0,37.0,蛋白質
豬五花 (150g),585.0,21.0,0.0,55.5,蛋白質
豬五花 (200g),780.0,28.0,0.0,74.0,蛋白質
豬五花 (250g),975.0,35.0,0.0,92.5,蛋白質
豬五花 (300g),1170.0,42.0,0.0,111.0,蛋白質
牛里肌 (半份),105.0,14.0,0.0,5.0,蛋白質
牛里肌 (小份),157.5,21.0,0.0,7.5,蛋白質
牛里肌 (1份),210.0,28.0,0.0,10.0,蛋白質
牛里肌 (1.25份),262.5,35.0,0.0,12.5,蛋白質
牛里肌 (1.5份),315.0,42.0,0.0,15.0,蛋白質
牛里肌 (2份),420.0,56.0,0.0,20.0,蛋白質
牛里肌 (2.5份),525.0,70.0,0.0,25.0,蛋白質
牛里肌 (3份),630.0,84.0,0.0,30.0,蛋白質
牛里肌 (小碗),157.5,21.0,0.0,7.5,蛋白質
牛里肌 (中碗),210.0,28.0,0.0,10.0,蛋白質
牛里肌 (大碗),283.5,37.8,0.0,13.5,蛋白質
牛里肌 (小杯),157.5,21.0,0.0,7.5,蛋白質
牛里肌 (中杯),210.0,28.0,0.0,10.0,蛋白質
牛里肌 (大杯),294.0,39.2,0.0,14.0,蛋白質
牛里肌 (小盒),157.5,21.0,0.0,7.5,蛋白質
牛里肌 (中盒),210.0,28.0,0.0,10.0,蛋白質
牛里肌 (大盒),294.0,39.2,0.0,14.0,蛋白質
牛里肌 (100g),210.0,28.0,0.0,10.0,蛋白質
牛里肌 (150g),315.0,42.0,0.0,15.0,蛋白質
牛里肌 (200g),420.0,56.0,0.0,20.0,蛋白質
牛里肌 (250g),525.0,70.0,0.0,25.0,蛋白質
牛里肌 (300g),630.0,84.0,0.0,30.0,蛋白質
牛腱 (半份),85.0,14.0,0.0,3.0,蛋白質
牛腱 (小份),127.5,21.0,0.0,4.5,蛋白質
牛腱 (1份),170.0,28.0,0.0,6.0,蛋白質
牛腱 (1.25份),212.5,35.0,0.0,7.5,蛋白質
牛腱 (1.5份),255.0,42.0,0.0,9.0,蛋白質
牛腱 (2份),340.0,56.0,0.0,12.0,蛋白質
牛腱 (2.5份),425.0,70.0,0.0,15.0,蛋白質
牛腱 (3份),510.0,84.0,0.0,18.0,蛋白質
牛腱 (小碗),127.5,21.0,0.0,4.5,蛋白質
牛腱 (中碗),170.0,28.0,0.0,6.0,蛋白質
牛腱 (大碗),229.5,37.8,0.0,8.1,蛋白質
牛腱 (小杯),127.5,21.0,0.0,4.5,蛋白質
牛腱 (中杯),170.0,28.0,0.0,6.0,蛋白質
牛腱 (大杯),238.0,39.2,0.0,8.4,蛋白質
牛腱 (小盒),127.5,21.0,0.0,4.5,蛋白質
牛腱 (中盒),170.0,28.0,0.0,6.0,蛋白質
牛腱 (大盒),238.0,39.2,0.0,8.4,蛋白質
牛腱 (100g),170.0,28.0,0.0,6.0,蛋白質
牛腱 (150g),255.0,42.0,0.0,9.0,蛋白質
牛腱 (200g),340.0,56.0,0.0,12.0,蛋白質
牛腱 (250g),425.0,70.0,0.0,15.0,蛋白質
牛腱 (300g),510.0,84.0,0.0,18.0,蛋白質
牛五花 (半份),165.0,9.0,0.0,14.0,蛋白質
牛五花 (小份),247.5,13.5,0.0,21.0,蛋白質
牛五花 (1份),330.0,18.0,0.0,28.0,蛋白質
牛五花 (1.25份),412.5,22.5,0.0,35.0,蛋白質
牛五花 (1.5份),495.0,27.0,0.0,42.0,蛋白質
牛五花 (2份),660.0,36.0,0.0,56.0,蛋白質
牛五花 (2.5份),825.0,45.0,0.0,70.0,蛋白質
牛五花 (3份),990.0,54.0,0.0,84.0,蛋白質
牛五花 (小碗),247.5,13.5,0.0,21.0,蛋白質
牛五花 (中碗),330.0,18.0,0.0,28.0,蛋白質
牛五花 (大碗),445.5,24.3,0.0,37.8,蛋白質
牛五花 (小杯),247.5,13.5,0.0,21.0,蛋白質
牛五花 (中杯),330.0,18.0,0.0,28.0,蛋白質
牛五花 (大杯),462.0,25.2,0.0,39.2,蛋白質
牛五花 (小盒),247.5,13.5,0.0,21.0,蛋白質
牛五花 (中盒),330.0,18.0,0.0,28.0,蛋白質
牛五花 (大盒),462.0,25.2,0.0,39.2,蛋白質
牛五花 (100g),330.0,18.0,0.0,28.0,蛋白質
牛五花 (150g),495.0,27.0,0.0,42.0,蛋白質
牛五花 (200g),660.0,36.0,0.0,56.0,蛋白質
牛五花 (250g),825.0,45.0,0.0,70.0,蛋白質
牛五花 (300g),990.0,54.0,0.0,84.0,蛋白質
羊肉 (半份),125.0,12.5,0.0,8.0,蛋白質
羊肉 (小份),187.5,18.8,0.0,12.0,蛋白質
羊肉 (1份),250.0,25.0,0.0,16.0,蛋白質
羊肉 (1.25份),312.5,31.2,0.0,20.0,蛋白質
羊肉 (1.5份),375.0,37.5,0.0,24.0,蛋白質
羊肉 (2份),500.0,50.0,0.0,32.0,蛋白質
羊肉 (2.5份),625.0,62.5,0.0,40.0,蛋白質
羊肉 (3份),750.0,75.0,0.0,48.0,蛋白質
羊肉 (小碗),187.5,18.8,0.0,12.0,蛋白質
羊肉 (中碗),250.0,25.0,0.0,16.0,蛋白質
羊肉 (大碗),337.5,33.8,0.0,21.6,蛋白質
羊肉 (小杯),187.5,18.8,0.0,12.0,蛋白質
羊肉 (中杯),250.0,25.0,0.0,16.0,蛋白質
羊肉 (大杯),350.0,35.0,0.0,22.4,蛋白質
羊肉 (小盒),187.5,18.8,0.0,12.0,蛋白質
羊肉 (中盒),250.0,25.0,0.0,16.0,蛋白質
羊肉 (大盒),350.0,35.0,0.0,22.4,蛋白質
羊肉 (100g),250.0,25.0,0.0,16.0,蛋白質
羊肉 (150g),375.0,37.5,0.0,24.0,蛋白質
羊肉 (200g),500.0,50.0,0.0,32.0,蛋白質
羊肉 (250g),625.0,62.5,0.0,40.0,蛋白質
羊肉 (300g),750.0,75.0,0.0,48.0,蛋白質
培根 (半份),270.0,18.5,0.5,21.0,加工肉
培根 (小份),405.0,27.8,0.8,31.5,加工肉
培根 (1份),540.0,37.0,1.0,42.0,加工肉
培根 (1.25份),675.0,46.2,1.2,52.5,加工肉
培根 (1.5份),810.0,55.5,1.5,63.0,加工肉
培根 (2份),1080.0,74.0,2.0,84.0,加工肉
培根 (2.5份),1350.0,92.5,2.5,105.0,加工肉
培根 (3份),1620.0,111.0,3.0,126.0,加工肉
培根 (小碗),405.0,27.8,0.8,31.5,加工肉
培根 (中碗),540.0,37.0,1.0,42.0,加工肉
培根 (大碗),729.0,50.0,1.4,56.7,加工肉
培根 (小杯),405.0,27.8,0.8,31.5,加工肉
培根 (中杯),540.0,37.0,1.0,42.0,加工肉
培根 (大杯),756.0,51.8,1.4,58.8,加工肉
培根 (小盒),405.0,27.8,0.8,31.5,加工肉
培根 (中盒),540.0,37.0,1.0,42.0,加工肉
培根 (大盒),756.0,51.8,1.4,58.8,加工肉
培根 (100g),540.0,37.0,1.0,42.0,加工肉
培根 (150g),810.0,55.5,1.5,63.0,加工肉
培根 (200g),1080.0,74.0,2.0,84.0,加工肉
培根 (250g),1350.0,92.5,2.5,105.0,加工肉
培根 (300g),1620.0,111.0,3.0,126.0,加工肉
火腿 (半份),72.5,10.5,1.0,3.0,加工肉
火腿 (小份),108.8,15.8,1.5,4.5,加工肉
火腿 (1份),145.0,21.0,2.0,6.0,加工肉
火腿 (1.25份),181.2,26.2,2.5,7.5,加工肉
火腿 (1.5份),217.5,31.5,3.0,9.0,加工肉
火腿 (2份),290.0,42.0,4.0,12.0,加工肉
火腿 (2.5份),362.5,52.5,5.0,15.0,加工肉
火腿 (3份),435.0,63.0,6.0,18.0,加工肉
火腿 (小碗),108.8,15.8,1.5,4.5,加工肉
火腿 (中碗),145.0,21.0,2.0,6.0,加工肉
火腿 (大碗),195.8,28.4,2.7,8.1,加工肉
火腿 (小杯),108.8,15.8,1.5,4.5,加工肉
火腿 (中杯),145.0,21.0,2.0,6.0,加工肉
火腿 (大杯),203.0,29.4,2.8,8.4,加工肉
火腿 (小盒),108.8,15.8,1.5,4.5,加工肉
火腿 (中盒),145.0,21.0,2.0,6.0,加工肉
火腿 (大盒),203.0,29.4,2.8,8.4,加工肉
火腿 (100g),145.0,21.0,2.0,6.0,加工肉
火腿 (150g),217.5,31.5,3.0,9.0,加工肉
火腿 (200g),290.0,42.0,4.0,12.0,加工肉
火腿 (250g),362.5,52.5,5.0,15.0,加工肉
火腿 (300g),435.0,63.0,6.0,18.0,加工肉
香腸 (半份),160.0,6.0,2.5,14.0,加工肉
香腸 (小份),240.0,9.0,3.8,21.0,加工肉
香腸 (1份),320.0,12.0,5.0,28.0,加工肉
香腸 (1.25份),400.0,15.0,6.2,35.0,加工肉
香腸 (1.5份),480.0,18.0,7.5,42.0,加工肉
香腸 (2份),640.0,24.0,10.0,56.0,加工肉
香腸 (2.5份),800.0,30.0,12.5,70.0,加工肉
香腸 (3份),960.0,36.0,15.0,84.0,加工肉
香腸 (小碗),240.0,9.0,3.8,21.0,加工肉
香腸 (中碗),320.0,12.0,5.0,28.0,加工肉
香腸 (大碗),432.0,16.2,6.8,37.8,加工肉
香腸 (小杯),240.0,9.0,3.8,21.0,加工肉
香腸 (中杯),320.0,12.0,5.0,28.0,加工肉
香腸 (大杯),448.0,16.8,7.0,39.2,加工肉
香腸 (小盒),240.0,9.0,3.8,21.0,加工肉
香腸 (中盒),320.0,12.0,5.0,28.0,加工肉
香腸 (大盒),448.0,16.8,7.0,39.2,加工肉
香腸 (100g),320.0,12.0,5.0,28.0,加工肉
香腸 (150g),480.0,18.0,7.5,42.0,加工肉
香腸 (200g),640.0,24.0,10.0,56.0,加工肉
香腸 (250g),800.0,30.0,12.5,70.0,加工肉
香腸 (300g),960.0,36.0,15.0,84.0,加工肉
德國香腸 (半份),150.0,6.5,2.0,13.0,加工肉
德國香腸 (小份),225.0,9.8,3.0,19.5,加工肉
德國香腸 (1份),300.0,13.0,4.0,26.0,加工肉
德國香腸 (1.25份),375.0,16.2,5.0,32.5,加工肉
德國香腸 (1.5份),450.0,19.5,6.0,39.0,加工肉
德國香腸 (2份),600.0,26.0,8.0,52.0,加工肉
德國香腸 (2.5份),750.0,32.5,10.0,65.0,加工肉
德國香腸 (3份),900.0,39.0,12.0,78.0,加工肉
德國香腸 (小碗),225.0,9.8,3.0,19.5,加工肉
德國香腸 (中碗),300.0,13.0,4.0,26.0,加工肉
德國香腸 (大碗),405.0,17.6,5.4,35.1,加工肉
德國香腸 (小杯),225.0,9.8,3.0,19.5,加工肉
德國香腸 (中杯),300.0,13.0,4.0,26.0,加工肉
德國香腸 (大杯),420.0,18.2,5.6,36.4,加工肉
德國香腸 (小盒),225.0,9.8,3.0,19.5,加工肉
德國香腸 (中盒),300.0,13.0,4.0,26.0,加工肉
德國香腸 (大盒),420.0,18.2,5.6,36.4,加工肉
德國香腸 (100g),300.0,13.0,4.0,26.0,加工肉
德國香腸 (150g),450.0,19.5,6.0,39.0,加工肉
德國香腸 (200g),600.0,26.0,8.0,52.0,加工肉
德國香腸 (250g),750.0,32.5,10.0,65.0,加工肉
德國香腸 (300g),900.0,39.0,12.0,78.0,加工肉
熱狗 (半份),145.0,5.5,2.0,12.5,加工肉
熱狗 (小份),217.5,8.2,3.0,18.8,加工肉
熱狗 (1份),290.0,11.0,4.0,25.0,加工肉
熱狗 (1.25份),362.5,13.8,5.0,31.2,加工肉
熱狗 (1.5份),435.0,16.5,6.0,37.5,加工肉
熱狗 (2份),580.0,22.0,8.0,50.0,加工肉
熱狗 (2.5份),725.0,27.5,10.0,62.5,加工肉
熱狗 (3份),870.0,33.0,12.0,75.0,加工肉
熱狗 (小碗),217.5,8.2,3.0,18.8,加工肉
熱狗 (中碗),290.0,11.0,4.0,25.0,加工肉
熱狗 (大碗),391.5,14.9,5.4,33.8,加工肉
熱狗 (小杯),217.5,8.2,3.0,18.8,加工肉
熱狗 (中杯),290.0,11.0,4.0,25.0,加工肉
熱狗 (大杯),406.0,15.4,5.6,35.0,加工肉
熱狗 (小盒),217.5,8.2,3.0,18.8,加工肉
熱狗 (中盒),290.0,11.0,4.0,25.0,加工肉
熱狗 (大盒),406.0,15.4,5.6,35.0,加工肉
熱狗 (100g),290.0,11.0,4.0,25.0,加工肉
熱狗 (150g),435.0,16.5,6.0,37.5,加工肉
熱狗 (200g),580.0,22.0,8.0,50.0,加工肉
熱狗 (250g),725.0,27.5,10.0,62.5,加工肉
熱狗 (300g),870.0,33.0,12.0,75.0,加工肉
雞肉香腸 (半份),110.0,8.0,2.0,7.5,加工肉
雞肉香腸 (小份),165.0,12.0,3.0,11.2,加工肉
雞肉香腸 (1份),220.0,16.0,4.0,15.0,加工肉
雞肉香腸 (1.25份),275.0,20.0,5.0,18.8,加工肉
雞肉香腸 (1.5份),330.0,24.0,6.0,22.5,加工肉
雞肉香腸 (2份),440.0,32.0,8.0,30.0,加工肉
雞肉香腸 (2.5份),550.0,40.0,10.0,37.5,加工肉
雞肉香腸 (3份),660.0,48.0,12.0,45.0,加工肉
雞肉香腸 (小碗),165.0,12.0,3.0,11.2,加工肉
雞肉香腸 (中碗),220.0,16.0,4.0,15.0,加工肉
雞肉香腸 (大碗),297.0,21.6,5.4,20.2,加工肉
雞肉香腸 (小杯),165.0,12.0,3.0,11.2,加工肉
雞肉香腸 (中杯),220.0,16.0,4.0,15.0,加工肉
雞肉香腸 (大杯),308.0,22.4,5.6,21.0,加工肉
雞肉香腸 (小盒),165.0,12.0,3.0,11.2,加工肉
雞肉香腸 (中盒),220.0,16.0,4.0,15.0,加工肉
雞肉香腸 (大盒),308.0,22.4,5.6,21.0,加工肉
雞肉香腸 (100g),220.0,16.0,4.0,15.0,加工肉
雞肉香腸 (150g),330.0,24.0,6.0,22.5,加工肉
雞肉香腸 (200g),440.0,32.0,8.0,30.0,加工肉
雞肉香腸 (250g),550.0,40.0,10.0,37.5,加工肉
雞肉香腸 (300g),660.0,48.0,12.0,45.0,加工肉
板豆腐 (半份),42.5,4.5,1.0,2.5,豆製品
板豆腐 (小份),63.8,6.8,1.5,3.8,豆製品
板豆腐 (1份),85.0,9.0,2.0,5.0,豆製品
板豆腐 (1.25份),106.2,11.2,2.5,6.2,豆製品
板豆腐 (1.5份),127.5,13.5,3.0,7.5,豆製品
板豆腐 (2份),170.0,18.0,4.0,10.0,豆製品
板豆腐 (2.5份),212.5,22.5,5.0,12.5,豆製品
板豆腐 (3份),255.0,27.0,6.0,15.0,豆製品
板豆腐 (小碗),63.8,6.8,1.5,3.8,豆製品
板豆腐 (中碗),85.0,9.0,2.0,5.0,豆製品
板豆腐 (大碗),114.8,12.2,2.7,6.8,豆製品
板豆腐 (小杯),63.8,6.8,1.5,3.8,豆製品
板豆腐 (中杯),85.0,9.0,2.0,5.0,豆製品
板豆腐 (大杯),119.0,12.6,2.8,7.0,豆製品
板豆腐 (小盒),63.8,6.8,1.5,3.8,豆製品
板豆腐 (中盒),85.0,9.0,2.0,5.0,豆製品
板豆腐 (大盒),119.0,12.6,2.8,7.0,豆製品
板豆腐 (100g),85.0,9.0,2.0,5.0,豆製品
板豆腐 (150g),127.5,13.5,3.0,7.5,豆製品
板豆腐 (200g),170.0,18.0,4.0,10.0,豆製品
板豆腐 (250g),212.5,22.5,5.0,12.5,豆製品
板豆腐 (300g),255.0,27.0,6.0,15.0,豆製品
嫩豆腐 (半份),27.5,2.5,1.0,1.5,豆製品
嫩豆腐 (小份),41.2,3.8,1.5,2.2,豆製品
嫩豆腐 (1份),55.0,5.0,2.0,3.0,豆製品
嫩豆腐 (1.25份),68.8,6.2,2.5,3.8,豆製品
嫩豆腐 (1.5份),82.5,7.5,3.0,4.5,豆製品
嫩豆腐 (2份),110.0,10.0,4.0,6.0,豆製品
嫩豆腐 (2.5份),137.5,12.5,5.0,7.5,豆製品
嫩豆腐 (3份),165.0,15.0,6.0,9.0,豆製品
嫩豆腐 (小碗),41.2,3.8,1.5,2.2,豆製品
嫩豆腐 (中碗),55.0,5.0,2.0,3.0,豆製品
嫩豆腐 (大碗),74.2,6.8,2.7,4.1,豆製品
嫩豆腐 (小杯),41.2,3.8,1.5,2.2,豆製品
嫩豆腐 (中杯),55.0,5.0,2.0,3.0,豆製品
嫩豆腐 (大杯),77.0,7.0,2.8,4.2,豆製品
嫩豆腐 (小盒),41.2,3.8,1.5,2.2,豆製品
嫩豆腐 (中盒),55.0,5.0,2.0,3.0,豆製品
嫩豆腐 (大盒),77.0,7.0,2.8,4.2,豆製品
嫩豆腐 (100g),55.0,5.0,2.0,3.0,豆製品
嫩豆腐 (150g),82.5,7.5,3.0,4.5,豆製品
嫩豆腐 (200g),110.0,10.0,4.0,6.0,豆製品
嫩豆腐 (250g),137.5,12.5,5.0,7.5,豆製品
嫩豆腐 (300g),165.0,15.0,6.0,9.0,豆製品
豆干 (半份),80.0,10.0,4.0,3.5,豆製品
豆干 (小份),120.0,15.0,6.0,5.2,豆製品
豆干 (1份),160.0,20.0,8.0,7.0,豆製品
豆干 (1.25份),200.0,25.0,10.0,8.8,豆製品
豆干 (1.5份),240.0,30.0,12.0,10.5,豆製品
豆干 (2份),320.0,40.0,16.0,14.0,豆製品
豆干 (2.5份),400.0,50.0,20.0,17.5,豆製品
豆干 (3份),480.0,60.0,24.0,21.0,豆製品
豆干 (小碗),120.0,15.0,6.0,5.2,豆製品
豆干 (中碗),160.0,20.0,8.0,7.0,豆製品
豆干 (大碗),216.0,27.0,10.8,9.5,豆製品
豆干 (小杯),120.0,15.0,6.0,5.2,豆製品
豆干 (中杯),160.0,20.0,8.0,7.0,豆製品
豆干 (大杯),224.0,28.0,11.2,9.8,豆製品
豆干 (小盒),120.0,15.0,6.0,5.2,豆製品
豆干 (中盒),160.0,20.0,8.0,7.0,豆製品
豆干 (大盒),224.0,28.0,11.2,9.8,豆製品
豆干 (100g),160.0,20.0,8.0,7.0,豆製品
豆干 (150g),240.0,30.0,12.0,10.5,豆製品
豆干 (200g),320.0,40.0,16.0,14.0,豆製品
豆干 (250g),400.0,50.0,20.0,17.5,豆製品
豆干 (300g),480.0,60.0,24.0,21.0,豆製品
毛豆 (半份),70.0,6.0,5.0,3.0,豆製品
毛豆 (小份),105.0,9.0,7.5,4.5,豆製品
毛豆 (1份),140.0,12.0,10.0,6.0,豆製品
毛豆 (1.25份),175.0,15.0,12.5,7.5,豆製品
毛豆 (1.5份),210.0,18.0,15.0,9.0,豆製品
毛豆 (2份),280.0,24.0,20.0,12.0,豆製品
毛豆 (2.5份),350.0,30.0,25.0,15.0,豆製品
毛豆 (3份),420.0,36.0,30.0,18.0,豆製品
毛豆 (小碗),105.0,9.0,7.5,4.5,豆製品
毛豆 (中碗),140.0,12.0,10.0,6.0,豆製品
毛豆 (大碗),189.0,16.2,13.5,8.1,豆製品
毛豆 (小杯),105.0,9.0,7.5,4.5,豆製品
毛豆 (中杯),140.0,12.0,10.0,6.0,豆製品
毛豆 (大杯),196.0,16.8,14.0,8.4,豆製品
毛豆 (小盒),105.0,9.0,7.5,4.5,豆製品
毛豆 (中盒),140.0,12.0,10.0,6.0,豆製品
毛豆 (大盒),196.0,16.8,14.0,8.4,豆製品
毛豆 (100g),140.0,12.0,10.0,6.0,豆製品
毛豆 (150g),210.0,18.0,15.0,9.0,豆製品
毛豆 (200g),280.0,24.0,20.0,12.0,豆製品
毛豆 (250g),350.0,30.0,25.0,15.0,豆製品
毛豆 (300g),420.0,36.0,30.0,18.0,豆製品
黑豆 (半份),75.0,5.0,13.5,0.5,豆製品
黑豆 (小份),112.5,7.5,20.2,0.8,豆製品
黑豆 (1份),150.0,10.0,27.0,1.0,豆製品
黑豆 (1.25份),187.5,12.5,33.8,1.2,豆製品
黑豆 (1.5份),225.0,15.0,40.5,1.5,豆製品
黑豆 (2份),300.0,20.0,54.0,2.0,豆製品
黑豆 (2.5份),375.0,25.0,67.5,2.5,豆製品
黑豆 (3份),450.0,30.0,81.0,3.0,豆製品
黑豆 (小碗),112.5,7.5,20.2,0.8,豆製品
黑豆 (中碗),150.0,10.0,27.0,1.0,豆製品
黑豆 (大碗),202.5,13.5,36.5,1.4,豆製品
黑豆 (小杯),112.5,7.5,20.2,0.8,豆製品
黑豆 (中杯),150.0,10.0,27.0,1.0,豆製品
黑豆 (大杯),210.0,14.0,37.8,1.4,豆製品
黑豆 (小盒),112.5,7.5,20.2,0.8,豆製品
黑豆 (中盒),150.0,10.0,27.0,1.0,豆製品
黑豆 (大盒),210.0,14.0,37.8,1.4,豆製品
黑豆 (100g),150.0,10.0,27.0,1.0,豆製品
黑豆 (150g),225.0,15.0,40.5,1.5,豆製品
黑豆 (200g),300.0,20.0,54.0,2.0,豆製品
黑豆 (250g),375.0,25.0,67.5,2.5,豆製品
黑豆 (300g),450.0,30.0,81.0,3.0,豆製品
鷹嘴豆 (半份),82.5,4.5,13.5,1.5,豆製品
鷹嘴豆 (小份),123.8,6.8,20.2,2.2,豆製品
鷹嘴豆 (1份),165.0,9.0,27.0,3.0,豆製品
鷹嘴豆 (1.25份),206.2,11.2,33.8,3.8,豆製品
鷹嘴豆 (1.5份),247.5,13.5,40.5,4.5,豆製品
鷹嘴豆 (2份),330.0,18.0,54.0,6.0,豆製品
鷹嘴豆 (2.5份),412.5,22.5,67.5,7.5,豆製品
鷹嘴豆 (3份),495.0,27.0,81.0,9.0,豆製品
鷹嘴豆 (小碗),123.8,6.8,20.2,2.2,豆製品
鷹嘴豆 (中碗),165.0,9.0,27.0,3.0,豆製品
鷹嘴豆 (大碗),222.8,12.2,36.5,4.1,豆製品
鷹嘴豆 (小杯),123.8,6.8,20.2,2.2,豆製品
鷹嘴豆 (中杯),165.0,9.0,27.0,3.0,豆製品
鷹嘴豆 (大杯),231.0,12.6,37.8,4.2,豆製品
鷹嘴豆 (小盒),123.8,6.8,20.2,2.2,豆製品
鷹嘴豆 (中盒),165.0,9.0,27.0,3.0,豆製品
鷹嘴豆 (大盒),231.0,12.6,37.8,4.2,豆製品
鷹嘴豆 (100g),165.0,9.0,27.0,3.0,豆製品
鷹嘴豆 (150g),247.5,13.5,40.5,4.5,豆製品
鷹嘴豆 (200g),330.0,18.0,54.0,6.0,豆製品
鷹嘴豆 (250g),412.5,22.5,67.5,7.5,豆製品
鷹嘴豆 (300g),495.0,27.0,81.0,9.0,豆製品
紅豆 (半份),62.5,4.0,11.0,0.2,豆類
紅豆 (小份),93.8,6.0,16.5,0.4,豆類
紅豆 (1份),125.0,8.0,22.0,0.5,豆類
紅豆 (1.25份),156.2,10.0,27.5,0.6,豆類
紅豆 (1.5份),187.5,12.0,33.0,0.8,豆類
紅豆 (2份),250.0,16.0,44.0,1.0,豆類
紅豆 (2.5份),312.5,20.0,55.0,1.2,豆類
紅豆 (3份),375.0,24.0,66.0,1.5,豆類
紅豆 (小碗),93.8,6.0,16.5,0.4,豆類
紅豆 (中碗),125.0,8.0,22.0,0.5,豆類
紅豆 (大碗),168.8,10.8,29.7,0.7,豆類
紅豆 (小杯),93.8,6.0,16.5,0.4,豆類
紅豆 (中杯),125.0,8.0,22.0,0.5,豆類
紅豆 (大杯),175.0,11.2,30.8,0.7,豆類
紅豆 (小盒),93.8,6.0,16.5,0.4,豆類
紅豆 (中盒),125.0,8.0,22.0,0.5,豆類
紅豆 (大盒),175.0,11.2,30.8,0.7,豆類
紅豆 (100g),125.0,8.0,22.0,0.5,豆類
紅豆 (150g),187.5,12.0,33.0,0.8,豆類
紅豆 (200g),250.0,16.0,44.0,1.0,豆類
紅豆 (250g),312.5,20.0,55.0,1.2,豆類
紅豆 (300g),375.0,24.0,66.0,1.5,豆類
高麗菜 (半份),12.5,0.7,3.0,0.1,蔬菜
高麗菜 (小份),18.8,1.0,4.5,0.1,蔬菜
高麗菜 (1份),25.0,1.3,6.0,0.1,蔬菜
高麗菜 (1.25份),31.2,1.6,7.5,0.1,蔬菜
高麗菜 (1.5份),37.5,2.0,9.0,0.2,蔬菜
高麗菜 (2份),50.0,2.6,12.0,0.2,蔬菜
高麗菜 (2.5份),62.5,3.2,15.0,0.2,蔬菜
高麗菜 (3份),75.0,3.9,18.0,0.3,蔬菜
高麗菜 (小碗),18.8,1.0,4.5,0.1,蔬菜
高麗菜 (中碗),25.0,1.3,6.0,0.1,蔬菜
高麗菜 (大碗),33.8,1.8,8.1,0.1,蔬菜
高麗菜 (小杯),18.8,1.0,4.5,0.1,蔬菜
高麗菜 (中杯),25.0,1.3,6.0,0.1,蔬菜
高麗菜 (大杯),35.0,1.8,8.4,0.1,蔬菜
高麗菜 (小盒),18.8,1.0,4.5,0.1,蔬菜
高麗菜 (中盒),25.0,1.3,6.0,0.1,蔬菜
高麗菜 (大盒),35.0,1.8,8.4,0.1,蔬菜
高麗菜 (100g),25.0,1.3,6.0,0.1,蔬菜
高麗菜 (150g),37.5,2.0,9.0,0.2,蔬菜
高麗菜 (200g),50.0,2.6,12.0,0.2,蔬菜
高麗菜 (250g),62.5,3.2,15.0,0.2,蔬菜
高麗菜 (300g),75.0,3.9,18.0,0.3,蔬菜
菠菜 (半份),11.5,1.4,1.8,0.2,蔬菜
菠菜 (小份),17.2,2.2,2.7,0.3,蔬菜
菠菜 (1份),23.0,2.9,3.6,0.4,蔬菜
菠菜 (1.25份),28.8,3.6,4.5,0.5,蔬菜
菠菜 (1.5份),34.5,4.3,5.4,0.6,蔬菜
菠菜 (2份),46.0,5.8,7.2,0.8,蔬菜
菠菜 (2.5份),57.5,7.2,9.0,1.0,蔬菜
菠菜 (3份),69.0,8.7,10.8,1.2,蔬菜
菠菜 (小碗),17.2,2.2,2.7,0.3,蔬菜
菠菜 (中碗),23.0,2.9,3.6,0.4,蔬菜
菠菜 (大碗),31.1,3.9,4.9,0.5,蔬菜
菠菜 (小杯),17.2,2.2,2.7,0.3,蔬菜
菠菜 (中杯),23.0,2.9,3.6,0.4,蔬菜
菠菜 (大杯),32.2,4.1,5.0,0.6,蔬菜
菠菜 (小盒),17.2,2.2,2.7,0.3,蔬菜
菠菜 (中盒),23.0,2.9,3.6,0.4,蔬菜
菠菜 (大盒),32.2,4.1,5.0,0.6,蔬菜
菠菜 (100g),23.0,2.9,3.6,0.4,蔬菜
菠菜 (150g),34.5,4.3,5.4,0.6,蔬菜
菠菜 (200g),46.0,5.8,7.2,0.8,蔬菜
菠菜 (250g),57.5,7.2,9.0,1.0,蔬菜
菠菜 (300g),69.0,8.7,10.8,1.2,蔬菜
青江菜 (半份),6.5,0.8,1.0,0.1,蔬菜
青江菜 (小份),9.8,1.1,1.5,0.2,蔬菜
青江菜 (1份),13.0,1.5,2.0,0.2,蔬菜
青江菜 (1.25份),16.2,1.9,2.5,0.2,蔬菜
青江菜 (1.5份),19.5,2.2,3.0,0.3,蔬菜
青江菜 (2份),26.0,3.0,4.0,0.4,蔬菜
青江菜 (2.5份),32.5,3.8,5.0,0.5,蔬菜
青江菜 (3份),39.0,4.5,6.0,0.6,蔬菜
青江菜 (小碗),9.8,1.1,1.5,0.2,蔬菜
青江菜 (中碗),13.0,1.5,2.0,0.2,蔬菜
青江菜 (大碗),17.6,2.0,2.7,0.3,蔬菜
青江菜 (小杯),9.8,1.1,1.5,0.2,蔬菜
青江菜 (中杯),13.0,1.5,2.0,0.2,蔬菜
青江菜 (大杯),18.2,2.1,2.8,0.3,蔬菜
青江菜 (小盒),9.8,1.1,1.5,0.2,蔬菜
青江菜 (中盒),13.0,1.5,2.0,0.2,蔬菜
青江菜 (大盒),18.2,2.1,2.8,0.3,蔬菜
青江菜 (100g),13.0,1.5,2.0,0.2,蔬菜
青江菜 (150g),19.5,2.2,3.0,0.3,蔬菜
青江菜 (200g),26.0,3.0,4.0,0.4,蔬菜
青江菜 (250g),32.5,3.8,5.0,0.5,蔬菜
青江菜 (300g),39.0,4.5,6.0,0.6,蔬菜
花椰菜 (半份),17.0,1.4,3.5,0.2,蔬菜
花椰菜 (小份),25.5,2.1,5.2,0.3,蔬菜
花椰菜 (1份),34.0,2.8,7.0,0.4,蔬菜
花椰菜 (1.25份),42.5,3.5,8.8,0.5,蔬菜
花椰菜 (1.5份),51.0,4.2,10.5,0.6,蔬菜
花椰菜 (2份),68.0,5.6,14.0,0.8,蔬菜
花椰菜 (2.5份),85.0,7.0,17.5,1.0,蔬菜
花椰菜 (3份),102.0,8.4,21.0,1.2,蔬菜
花椰菜 (小碗),25.5,2.1,5.2,0.3,蔬菜
花椰菜 (中碗),34.0,2.8,7.0,0.4,蔬菜
花椰菜 (大碗),45.9,3.8,9.5,0.5,蔬菜
花椰菜 (小杯),25.5,2.1,5.2,0.3,蔬菜
花椰菜 (中杯),34.0,2.8,7.0,0.4,蔬菜
花椰菜 (大杯),47.6,3.9,9.8,0.6,蔬菜
花椰菜 (小盒),25.5,2.1,5.2,0.3,蔬菜
花椰菜 (中盒),34.0,2.8,7.0,0.4,蔬菜
花椰菜 (大盒),47.6,3.9,9.8,0.6,蔬菜
花椰菜 (100g),34.0,2.8,7.0,0.4,蔬菜
花椰菜 (150g),51.0,4.2,10.5,0.6,蔬菜
花椰菜 (200g),68.0,5.6,14.0,0.8,蔬菜
花椰菜 (250g),85.0,7.0,17.5,1.0,蔬菜
花椰菜 (300g),102.0,8.4,21.0,1.2,蔬菜
白花椰菜 (半份),12.5,1.0,2.5,0.1,蔬菜
白花椰菜 (小份),18.8,1.5,3.8,0.2,蔬菜
白花椰菜 (1份),25.0,2.0,5.0,0.3,蔬菜
白花椰菜 (1.25份),31.2,2.5,6.2,0.4,蔬菜
白花椰菜 (1.5份),37.5,3.0,7.5,0.4,蔬菜
白花椰菜 (2份),50.0,4.0,10.0,0.6,蔬菜
白花椰菜 (2.5份),62.5,5.0,12.5,0.8,蔬菜
白花椰菜 (3份),75.0,6.0,15.0,0.9,蔬菜
白花椰菜 (小碗),18.8,1.5,3.8,0.2,蔬菜
白花椰菜 (中碗),25.0,2.0,5.0,0.3,蔬菜
白花椰菜 (大碗),33.8,2.7,6.8,0.4,蔬菜
白花椰菜 (小杯),18.8,1.5,3.8,0.2,蔬菜
白花椰菜 (中杯),25.0,2.0,5.0,0.3,蔬菜
白花椰菜 (大杯),35.0,2.8,7.0,0.4,蔬菜
白花椰菜 (小盒),18.8,1.5,3.8,0.2,蔬菜
白花椰菜 (中盒),25.0,2.0,5.0,0.3,蔬菜
白花椰菜 (大盒),35.0,2.8,7.0,0.4,蔬菜
白花椰菜 (100g),25.0,2.0,5.0,0.3,蔬菜
白花椰菜 (150g),37.5,3.0,7.5,0.4,蔬菜
白花椰菜 (200g),50.0,4.0,10.0,0.6,蔬菜
白花椰菜 (250g),62.5,5.0,12.5,0.8,蔬菜
白花椰菜 (300g),75.0,6.0,15.0,0.9,蔬菜
空心菜 (半份),10.0,1.0,1.5,0.1,蔬菜
空心菜 (小份),15.0,1.5,2.2,0.2,蔬菜
空心菜 (1份),20.0,2.0,3.0,0.3,蔬菜
空心菜 (1.25份),25.0,2.5,3.8,0.4,蔬菜
空心菜 (1.5份),30.0,3.0,4.5,0.4,蔬菜
空心菜 (2份),40.0,4.0,6.0,0.6,蔬菜
空心菜 (2.5份),50.0,5.0,7.5,0.8,蔬菜
空心菜 (3份),60.0,6.0,9.0,0.9,蔬菜
空心菜 (小碗),15.0,1.5,2.2,0.2,蔬菜
空心菜 (中碗),20.0,2.0,3.0,0.3,蔬菜
空心菜 (大碗),27.0,2.7,4.1,0.4,蔬菜
空心菜 (小杯),15.0,1.5,2.2,0.2,蔬菜
空心菜 (中杯),20.0,2.0,3.0,0.3,蔬菜
空心菜 (大杯),28.0,2.8,4.2,0.4,蔬菜
空心菜 (小盒),15.0,1.5,2.2,0.2,蔬菜
空心菜 (中盒),20.0,2.0,3.0,0.3,蔬菜
空心菜 (大盒),28.0,2.8,4.2,0.4,蔬菜
空心菜 (100g),20.0,2.0,3.0,0.3,蔬菜
空心菜 (150g),30.0,3.0,4.5,0.4,蔬菜
空心菜 (200g),40.0,4.0,6.0,0.6,蔬菜
空心菜 (250g),50.0,5.0,7.5,0.8,蔬菜
空心菜 (300g),60.0,6.0,9.0,0.9,蔬菜
地瓜葉 (半份),15.0,1.5,2.5,0.1,蔬菜
地瓜葉 (小份),22.5,2.2,3.8,0.2,蔬菜
地瓜葉 (1份),30.0,3.0,5.0,0.3,蔬菜
地瓜葉 (1.25份),37.5,3.8,6.2,0.4,蔬菜
地瓜葉 (1.5份),45.0,4.5,7.5,0.4,蔬菜
地瓜葉 (2份),60.0,6.0,10.0,0.6,蔬菜
地瓜葉 (2.5份),75.0,7.5,12.5,0.8,蔬菜
地瓜葉 (3份),90.0,9.0,15.0,0.9,蔬菜
地瓜葉 (小碗),22.5,2.2,3.8,0.2,蔬菜
地瓜葉 (中碗),30.0,3.0,5.0,0.3,蔬菜
地瓜葉 (大碗),40.5,4.1,6.8,0.4,蔬菜
地瓜葉 (小杯),22.5,2.2,3.8,0.2,蔬菜
地瓜葉 (中杯),30.0,3.0,5.0,0.3,蔬菜
地瓜葉 (大杯),42.0,4.2,7.0,0.4,蔬菜
地瓜葉 (小盒),22.5,2.2,3.8,0.2,蔬菜
地瓜葉 (中盒),30.0,3.0,5.0,0.3,蔬菜
地瓜葉 (大盒),42.0,4.2,7.0,0.4,蔬菜
地瓜葉 (100g),30.0,3.0,5.0,0.3,蔬菜
地瓜葉 (150g),45.0,4.5,7.5,0.4,蔬菜
地瓜葉 (200g),60.0,6.0,10.0,0.6,蔬菜
地瓜葉 (250g),75.0,7.5,12.5,0.8,蔬菜
地瓜葉 (300g),90.0,9.0,15.0,0.9,蔬菜
A菜 (半份),8.5,0.8,1.5,0.1,蔬菜
A菜 (小份),12.8,1.1,2.2,0.2,蔬菜
A菜 (1份),17.0,1.5,3.0,0.2,蔬菜
A菜 (1.25份),21.2,1.9,3.8,0.2,蔬菜
A菜 (1.5份),25.5,2.2,4.5,0.3,蔬菜
A菜 (2份),34.0,3.0,6.0,0.4,蔬菜
A菜 (2.5份),42.5,3.8,7.5,0.5,蔬菜
A菜 (3份),51.0,4.5,9.0,0.6,蔬菜
A菜 (小碗),12.8,1.1,2.2,0.2,蔬菜
A菜 (中碗),17.0,1.5,3.0,0.2,蔬菜
A菜 (大碗),23.0,2.0,4.1,0.3,蔬菜
A菜 (小杯),12.8,1.1,2.2,0.2,蔬菜
A菜 (中杯),17.0,1.5,3.0,0.2,蔬菜
A菜 (大杯),23.8,2.1,4.2,0.3,蔬菜
A菜 (小盒),12.8,1.1,2.2,0.2,蔬菜
A菜 (中盒),17.0,1.5,3.0,0.2,蔬菜
A菜 (大盒),23.8,2.1,4.2,0.3,蔬菜
A菜 (100g),17.0,1.5,3.0,0.2,蔬菜
A菜 (150g),25.5,2.2,4.5,0.3,蔬菜
A菜 (200g),34.0,3.0,6.0,0.4,蔬菜
A菜 (250g),42.5,3.8,7.5,0.5,蔬菜
A菜 (300g),51.0,4.5,9.0,0.6,蔬菜
大陸妹 (半份),9.0,0.8,1.5,0.1,蔬菜
大陸妹 (小份),13.5,1.1,2.2,0.2,蔬菜
大陸妹 (1份),18.0,1.5,3.0,0.2,蔬菜
大陸妹 (1.25份),22.5,1.9,3.8,0.2,蔬菜
大陸妹 (1.5份),27.0,2.2,4.5,0.3,蔬菜
大陸妹 (2份),36.0,3.0,6.0,0.4,蔬菜
大陸妹 (2.5份),45.0,3.8,7.5,0.5,蔬菜
大陸妹 (3份),54.0,4.5,9.0,0.6,蔬菜
大陸妹 (小碗),13.5,1.1,2.2,0.2,蔬菜
大陸妹 (中碗),18.0,1.5,3.0,0.2,蔬菜
大陸妹 (大碗),24.3,2.0,4.1,0.3,蔬菜
大陸妹 (小杯),13.5,1.1,2.2,0.2,蔬菜
大陸妹 (中杯),18.0,1.5,3.0,0.2,蔬菜
大陸妹 (大杯),25.2,2.1,4.2,0.3,蔬菜
大陸妹 (小盒),13.5,1.1,2.2,0.2,蔬菜
大陸妹 (中盒),18.0,1.5,3.0,0.2,蔬菜
大陸妹 (大盒),25.2,2.1,4.2,0.3,蔬菜
大陸妹 (100g),18.0,1.5,3.0,0.2,蔬菜
大陸妹 (150g),27.0,2.2,4.5,0.3,蔬菜
大陸妹 (200g),36.0,3.0,6.0,0.4,蔬菜
大陸妹 (250g),45.0,3.8,7.5,0.5,蔬菜
大陸妹 (300g),54.0,4.5,9.0,0.6,蔬菜
番茄 (半份),9.0,0.5,2.0,0.1,蔬菜
番茄 (小份),13.5,0.7,3.0,0.2,蔬菜
番茄 (1份),18.0,0.9,4.0,0.2,蔬菜
番茄 (1.25份),22.5,1.1,5.0,0.2,蔬菜
番茄 (1.5份),27.0,1.4,6.0,0.3,蔬菜
番茄 (2份),36.0,1.8,8.0,0.4,蔬菜
番茄 (2.5份),45.0,2.2,10.0,0.5,蔬菜
番茄 (3份),54.0,2.7,12.0,0.6,蔬菜
番茄 (小碗),13.5,0.7,3.0,0.2,蔬菜
番茄 (中碗),18.0,0.9,4.0,0.2,蔬菜
番茄 (大碗),24.3,1.2,5.4,0.3,蔬菜
番茄 (小杯),13.5,0.7,3.0,0.2,蔬菜
番茄 (中杯),18.0,0.9,4.0,0.2,蔬菜
番茄 (大杯),25.2,1.3,5.6,0.3,蔬菜
番茄 (小盒),13.5,0.7,3.0,0.2,蔬菜
番茄 (中盒),18.0,0.9,4.0,0.2,蔬菜
番茄 (大盒),25.2,1.3,5.6,0.3,蔬菜
番茄 (100g),18.0,0.9,4.0,0.2,蔬菜
番茄 (150g),27.0,1.4,6.0,0.3,蔬菜
番茄 (200g),36.0,1.8,8.0,0.4,蔬菜
番茄 (250g),45.0,2.2,10.0,0.5,蔬菜
番茄 (300g),54.0,2.7,12.0,0.6,蔬菜
小黃瓜 (半份),7.5,0.3,1.8,0.1,蔬菜
小黃瓜 (小份),11.2,0.5,2.7,0.1,蔬菜
小黃瓜 (1份),15.0,0.7,3.6,0.1,蔬菜
小黃瓜 (1.25份),18.8,0.9,4.5,0.1,蔬菜
小黃瓜 (1.5份),22.5,1.0,5.4,0.2,蔬菜
小黃瓜 (2份),30.0,1.4,7.2,0.2,蔬菜
小黃瓜 (2.5份),37.5,1.8,9.0,0.2,蔬菜
小黃瓜 (3份),45.0,2.1,10.8,0.3,蔬菜
小黃瓜 (小碗),11.2,0.5,2.7,0.1,蔬菜
小黃瓜 (中碗),15.0,0.7,3.6,0.1,蔬菜
小黃瓜 (大碗),20.2,0.9,4.9,0.1,蔬菜
小黃瓜 (小杯),11.2,0.5,2.7,0.1,蔬菜
小黃瓜 (中杯),15.0,0.7,3.6,0.1,蔬菜
小黃瓜 (大杯),21.0,1.0,5.0,0.1,蔬菜
小黃瓜 (小盒),11.2,0.5,2.7,0.1,蔬菜
小黃瓜 (中盒),15.0,0.7,3.6,0.1,蔬菜
小黃瓜 (大盒),21.0,1.0,5.0,0.1,蔬菜
小黃瓜 (100g),15.0,0.7,3.6,0.1,蔬菜
小黃瓜 (150g),22.5,1.0,5.4,0.2,蔬菜
小黃瓜 (200g),30.0,1.4,7.2,0.2,蔬菜
小黃瓜 (250g),37.5,1.8,9.0,0.2,蔬菜
小黃瓜 (300g),45.0,2.1,10.8,0.3,蔬菜
紅蘿蔔 (半份),20.5,0.5,5.0,0.1,蔬菜
紅蘿蔔 (小份),30.8,0.7,7.5,0.2,蔬菜
紅蘿蔔 (1份),41.0,0.9,10.0,0.2,蔬菜
紅蘿蔔 (1.25份),51.2,1.1,12.5,0.2,蔬菜
紅蘿蔔 (1.5份),61.5,1.4,15.0,0.3,蔬菜
紅蘿蔔 (2份),82.0,1.8,20.0,0.4,蔬菜
紅蘿蔔 (2.5份),102.5,2.2,25.0,0.5,蔬菜
紅蘿蔔 (3份),123.0,2.7,30.0,0.6,蔬菜
紅蘿蔔 (小碗),30.8,0.7,7.5,0.2,蔬菜
紅蘿蔔 (中碗),41.0,0.9,10.0,0.2,蔬菜
紅蘿蔔 (大碗),55.4,1.2,13.5,0.3,蔬菜
紅蘿蔔 (小杯),30.8,0.7,7.5,0.2,蔬菜
紅蘿蔔 (中杯),41.0,0.9,10.0,0.2,蔬菜
紅蘿蔔 (大杯),57.4,1.3,14.0,0.3,蔬菜
紅蘿蔔 (小盒),30.8,0.7,7.5,0.2,蔬菜
紅蘿蔔 (中盒),41.0,0.9,10.0,0.2,蔬菜
紅蘿蔔 (大盒),57.4,1.3,14.0,0.3,蔬菜
紅蘿蔔 (100g),41.0,0.9,10.0,0.2,蔬菜
紅蘿蔔 (150g),61.5,1.4,15.0,0.3,蔬菜
紅蘿蔔 (200g),82.0,1.8,20.0,0.4,蔬菜
紅蘿蔔 (250g),102.5,2.2,25.0,0.5,蔬菜
紅蘿蔔 (300g),123.0,2.7,30.0,0.6,蔬菜
洋蔥 (半份),20.0,0.6,4.5,0.1,蔬菜
洋蔥 (小份),30.0,0.8,6.8,0.1,蔬菜
洋蔥 (1份),40.0,1.1,9.0,0.1,蔬菜
洋蔥 (1.25份),50.0,1.4,11.2,0.1,蔬菜
洋蔥 (1.5份),60.0,1.7,13.5,0.2,蔬菜
洋蔥 (2份),80.0,2.2,18.0,0.2,蔬菜
洋蔥 (2.5份),100.0,2.8,22.5,0.2,蔬菜
洋蔥 (3份),120.0,3.3,27.0,0.3,蔬菜
洋蔥 (小碗),30.0,0.8,6.8,0.1,蔬菜
洋蔥 (中碗),40.0,1.1,9.0,0.1,蔬菜
洋蔥 (大碗),54.0,1.5,12.2,0.1,蔬菜
洋蔥 (小杯),30.0,0.8,6.8,0.1,蔬菜
洋蔥 (中杯),40.0,1.1,9.0,0.1,蔬菜
洋蔥 (大杯),56.0,1.5,12.6,0.1,蔬菜
洋蔥 (小盒),30.0,0.8,6.8,0.1,蔬菜
洋蔥 (中盒),40.0,1.1,9.0,0.1,蔬菜
洋蔥 (大盒),56.0,1.5,12.6,0.1,蔬菜
洋蔥 (100g),40.0,1.1,9.0,0.1,蔬菜
洋蔥 (150g),60.0,1.7,13.5,0.2,蔬菜
洋蔥 (200g),80.0,2.2,18.0,0.2,蔬菜
洋蔥 (250g),100.0,2.8,22.5,0.2,蔬菜
洋蔥 (300g),120.0,3.3,27.0,0.3,蔬菜
玉米筍 (半份),13.0,1.2,2.5,0.1,蔬菜
玉米筍 (小份),19.5,1.9,3.8,0.2,蔬菜
玉米筍 (1份),26.0,2.5,5.0,0.2,蔬菜
玉米筍 (1.25份),32.5,3.1,6.2,0.2,蔬菜
玉米筍 (1.5份),39.0,3.8,7.5,0.3,蔬菜
玉米筍 (2份),52.0,5.0,10.0,0.4,蔬菜
玉米筍 (2.5份),65.0,6.2,12.5,0.5,蔬菜
玉米筍 (3份),78.0,7.5,15.0,0.6,蔬菜
玉米筍 (小碗),19.5,1.9,3.8,0.2,蔬菜
玉米筍 (中碗),26.0,2.5,5.0,0.2,蔬菜
玉米筍 (大碗),35.1,3.4,6.8,0.3,蔬菜
玉米筍 (小杯),19.5,1.9,3.8,0.2,蔬菜
玉米筍 (中杯),26.0,2.5,5.0,0.2,蔬菜
玉米筍 (大杯),36.4,3.5,7.0,0.3,蔬菜
玉米筍 (小盒),19.5,1.9,3.8,0.2,蔬菜
玉米筍 (中盒),26.0,2.5,5.0,0.2,蔬菜
玉米筍 (大盒),36.4,3.5,7.0,0.3,蔬菜
玉米筍 (100g),26.0,2.5,5.0,0.2,蔬菜
玉米筍 (150g),39.0,3.8,7.5,0.3,蔬菜
玉米筍 (200g),52.0,5.0,10.0,0.4,蔬菜
玉米筍 (250g),65.0,6.2,12.5,0.5,蔬菜
玉米筍 (300g),78.0,7.5,15.0,0.6,蔬菜
香菇 (半份),17.0,1.6,3.5,0.2,蔬菜
香菇 (小份),25.5,2.3,5.2,0.4,蔬菜
香菇 (1份),34.0,3.1,7.0,0.5,蔬菜
香菇 (1.25份),42.5,3.9,8.8,0.6,蔬菜
香菇 (1.5份),51.0,4.7,10.5,0.8,蔬菜
香菇 (2份),68.0,6.2,14.0,1.0,蔬菜
香菇 (2.5份),85.0,7.8,17.5,1.2,蔬菜
香菇 (3份),102.0,9.3,21.0,1.5,蔬菜
香菇 (小碗),25.5,2.3,5.2,0.4,蔬菜
香菇 (中碗),34.0,3.1,7.0,0.5,蔬菜
香菇 (大碗),45.9,4.2,9.5,0.7,蔬菜
香菇 (小杯),25.5,2.3,5.2,0.4,蔬菜
香菇 (中杯),34.0,3.1,7.0,0.5,蔬菜
香菇 (大杯),47.6,4.3,9.8,0.7,蔬菜
香菇 (小盒),25.5,2.3,5.2,0.4,蔬菜
香菇 (中盒),34.0,3.1,7.0,0.5,蔬菜
香菇 (大盒),47.6,4.3,9.8,0.7,蔬菜
香菇 (100g),34.0,3.1,7.0,0.5,蔬菜
香菇 (150g),51.0,4.7,10.5,0.8,蔬菜
香菇 (200g),68.0,6.2,14.0,1.0,蔬菜
香菇 (250g),85.0,7.8,17.5,1.2,蔬菜
香菇 (300g),102.0,9.3,21.0,1.5,蔬菜
金針菇 (半份),18.5,1.4,3.5,0.1,蔬菜
金針菇 (小份),27.8,2.0,5.2,0.2,蔬菜
金針菇 (1份),37.0,2.7,7.0,0.3,蔬菜
金針菇 (1.25份),46.2,3.4,8.8,0.4,蔬菜
金針菇 (1.5份),55.5,4.1,10.5,0.4,蔬菜
金針菇 (2份),74.0,5.4,14.0,0.6,蔬菜
金針菇 (2.5份),92.5,6.8,17.5,0.8,蔬菜
金針菇 (3份),111.0,8.1,21.0,0.9,蔬菜
金針菇 (小碗),27.8,2.0,5.2,0.2,蔬菜
金針菇 (中碗),37.0,2.7,7.0,0.3,蔬菜
金針菇 (大碗),50.0,3.6,9.5,0.4,蔬菜
金針菇 (小杯),27.8,2.0,5.2,0.2,蔬菜
金針菇 (中杯),37.0,2.7,7.0,0.3,蔬菜
金針菇 (大杯),51.8,3.8,9.8,0.4,蔬菜
金針菇 (小盒),27.8,2.0,5.2,0.2,蔬菜
金針菇 (中盒),37.0,2.7,7.0,0.3,蔬菜
金針菇 (大盒),51.8,3.8,9.8,0.4,蔬菜
金針菇 (100g),37.0,2.7,7.0,0.3,蔬菜
金針菇 (150g),55.5,4.1,10.5,0.4,蔬菜
金針菇 (200g),74.0,5.4,14.0,0.6,蔬菜
金針菇 (250g),92.5,6.8,17.5,0.8,蔬菜
金針菇 (300g),111.0,8.1,21.0,0.9,蔬菜
杏鮑菇 (半份),17.5,1.2,3.5,0.1,蔬菜
杏鮑菇 (小份),26.2,1.9,5.2,0.2,蔬菜
杏鮑菇 (1份),35.0,2.5,7.0,0.3,蔬菜
杏鮑菇 (1.25份),43.8,3.1,8.8,0.4,蔬菜
杏鮑菇 (1.5份),52.5,3.8,10.5,0.4,蔬菜
杏鮑菇 (2份),70.0,5.0,14.0,0.6,蔬菜
杏鮑菇 (2.5份),87.5,6.2,17.5,0.8,蔬菜
杏鮑菇 (3份),105.0,7.5,21.0,0.9,蔬菜
杏鮑菇 (小碗),26.2,1.9,5.2,0.2,蔬菜
杏鮑菇 (中碗),35.0,2.5,7.0,0.3,蔬菜
杏鮑菇 (大碗),47.2,3.4,9.5,0.4,蔬菜
杏鮑菇 (小杯),26.2,1.9,5.2,0.2,蔬菜
杏鮑菇 (中杯),35.0,2.5,7.0,0.3,蔬菜
杏鮑菇 (大杯),49.0,3.5,9.8,0.4,蔬菜
杏鮑菇 (小盒),26.2,1.9,5.2,0.2,蔬菜
杏鮑菇 (中盒),35.0,2.5,7.0,0.3,蔬菜
杏鮑菇 (大盒),49.0,3.5,9.8,0.4,蔬菜
杏鮑菇 (100g),35.0,2.5,7.0,0.3,蔬菜
杏鮑菇 (150g),52.5,3.8,10.5,0.4,蔬菜
杏鮑菇 (200g),70.0,5.0,14.0,0.6,蔬菜
杏鮑菇 (250g),87.5,6.2,17.5,0.8,蔬菜
杏鮑菇 (300g),105.0,7.5,21.0,0.9,蔬菜
木耳 (半份),12.5,0.8,3.0,0.1,蔬菜
木耳 (小份),18.8,1.1,4.5,0.2,蔬菜
木耳 (1份),25.0,1.5,6.0,0.2,蔬菜
木耳 (1.25份),31.2,1.9,7.5,0.2,蔬菜
木耳 (1.5份),37.5,2.2,9.0,0.3,蔬菜
木耳 (2份),50.0,3.0,12.0,0.4,蔬菜
木耳 (2.5份),62.5,3.8,15.0,0.5,蔬菜
木耳 (3份),75.0,4.5,18.0,0.6,蔬菜
木耳 (小碗),18.8,1.1,4.5,0.2,蔬菜
木耳 (中碗),25.0,1.5,6.0,0.2,蔬菜
木耳 (大碗),33.8,2.0,8.1,0.3,蔬菜
木耳 (小杯),18.8,1.1,4.5,0.2,蔬菜
木耳 (中杯),25.0,1.5,6.0,0.2,蔬菜
木耳 (大杯),35.0,2.1,8.4,0.3,蔬菜
木耳 (小盒),18.8,1.1,4.5,0.2,蔬菜
木耳 (中盒),25.0,1.5,6.0,0.2,蔬菜
木耳 (大盒),35.0,2.1,8.4,0.3,蔬菜
木耳 (100g),25.0,1.5,6.0,0.2,蔬菜
木耳 (150g),37.5,2.2,9.0,0.3,蔬菜
木耳 (200g),50.0,3.0,12.0,0.4,蔬菜
木耳 (250g),62.5,3.8,15.0,0.5,蔬菜
木耳 (300g),75.0,4.5,18.0,0.6,蔬菜
海帶 (半份),21.5,0.8,5.0,0.3,蔬菜
海帶 (小份),32.2,1.3,7.5,0.4,蔬菜
海帶 (1份),43.0,1.7,10.0,0.6,蔬菜
海帶 (1.25份),53.8,2.1,12.5,0.8,蔬菜
海帶 (1.5份),64.5,2.5,15.0,0.9,蔬菜
海帶 (2份),86.0,3.4,20.0,1.2,蔬菜
海帶 (2.5份),107.5,4.2,25.0,1.5,蔬菜
海帶 (3份),129.0,5.1,30.0,1.8,蔬菜
海帶 (小碗),32.2,1.3,7.5,0.4,蔬菜
海帶 (中碗),43.0,1.7,10.0,0.6,蔬菜
海帶 (大碗),58.1,2.3,13.5,0.8,蔬菜
海帶 (小杯),32.2,1.3,7.5,0.4,蔬菜
海帶 (中杯),43.0,1.7,10.0,0.6,蔬菜
海帶 (大杯),60.2,2.4,14.0,0.8,蔬菜
海帶 (小盒),32.2,1.3,7.5,0.4,蔬菜
海帶 (中盒),43.0,1.7,10.0,0.6,蔬菜
海帶 (大盒),60.2,2.4,14.0,0.8,蔬菜
海帶 (100g),43.0,1.7,10.0,0.6,蔬菜
海帶 (150g),64.5,2.5,15.0,0.9,蔬菜
海帶 (200g),86.0,3.4,20.0,1.2,蔬菜
海帶 (250g),107.5,4.2,25.0,1.5,蔬菜
海帶 (300g),129.0,5.1,30.0,1.8,蔬菜
草莓 (半份),16.0,0.3,4.0,0.1,水果
草莓 (小份),24.0,0.5,6.0,0.2,水果
草莓 (1份),32.0,0.7,8.0,0.3,水果
草莓 (1.25份),40.0,0.9,10.0,0.4,水果
草莓 (1.5份),48.0,1.0,12.0,0.4,水果
草莓 (2份),64.0,1.4,16.0,0.6,水果
草莓 (2.5份),80.0,1.8,20.0,0.8,水果
草莓 (3份),96.0,2.1,24.0,0.9,水果
草莓 (小碗),24.0,0.5,6.0,0.2,水果
草莓 (中碗),32.0,0.7,8.0,0.3,水果
草莓 (大碗),43.2,0.9,10.8,0.4,水果
草莓 (小杯),24.0,0.5,6.0,0.2,水果
草莓 (中杯),32.0,0.7,8.0,0.3,水果
草莓 (大杯),44.8,1.0,11.2,0.4,水果
草莓 (小盒),24.0,0.5,6.0,0.2,水果
草莓 (中盒),32.0,0.7,8.0,0.3,水果
草莓 (大盒),44.8,1.0,11.2,0.4,水果
草莓 (100g),32.0,0.7,8.0,0.3,水果
草莓 (150g),48.0,1.0,12.0,0.4,水果
草莓 (200g),64.0,1.4,16.0,0.6,水果
草莓 (250g),80.0,1.8,20.0,0.8,水果
草莓 (300g),96.0,2.1,24.0,0.9,水果
藍莓 (半份),28.5,0.3,7.0,0.1,水果
藍莓 (小份),42.8,0.5,10.5,0.2,水果
藍莓 (1份),57.0,0.7,14.0,0.3,水果
藍莓 (1.25份),71.2,0.9,17.5,0.4,水果
藍莓 (1.5份),85.5,1.0,21.0,0.4,水果
藍莓 (2份),114.0,1.4,28.0,0.6,水果
藍莓 (2.5份),142.5,1.8,35.0,0.8,水果
藍莓 (3份),171.0,2.1,42.0,0.9,水果
藍莓 (小碗),42.8,0.5,10.5,0.2,水果
藍莓 (中碗),57.0,0.7,14.0,0.3,水果
藍莓 (大碗),77.0,0.9,18.9,0.4,水果
藍莓 (小杯),42.8,0.5,10.5,0.2,水果
藍莓 (中杯),57.0,0.7,14.0,0.3,水果
藍莓 (大杯),79.8,1.0,19.6,0.4,水果
藍莓 (小盒),42.8,0.5,10.5,0.2,水果
藍莓 (中盒),57.0,0.7,14.0,0.3,水果
藍莓 (大盒),79.8,1.0,19.6,0.4,水果
藍莓 (100g),57.0,0.7,14.0,0.3,水果
藍莓 (150g),85.5,1.0,21.0,0.4,水果
藍莓 (200g),114.0,1.4,28.0,0.6,水果
藍莓 (250g),142.5,1.8,35.0,0.8,水果
藍莓 (300g),171.0,2.1,42.0,0.9,水果
葡萄 (半份),34.5,0.3,9.0,0.1,水果
葡萄 (小份),51.8,0.5,13.5,0.2,水果
葡萄 (1份),69.0,0.7,18.0,0.2,水果
葡萄 (1.25份),86.2,0.9,22.5,0.2,水果
葡萄 (1.5份),103.5,1.0,27.0,0.3,水果
葡萄 (2份),138.0,1.4,36.0,0.4,水果
葡萄 (2.5份),172.5,1.8,45.0,0.5,水果
葡萄 (3份),207.0,2.1,54.0,0.6,水果
葡萄 (小碗),51.8,0.5,13.5,0.2,水果
葡萄 (中碗),69.0,0.7,18.0,0.2,水果
葡萄 (大碗),93.2,0.9,24.3,0.3,水果
葡萄 (小杯),51.8,0.5,13.5,0.2,水果
葡萄 (中杯),69.0,0.7,18.0,0.2,水果
葡萄 (大杯),96.6,1.0,25.2,0.3,水果
葡萄 (小盒),51.8,0.5,13.5,0.2,水果
葡萄 (中盒),69.0,0.7,18.0,0.2,水果
葡萄 (大盒),96.6,1.0,25.2,0.3,水果
葡萄 (100g),69.0,0.7,18.0,0.2,水果
葡萄 (150g),103.5,1.0,27.0,0.3,水果
葡萄 (200g),138.0,1.4,36.0,0.4,水果
葡萄 (250g),172.5,1.8,45.0,0.5,水果
葡萄 (300g),207.0,2.1,54.0,0.6,水果
橘子 (半份),23.5,0.5,6.0,0.1,水果
橘子 (小份),35.2,0.7,9.0,0.1,水果
橘子 (1份),47.0,0.9,12.0,0.1,水果
橘子 (1.25份),58.8,1.1,15.0,0.1,水果
橘子 (1.5份),70.5,1.4,18.0,0.2,水果
橘子 (2份),94.0,1.8,24.0,0.2,水果
橘子 (2.5份),117.5,2.2,30.0,0.2,水果
橘子 (3份),141.0,2.7,36.0,0.3,水果
橘子 (小碗),35.2,0.7,9.0,0.1,水果
橘子 (中碗),47.0,0.9,12.0,0.1,水果
橘子 (大碗),63.5,1.2,16.2,0.1,水果
橘子 (小杯),35.2,0.7,9.0,0.1,水果
橘子 (中杯),47.0,0.9,12.0,0.1,水果
橘子 (大杯),65.8,1.3,16.8,0.1,水果
橘子 (小盒),35.2,0.7,9.0,0.1,水果
橘子 (中盒),47.0,0.9,12.0,0.1,水果
橘子 (大盒),65.8,1.3,16.8,0.1,水果
橘子 (100g),47.0,0.9,12.0,0.1,水果
橘子 (150g),70.5,1.4,18.0,0.2,水果
橘子 (200g),94.0,1.8,24.0,0.2,水果
橘子 (250g),117.5,2.2,30.0,0.2,水果
橘子 (300g),141.0,2.7,36.0,0.3,水果
柳橙 (半份),23.5,0.5,6.0,0.1,水果
柳橙 (小份),35.2,0.7,9.0,0.1,水果
柳橙 (1份),47.0,0.9,12.0,0.1,水果
柳橙 (1.25份),58.8,1.1,15.0,0.1,水果
柳橙 (1.5份),70.5,1.4,18.0,0.2,水果
柳橙 (2份),94.0,1.8,24.0,0.2,水果
柳橙 (2.5份),117.5,2.2,30.0,0.2,水果
柳橙 (3份),141.0,2.7,36.0,0.3,水果
柳橙 (小碗),35.2,0.7,9.0,0.1,水果
柳橙 (中碗),47.0,0.9,12.0,0.1,水果
柳橙 (大碗),63.5,1.2,16.2,0.1,水果
柳橙 (小杯),35.2,0.7,9.0,0.1,水果
柳橙 (中杯),47.0,0.9,12.0,0.1,水果
柳橙 (大杯),65.8,1.3,16.8,0.1,水果
柳橙 (小盒),35.2,0.7,9.0,0.1,水果
柳橙 (中盒),47.0,0.9,12.0,0.1,水果
柳橙 (大盒),65.8,1.3,16.8,0.1,水果
柳橙 (100g),47.0,0.9,12.0,0.1,水果
柳橙 (150g),70.5,1.4,18.0,0.2,水果
柳橙 (200g),94.0,1.8,24.0,0.2,水果
柳橙 (250g),117.5,2.2,30.0,0.2,水果
柳橙 (300g),141.0,2.7,36.0,0.3,水果
西瓜 (半份),15.0,0.3,4.0,0.1,水果
西瓜 (小份),22.5,0.4,6.0,0.2,水果
西瓜 (1份),30.0,0.6,8.0,0.2,水果
西瓜 (1.25份),37.5,0.8,10.0,0.2,水果
西瓜 (1.5份),45.0,0.9,12.0,0.3,水果
西瓜 (2份),60.0,1.2,16.0,0.4,水果
西瓜 (2.5份),75.0,1.5,20.0,0.5,水果
西瓜 (3份),90.0,1.8,24.0,0.6,水果
西瓜 (小碗),22.5,0.4,6.0,0.2,水果
西瓜 (中碗),30.0,0.6,8.0,0.2,水果
西瓜 (大碗),40.5,0.8,10.8,0.3,水果
西瓜 (小杯),22.5,0.4,6.0,0.2,水果
西瓜 (中杯),30.0,0.6,8.0,0.2,水果
西瓜 (大杯),42.0,0.8,11.2,0.3,水果
西瓜 (小盒),22.5,0.4,6.0,0.2,水果
西瓜 (中盒),30.0,0.6,8.0,0.2,水果
西瓜 (大盒),42.0,0.8,11.2,0.3,水果
西瓜 (100g),30.0,0.6,8.0,0.2,水果
西瓜 (150g),45.0,0.9,12.0,0.3,水果
西瓜 (200g),60.0,1.2,16.0,0.4,水果
西瓜 (250g),75.0,1.5,20.0,0.5,水果
西瓜 (300g),90.0,1.8,24.0,0.6,水果
鳳梨 (半份),25.0,0.2,6.5,0.1,水果
鳳梨 (小份),37.5,0.4,9.8,0.1,水果
鳳梨 (1份),50.0,0.5,13.0,0.1,水果
鳳梨 (1.25份),62.5,0.6,16.2,0.1,水果
鳳梨 (1.5份),75.0,0.8,19.5,0.2,水果
鳳梨 (2份),100.0,1.0,26.0,0.2,水果
鳳梨 (2.5份),125.0,1.2,32.5,0.2,水果
鳳梨 (3份),150.0,1.5,39.0,0.3,水果
鳳梨 (小碗),37.5,0.4,9.8,0.1,水果
鳳梨 (中碗),50.0,0.5,13.0,0.1,水果
鳳梨 (大碗),67.5,0.7,17.6,0.1,水果
鳳梨 (小杯),37.5,0.4,9.8,0.1,水果
鳳梨 (中杯),50.0,0.5,13.0,0.1,水果
鳳梨 (大杯),70.0,0.7,18.2,0.1,水果
鳳梨 (小盒),37.5,0.4,9.8,0.1,水果
鳳梨 (中盒),50.0,0.5,13.0,0.1,水果
鳳梨 (大盒),70.0,0.7,18.2,0.1,水果
鳳梨 (100g),50.0,0.5,13.0,0.1,水果
鳳梨 (150g),75.0,0.8,19.5,0.2,水果
鳳梨 (200g),100.0,1.0,26.0,0.2,水果
鳳梨 (250g),125.0,1.2,32.5,0.2,水果
鳳梨 (300g),150.0,1.5,39.0,0.3,水果
芒果 (半份),30.0,0.4,7.5,0.2,水果
芒果 (小份),45.0,0.6,11.2,0.3,水果
芒果 (1份),60.0,0.8,15.0,0.4,水果
芒果 (1.25份),75.0,1.0,18.8,0.5,水果
芒果 (1.5份),90.0,1.2,22.5,0.6,水果
芒果 (2份),120.0,1.6,30.0,0.8,水果
芒果 (2.5份),150.0,2.0,37.5,1.0,水果
芒果 (3份),180.0,2.4,45.0,1.2,水果
芒果 (小碗),45.0,0.6,11.2,0.3,水果
芒果 (中碗),60.0,0.8,15.0,0.4,水果
芒果 (大碗),81.0,1.1,20.2,0.5,水果
芒果 (小杯),45.0,0.6,11.2,0.3,水果
芒果 (中杯),60.0,0.8,15.0,0.4,水果
芒果 (大杯),84.0,1.1,21.0,0.6,水果
芒果 (小盒),45.0,0.6,11.2,0.3,水果
芒果 (中盒),60.0,0.8,15.0,0.4,水果
芒果 (大盒),84.0,1.1,21.0,0.6,水果
芒果 (100g),60.0,0.8,15.0,0.4,水果
芒果 (150g),90.0,1.2,22.5,0.6,水果
芒果 (200g),120.0,1.6,30.0,0.8,水果
芒果 (250g),150.0,2.0,37.5,1.0,水果
芒果 (300g),180.0,2.4,45.0,1.2,水果
水梨 (半份),21.0,0.2,5.5,0.1,水果
水梨 (小份),31.5,0.3,8.2,0.1,水果
水梨 (1份),42.0,0.4,11.0,0.1,水果
水梨 (1.25份),52.5,0.5,13.8,0.1,水果
水梨 (1.5份),63.0,0.6,16.5,0.2,水果
水梨 (2份),84.0,0.8,22.0,0.2,水果
水梨 (2.5份),105.0,1.0,27.5,0.2,水果
水梨 (3份),126.0,1.2,33.0,0.3,水果
水梨 (小碗),31.5,0.3,8.2,0.1,水果
水梨 (中碗),42.0,0.4,11.0,0.1,水果
水梨 (大碗),56.7,0.5,14.9,0.1,水果
水梨 (小杯),31.5,0.3,8.2,0.1,水果
水梨 (中杯),42.0,0.4,11.0,0.1,水果
水梨 (大杯),58.8,0.6,15.4,0.1,水果
水梨 (小盒),31.5,0.3,8.2,0.1,水果
水梨 (中盒),42.0,0.4,11.0,0.1,水果
水梨 (大盒),58.8,0.6,15.4,0.1,水果
水梨 (100g),42.0,0.4,11.0,0.1,水果
水梨 (150g),63.0,0.6,16.5,0.2,水果
水梨 (200g),84.0,0.8,22.0,0.2,水果
水梨 (250g),105.0,1.0,27.5,0.2,水果
水梨 (300g),126.0,1.2,33.0,0.3,水果
桃子 (半份),19.5,0.5,5.0,0.1,水果
桃子 (小份),29.2,0.7,7.5,0.2,水果
桃子 (1份),39.0,0.9,10.0,0.3,水果
桃子 (1.25份),48.8,1.1,12.5,0.4,水果
桃子 (1.5份),58.5,1.4,15.0,0.4,水果
桃子 (2份),78.0,1.8,20.0,0.6,水果
桃子 (2.5份),97.5,2.2,25.0,0.8,水果
桃子 (3份),117.0,2.7,30.0,0.9,水果
桃子 (小碗),29.2,0.7,7.5,0.2,水果
桃子 (中碗),39.0,0.9,10.0,0.3,水果
桃子 (大碗),52.7,1.2,13.5,0.4,水果
桃子 (小杯),29.2,0.7,7.5,0.2,水果
桃子 (中杯),39.0,0.9,10.0,0.3,水果
桃子 (大杯),54.6,1.3,14.0,0.4,水果
桃子 (小盒),29.2,0.7,7.5,0.2,水果
桃子 (中盒),39.0,0.9,10.0,0.3,水果
桃子 (大盒),54.6,1.3,14.0,0.4,水果
桃子 (100g),39.0,0.9,10.0,0.3,水果
桃子 (150g),58.5,1.4,15.0,0.4,水果
桃子 (200g),78.0,1.8,20.0,0.6,水果
桃子 (250g),97.5,2.2,25.0,0.8,水果
桃子 (300g),117.0,2.7,30.0,0.9,水果
火龍果 (半份),25.0,0.6,6.0,0.2,水果
火龍果 (小份),37.5,0.8,9.0,0.3,水果
火龍果 (1份),50.0,1.1,12.0,0.4,水果
火龍果 (1.25份),62.5,1.4,15.0,0.5,水果
火龍果 (1.5份),75.0,1.7,18.0,0.6,水果
火龍果 (2份),100.0,2.2,24.0,0.8,水果
火龍果 (2.5份),125.0,2.8,30.0,1.0,水果
火龍果 (3份),150.0,3.3,36.0,1.2,水果
火龍果 (小碗),37.5,0.8,9.0,0.3,水果
火龍果 (中碗),50.0,1.1,12.0,0.4,水果
火龍果 (大碗),67.5,1.5,16.2,0.5,水果
火龍果 (小杯),37.5,0.8,9.0,0.3,水果
火龍果 (中杯),50.0,1.1,12.0,0.4,水果
火龍果 (大杯),70.0,1.5,16.8,0.6,水果
火龍果 (小盒),37.5,0.8,9.0,0.3,水果
火龍果 (中盒),50.0,1.1,12.0,0.4,水果
火龍果 (大盒),70.0,1.5,16.8,0.6,水果
火龍果 (100g),50.0,1.1,12.0,0.4,水果
火龍果 (150g),75.0,1.7,18.0,0.6,水果
火龍果 (200g),100.0,2.2,24.0,0.8,水果
火龍果 (250g),125.0,2.8,30.0,1.0,水果
火龍果 (300g),150.0,3.3,36.0,1.2,水果
百香果 (半份),48.5,1.1,11.5,0.3,水果
百香果 (小份),72.8,1.7,17.2,0.5,水果
百香果 (1份),97.0,2.2,23.0,0.7,水果
百香果 (1.25份),121.2,2.8,28.8,0.9,水果
百香果 (1.5份),145.5,3.3,34.5,1.0,水果
百香果 (2份),194.0,4.4,46.0,1.4,水果
百香果 (2.5份),242.5,5.5,57.5,1.8,水果
百香果 (3份),291.0,6.6,69.0,2.1,水果
百香果 (小碗),72.8,1.7,17.2,0.5,水果
百香果 (中碗),97.0,2.2,23.0,0.7,水果
百香果 (大碗),131.0,3.0,31.1,0.9,水果
百香果 (小杯),72.8,1.7,17.2,0.5,水果
百香果 (中杯),97.0,2.2,23.0,0.7,水果
百香果 (大杯),135.8,3.1,32.2,1.0,水果
百香果 (小盒),72.8,1.7,17.2,0.5,水果
百香果 (中盒),97.0,2.2,23.0,0.7,水果
百香果 (大盒),135.8,3.1,32.2,1.0,水果
百香果 (100g),97.0,2.2,23.0,0.7,水果
百香果 (150g),145.5,3.3,34.5,1.0,水果
百香果 (200g),194.0,4.4,46.0,1.4,水果
百香果 (250g),242.5,5.5,57.5,1.8,水果
百香果 (300g),291.0,6.6,69.0,2.1,水果
酪梨 (半份),80.0,1.0,4.5,7.5,水果
酪梨 (小份),120.0,1.5,6.8,11.2,水果
酪梨 (1份),160.0,2.0,9.0,15.0,水果
酪梨 (1.25份),200.0,2.5,11.2,18.8,水果
酪梨 (1.5份),240.0,3.0,13.5,22.5,水果
酪梨 (2份),320.0,4.0,18.0,30.0,水果
酪梨 (2.5份),400.0,5.0,22.5,37.5,水果
酪梨 (3份),480.0,6.0,27.0,45.0,水果
酪梨 (小碗),120.0,1.5,6.8,11.2,水果
酪梨 (中碗),160.0,2.0,9.0,15.0,水果
酪梨 (大碗),216.0,2.7,12.2,20.2,水果
酪梨 (小杯),120.0,1.5,6.8,11.2,水果
酪梨 (中杯),160.0,2.0,9.0,15.0,水果
酪梨 (大杯),224.0,2.8,12.6,21.0,水果
酪梨 (小盒),120.0,1.5,6.8,11.2,水果
酪梨 (中盒),160.0,2.0,9.0,15.0,水果
酪梨 (大盒),224.0,2.8,12.6,21.0,水果
酪梨 (100g),160.0,2.0,9.0,15.0,水果
酪梨 (150g),240.0,3.0,13.5,22.5,水果
酪梨 (200g),320.0,4.0,18.0,30.0,水果
酪梨 (250g),400.0,5.0,22.5,37.5,水果
酪梨 (300g),480.0,6.0,27.0,45.0,水果
椰子 (半份),177.0,1.6,7.5,16.5,水果
椰子 (小份),265.5,2.5,11.2,24.8,水果
椰子 (1份),354.0,3.3,15.0,33.0,水果
椰子 (1.25份),442.5,4.1,18.8,41.2,水果
椰子 (1.5份),531.0,4.9,22.5,49.5,水果
椰子 (2份),708.0,6.6,30.0,66.0,水果
椰子 (2.5份),885.0,8.2,37.5,82.5,水果
椰子 (3份),1062.0,9.9,45.0,99.0,水果
椰子 (小碗),265.5,2.5,11.2,24.8,水果
椰子 (中碗),354.0,3.3,15.0,33.0,水果
椰子 (大碗),477.9,4.5,20.2,44.6,水果
椰子 (小杯),265.5,2.5,11.2,24.8,水果
椰子 (中杯),354.0,3.3,15.0,33.0,水果
椰子 (大杯),495.6,4.6,21.0,46.2,水果
椰子 (小盒),265.5,2.5,11.2,24.8,水果
椰子 (中盒),354.0,3.3,15.0,33.0,水果
椰子 (大盒),495.6,4.6,21.0,46.2,水果
椰子 (100g),354.0,3.3,15.0,33.0,水果
椰子 (150g),531.0,4.9,22.5,49.5,水果
椰子 (200g),708.0,6.6,30.0,66.0,水果
椰子 (250g),885.0,8.2,37.5,82.5,水果
椰子 (300g),1062.0,9.9,45.0,99.0,水果
柿子 (半份),35.0,0.3,9.5,0.1,水果
柿子 (小份),52.5,0.4,14.2,0.2,水果
柿子 (1份),70.0,0.6,19.0,0.2,水果
柿子 (1.25份),87.5,0.8,23.8,0.2,水果
柿子 (1.5份),105.0,0.9,28.5,0.3,水果
柿子 (2份),140.0,1.2,38.0,0.4,水果
柿子 (2.5份),175.0,1.5,47.5,0.5,水果
柿子 (3份),210.0,1.8,57.0,0.6,水果
柿子 (小碗),52.5,0.4,14.2,0.2,水果
柿子 (中碗),70.0,0.6,19.0,0.2,水果
柿子 (大碗),94.5,0.8,25.7,0.3,水果
柿子 (小杯),52.5,0.4,14.2,0.2,水果
柿子 (中杯),70.0,0.6,19.0,0.2,水果
柿子 (大杯),98.0,0.8,26.6,0.3,水果
柿子 (小盒),52.5,0.4,14.2,0.2,水果
柿子 (中盒),70.0,0.6,19.0,0.2,水果
柿子 (大盒),98.0,0.8,26.6,0.3,水果
柿子 (100g),70.0,0.6,19.0,0.2,水果
柿子 (150g),105.0,0.9,28.5,0.3,水果
柿子 (200g),140.0,1.2,38.0,0.4,水果
柿子 (250g),175.0,1.5,47.5,0.5,水果
柿子 (300g),210.0,1.8,57.0,0.6,水果
杏仁 (半份),289.5,10.5,11.0,24.5,堅果
杏仁 (小份),434.2,15.8,16.5,36.8,堅果
杏仁 (1份),579.0,21.0,22.0,49.0,堅果
杏仁 (1.25份),723.8,26.2,27.5,61.2,堅果
杏仁 (1.5份),868.5,31.5,33.0,73.5,堅果
杏仁 (2份),1158.0,42.0,44.0,98.0,堅果
杏仁 (2.5份),1447.5,52.5,55.0,122.5,堅果
杏仁 (3份),1737.0,63.0,66.0,147.0,堅果
杏仁 (小碗),434.2,15.8,16.5,36.8,堅果
杏仁 (中碗),579.0,21.0,22.0,49.0,堅果
杏仁 (大碗),781.7,28.4,29.7,66.2,堅果
杏仁 (小杯),434.2,15.8,16.5,36.8,堅果
杏仁 (中杯),579.0,21.0,22.0,49.0,堅果
杏仁 (大杯),810.6,29.4,30.8,68.6,堅果
杏仁 (小盒),434.2,15.8,16.5,36.8,堅果
杏仁 (中盒),579.0,21.0,22.0,49.0,堅果
杏仁 (大盒),810.6,29.4,30.8,68.6,堅果
杏仁 (100g),579.0,21.0,22.0,49.0,堅果
杏仁 (150g),868.5,31.5,33.0,73.5,堅果
杏仁 (200g),1158.0,42.0,44.0,98.0,堅果
杏仁 (250g),1447.5,52.5,55.0,122.5,堅果
杏仁 (300g),1737.0,63.0,66.0,147.0,堅果
核桃 (半份),327.0,7.5,7.0,32.5,堅果
核桃 (小份),490.5,11.2,10.5,48.8,堅果
核桃 (1份),654.0,15.0,14.0,65.0,堅果
核桃 (1.25份),817.5,18.8,17.5,81.2,堅果
核桃 (1.5份),981.0,22.5,21.0,97.5,堅果
核桃 (2份),1308.0,30.0,28.0,130.0,堅果
核桃 (2.5份),1635.0,37.5,35.0,162.5,堅果
核桃 (3份),1962.0,45.0,42.0,195.0,堅果
核桃 (小碗),490.5,11.2,10.5,48.8,堅果
核桃 (中碗),654.0,15.0,14.0,65.0,堅果
核桃 (大碗),882.9,20.2,18.9,87.8,堅果
核桃 (小杯),490.5,11.2,10.5,48.8,堅果
核桃 (中杯),654.0,15.0,14.0,65.0,堅果
核桃 (大杯),915.6,21.0,19.6,91.0,堅果
核桃 (小盒),490.5,11.2,10.5,48.8,堅果
核桃 (中盒),654.0,15.0,14.0,65.0,堅果
核桃 (大盒),915.6,21.0,19.6,91.0,堅果
核桃 (100g),654.0,15.0,14.0,65.0,堅果
核桃 (150g),981.0,22.5,21.0,97.5,堅果
核桃 (200g),1308.0,30.0,28.0,130.0,堅果
核桃 (250g),1635.0,37.5,35.0,162.5,堅果
核桃 (300g),1962.0,45.0,42.0,195.0,堅果
腰果 (半份),276.5,9.0,15.0,22.0,堅果
腰果 (小份),414.8,13.5,22.5,33.0,堅果
腰果 (1份),553.0,18.0,30.0,44.0,堅果
腰果 (1.25份),691.2,22.5,37.5,55.0,堅果
腰果 (1.5份),829.5,27.0,45.0,66.0,堅果
腰果 (2份),1106.0,36.0,60.0,88.0,堅果
腰果 (2.5份),1382.5,45.0,75.0,110.0,堅果
腰果 (3份),1659.0,54.0,90.0,132.0,堅果
腰果 (小碗),414.8,13.5,22.5,33.0,堅果
腰果 (中碗),553.0,18.0,30.0,44.0,堅果
腰果 (大碗),746.6,24.3,40.5,59.4,堅果
腰果 (小杯),414.8,13.5,22.5,33.0,堅果
腰果 (中杯),553.0,18.0,30.0,44.0,堅果
腰果 (大杯),774.2,25.2,42.0,61.6,堅果
腰果 (小盒),414.8,13.5,22.5,33.0,堅果
腰果 (中盒),553.0,18.0,30.0,44.0,堅果
腰果 (大盒),774.2,25.2,42.0,61.6,堅果
腰果 (100g),553.0,18.0,30.0,44.0,堅果
腰果 (150g),829.5,27.0,45.0,66.0,堅果
腰果 (200g),1106.0,36.0,60.0,88.0,堅果
腰果 (250g),1382.5,45.0,75.0,110.0,堅果
腰果 (300g),1659.0,54.0,90.0,132.0,堅果
花生 (半份),283.5,13.0,8.0,24.5,堅果
花生 (小份),425.2,19.5,12.0,36.8,堅果
花生 (1份),567.0,26.0,16.0,49.0,堅果
花生 (1.25份),708.8,32.5,20.0,61.2,堅果
花生 (1.5份),850.5,39.0,24.0,73.5,堅果
花生 (2份),1134.0,52.0,32.0,98.0,堅果
花生 (2.5份),1417.5,65.0,40.0,122.5,堅果
花生 (3份),1701.0,78.0,48.0,147.0,堅果
花生 (小碗),425.2,19.5,12.0,36.8,堅果
花生 (中碗),567.0,26.0,16.0,49.0,堅果
花生 (大碗),765.5,35.1,21.6,66.2,堅果
花生 (小杯),425.2,19.5,12.0,36.8,堅果
花生 (中杯),567.0,26.0,16.0,49.0,堅果
花生 (大杯),793.8,36.4,22.4,68.6,堅果
花生 (小盒),425.2,19.5,12.0,36.8,堅果
花生 (中盒),567.0,26.0,16.0,49.0,堅果
花生 (大盒),793.8,36.4,22.4,68.6,堅果
花生 (100g),567.0,26.0,16.0,49.0,堅果
花生 (150g),850.5,39.0,24.0,73.5,堅果
花生 (200g),1134.0,52.0,32.0,98.0,堅果
花生 (250g),1417.5,65.0,40.0,122.5,堅果
花生 (300g),1701.0,78.0,48.0,147.0,堅果
開心果 (半份),281.0,10.0,14.0,22.5,堅果
開心果 (小份),421.5,15.0,21.0,33.8,堅果
開心果 (1份),562.0,20.0,28.0,45.0,堅果
開心果 (1.25份),702.5,25.0,35.0,56.2,堅果
開心果 (1.5份),843.0,30.0,42.0,67.5,堅果
開心果 (2份),1124.0,40.0,56.0,90.0,堅果
開心果 (2.5份),1405.0,50.0,70.0,112.5,堅果
開心果 (3份),1686.0,60.0,84.0,135.0,堅果
開心果 (小碗),421.5,15.0,21.0,33.8,堅果
開心果 (中碗),562.0,20.0,28.0,45.0,堅果
開心果 (大碗),758.7,27.0,37.8,60.8,堅果
開心果 (小杯),421.5,15.0,21.0,33.8,堅果
開心果 (中杯),562.0,20.0,28.0,45.0,堅果
開心果 (大杯),786.8,28.0,39.2,63.0,堅果
開心果 (小盒),421.5,15.0,21.0,33.8,堅果
開心果 (中盒),562.0,20.0,28.0,45.0,堅果
開心果 (大盒),786.8,28.0,39.2,63.0,堅果
開心果 (100g),562.0,20.0,28.0,45.0,堅果
開心果 (150g),843.0,30.0,42.0,67.5,堅果
開心果 (200g),1124.0,40.0,56.0,90.0,堅果
開心果 (250g),1405.0,50.0,70.0,112.5,堅果
開心果 (300g),1686.0,60.0,84.0,135.0,堅果
南瓜子 (半份),279.5,15.0,5.5,24.5,堅果
南瓜子 (小份),419.2,22.5,8.2,36.8,堅果
南瓜子 (1份),559.0,30.0,11.0,49.0,堅果
南瓜子 (1.25份),698.8,37.5,13.8,61.2,堅果
南瓜子 (1.5份),838.5,45.0,16.5,73.5,堅果
南瓜子 (2份),1118.0,60.0,22.0,98.0,堅果
南瓜子 (2.5份),1397.5,75.0,27.5,122.5,堅果
南瓜子 (3份),1677.0,90.0,33.0,147.0,堅果
南瓜子 (小碗),419.2,22.5,8.2,36.8,堅果
南瓜子 (中碗),559.0,30.0,11.0,49.0,堅果
南瓜子 (大碗),754.7,40.5,14.9,66.2,堅果
南瓜子 (小杯),419.2,22.5,8.2,36.8,堅果
南瓜子 (中杯),559.0,30.0,11.0,49.0,堅果
南瓜子 (大杯),782.6,42.0,15.4,68.6,堅果
南瓜子 (小盒),419.2,22.5,8.2,36.8,堅果
南瓜子 (中盒),559.0,30.0,11.0,49.0,堅果
南瓜子 (大盒),782.6,42.0,15.4,68.6,堅果
南瓜子 (100g),559.0,30.0,11.0,49.0,堅果
南瓜子 (150g),838.5,45.0,16.5,73.5,堅果
南瓜子 (200g),1118.0,60.0,22.0,98.0,堅果
南瓜子 (250g),1397.5,75.0,27.5,122.5,堅果
南瓜子 (300g),1677.0,90.0,33.0,147.0,堅果
葵瓜子 (半份),292.0,10.5,10.0,25.5,堅果
葵瓜子 (小份),438.0,15.8,15.0,38.2,堅果
葵瓜子 (1份),584.0,21.0,20.0,51.0,堅果
葵瓜子 (1.25份),730.0,26.2,25.0,63.8,堅果
葵瓜子 (1.5份),876.0,31.5,30.0,76.5,堅果
葵瓜子 (2份),1168.0,42.0,40.0,102.0,堅果
葵瓜子 (2.5份),1460.0,52.5,50.0,127.5,堅果
葵瓜子 (3份),1752.0,63.0,60.0,153.0,堅果
葵瓜子 (小碗),438.0,15.8,15.0,38.2,堅果
葵瓜子 (中碗),584.0,21.0,20.0,51.0,堅果
葵瓜子 (大碗),788.4,28.4,27.0,68.9,堅果
葵瓜子 (小杯),438.0,15.8,15.0,38.2,堅果
葵瓜子 (中杯),584.0,21.0,20.0,51.0,堅果
葵瓜子 (大杯),817.6,29.4,28.0,71.4,堅果
葵瓜子 (小盒),438.0,15.8,15.0,38.2,堅果
葵瓜子 (中盒),584.0,21.0,20.0,51.0,堅果
葵瓜子 (大盒),817.6,29.4,28.0,71.4,堅果
葵瓜子 (100g),584.0,21.0,20.0,51.0,堅果
葵瓜子 (150g),876.0,31.5,30.0,76.5,堅果
葵瓜子 (200g),1168.0,42.0,40.0,102.0,堅果
葵瓜子 (250g),1460.0,52.5,50.0,127.5,堅果
葵瓜子 (300g),1752.0,63.0,60.0,153.0,堅果
洋芋片 (半份),268.0,3.5,26.5,17.5,零食
洋芋片 (小份),402.0,5.2,39.8,26.2,零食
洋芋片 (1份),536.0,7.0,53.0,35.0,零食
洋芋片 (1.25份),670.0,8.8,66.2,43.8,零食
洋芋片 (1.5份),804.0,10.5,79.5,52.5,零食
洋芋片 (2份),1072.0,14.0,106.0,70.0,零食
洋芋片 (2.5份),1340.0,17.5,132.5,87.5,零食
洋芋片 (3份),1608.0,21.0,159.0,105.0,零食
洋芋片 (小碗),402.0,5.2,39.8,26.2,零食
洋芋片 (中碗),536.0,7.0,53.0,35.0,零食
洋芋片 (大碗),723.6,9.5,71.6,47.2,零食
洋芋片 (小杯),402.0,5.2,39.8,26.2,零食
洋芋片 (中杯),536.0,7.0,53.0,35.0,零食
洋芋片 (大杯),750.4,9.8,74.2,49.0,零食
洋芋片 (小盒),402.0,5.2,39.8,26.2,零食
洋芋片 (中盒),536.0,7.0,53.0,35.0,零食
洋芋片 (大盒),750.4,9.8,74.2,49.0,零食
洋芋片 (100g),536.0,7.0,53.0,35.0,零食
洋芋片 (150g),804.0,10.5,79.5,52.5,零食
洋芋片 (200g),1072.0,14.0,106.0,70.0,零食
洋芋片 (250g),1340.0,17.5,132.5,87.5,零食
洋芋片 (300g),1608.0,21.0,159.0,105.0,零食
玉米脆片 (半份),250.0,3.5,27.5,14.0,零食
玉米脆片 (小份),375.0,5.2,41.2,21.0,零食
玉米脆片 (1份),500.0,7.0,55.0,28.0,零食
玉米脆片 (1.25份),625.0,8.8,68.8,35.0,零食
玉米脆片 (1.5份),750.0,10.5,82.5,42.0,零食
玉米脆片 (2份),1000.0,14.0,110.0,56.0,零食
玉米脆片 (2.5份),1250.0,17.5,137.5,70.0,零食
玉米脆片 (3份),1500.0,21.0,165.0,84.0,零食
玉米脆片 (小碗),375.0,5.2,41.2,21.0,零食
玉米脆片 (中碗),500.0,7.0,55.0,28.0,零食
玉米脆片 (大碗),675.0,9.5,74.2,37.8,零食
玉米脆片 (小杯),375.0,5.2,41.2,21.0,零食
玉米脆片 (中杯),500.0,7.0,55.0,28.0,零食
玉米脆片 (大杯),700.0,9.8,77.0,39.2,零食
玉米脆片 (小盒),375.0,5.2,41.2,21.0,零食
玉米脆片 (中盒),500.0,7.0,55.0,28.0,零食
玉米脆片 (大盒),700.0,9.8,77.0,39.2,零食
玉米脆片 (100g),500.0,7.0,55.0,28.0,零食
玉米脆片 (150g),750.0,10.5,82.5,42.0,零食
玉米脆片 (200g),1000.0,14.0,110.0,56.0,零食
玉米脆片 (250g),1250.0,17.5,137.5,70.0,零食
玉米脆片 (300g),1500.0,21.0,165.0,84.0,零食
爆米花 (半份),193.5,6.5,39.0,2.2,零食
爆米花 (小份),290.2,9.8,58.5,3.4,零食
爆米花 (1份),387.0,13.0,78.0,4.5,零食
爆米花 (1.25份),483.8,16.2,97.5,5.6,零食
爆米花 (1.5份),580.5,19.5,117.0,6.8,零食
爆米花 (2份),774.0,26.0,156.0,9.0,零食
爆米花 (2.5份),967.5,32.5,195.0,11.2,零食
爆米花 (3份),1161.0,39.0,234.0,13.5,零食
爆米花 (小碗),290.2,9.8,58.5,3.4,零食
爆米花 (中碗),387.0,13.0,78.0,4.5,零食
爆米花 (大碗),522.5,17.6,105.3,6.1,零食
爆米花 (小杯),290.2,9.8,58.5,3.4,零食
爆米花 (中杯),387.0,13.0,78.0,4.5,零食
爆米花 (大杯),541.8,18.2,109.2,6.3,零食
爆米花 (小盒),290.2,9.8,58.5,3.4,零食
爆米花 (中盒),387.0,13.0,78.0,4.5,零食
爆米花 (大盒),541.8,18.2,109.2,6.3,零食
爆米花 (100g),387.0,13.0,78.0,4.5,零食
爆米花 (150g),580.5,19.5,117.0,6.8,零食
爆米花 (200g),774.0,26.0,156.0,9.0,零食
爆米花 (250g),967.5,32.5,195.0,11.2,零食
爆米花 (300g),1161.0,39.0,234.0,13.5,零食
蘇打餅乾 (半份),215.0,4.5,35.0,6.5,零食
蘇打餅乾 (小份),322.5,6.8,52.5,9.8,零食
蘇打餅乾 (1份),430.0,9.0,70.0,13.0,零食
蘇打餅乾 (1.25份),537.5,11.2,87.5,16.2,零食
蘇打餅乾 (1.5份),645.0,13.5,105.0,19.5,零食
蘇打餅乾 (2份),860.0,18.0,140.0,26.0,零食
蘇打餅乾 (2.5份),1075.0,22.5,175.0,32.5,零食
蘇打餅乾 (3份),1290.0,27.0,210.0,39.0,零食
蘇打餅乾 (小碗),322.5,6.8,52.5,9.8,零食
蘇打餅乾 (中碗),430.0,9.0,70.0,13.0,零食
蘇打餅乾 (大碗),580.5,12.2,94.5,17.6,零食
蘇打餅乾 (小杯),322.5,6.8,52.5,9.8,零食
蘇打餅乾 (中杯),430.0,9.0,70.0,13.0,零食
蘇打餅乾 (大杯),602.0,12.6,98.0,18.2,零食
蘇打餅乾 (小盒),322.5,6.8,52.5,9.8,零食
蘇打餅乾 (中盒),430.0,9.0,70.0,13.0,零食
蘇打餅乾 (大盒),602.0,12.6,98.0,18.2,零食
蘇打餅乾 (100g),430.0,9.0,70.0,13.0,零食
蘇打餅乾 (150g),645.0,13.5,105.0,19.5,零食
蘇打餅乾 (200g),860.0,18.0,140.0,26.0,零食
蘇打餅乾 (250g),1075.0,22.5,175.0,32.5,零食
蘇打餅乾 (300g),1290.0,27.0,210.0,39.0,零食
巧克力餅乾 (半份),240.0,3.0,33.5,10.5,零食
巧克力餅乾 (小份),360.0,4.5,50.2,15.8,零食
巧克力餅乾 (1份),480.0,6.0,67.0,21.0,零食
巧克力餅乾 (1.25份),600.0,7.5,83.8,26.2,零食
巧克力餅乾 (1.5份),720.0,9.0,100.5,31.5,零食
巧克力餅乾 (2份),960.0,12.0,134.0,42.0,零食
巧克力餅乾 (2.5份),1200.0,15.0,167.5,52.5,零食
巧克力餅乾 (3份),1440.0,18.0,201.0,63.0,零食
巧克力餅乾 (小碗),360.0,4.5,50.2,15.8,零食
巧克力餅乾 (中碗),480.0,6.0,67.0,21.0,零食
巧克力餅乾 (大碗),648.0,8.1,90.5,28.4,零食
巧克力餅乾 (小杯),360.0,4.5,50.2,15.8,零食
巧克力餅乾 (中杯),480.0,6.0,67.0,21.0,零食
巧克力餅乾 (大杯),672.0,8.4,93.8,29.4,零食
巧克力餅乾 (小盒),360.0,4.5,50.2,15.8,零食
巧克力餅乾 (中盒),480.0,6.0,67.0,21.0,零食
巧克力餅乾 (大盒),672.0,8.4,93.8,29.4,零食
巧克力餅乾 (100g),480.0,6.0,67.0,21.0,零食
巧克力餅乾 (150g),720.0,9.0,100.5,31.5,零食
巧克力餅乾 (200g),960.0,12.0,134.0,42.0,零食
巧克力餅乾 (250g),1200.0,15.0,167.5,52.5,零食
巧克力餅乾 (300g),1440.0,18.0,201.0,63.0,零食
燕麥餅乾 (半份),225.0,3.5,34.0,8.5,零食
燕麥餅乾 (小份),337.5,5.2,51.0,12.8,零食
燕麥餅乾 (1份),450.0,7.0,68.0,17.0,零食
燕麥餅乾 (1.25份),562.5,8.8,85.0,21.2,零食
燕麥餅乾 (1.5份),675.0,10.5,102.0,25.5,零食
燕麥餅乾 (2份),900.0,14.0,136.0,34.0,零食
燕麥餅乾 (2.5份),1125.0,17.5,170.0,42.5,零食
燕麥餅乾 (3份),1350.0,21.0,204.0,51.0,零食
燕麥餅乾 (小碗),337.5,5.2,51.0,12.8,零食
燕麥餅乾 (中碗),450.0,7.0,68.0,17.0,零食
燕麥餅乾 (大碗),607.5,9.5,91.8,23.0,零食
燕麥餅乾 (小杯),337.5,5.2,51.0,12.8,零食
燕麥餅乾 (中杯),450.0,7.0,68.0,17.0,零食
燕麥餅乾 (大杯),630.0,9.8,95.2,23.8,零食
燕麥餅乾 (小盒),337.5,5.2,51.0,12.8,零食
燕麥餅乾 (中盒),450.0,7.0,68.0,17.0,零食
燕麥餅乾 (大盒),630.0,9.8,95.2,23.8,零食
燕麥餅乾 (100g),450.0,7.0,68.0,17.0,零食
燕麥餅乾 (150g),675.0,10.5,102.0,25.5,零食
燕麥餅乾 (200g),900.0,14.0,136.0,34.0,零食
燕麥餅乾 (250g),1125.0,17.5,170.0,42.5,零食
燕麥餅乾 (300g),1350.0,21.0,204.0,51.0,零食
洋芋薯餅 (半份),130.0,1.5,14.0,7.5,零食
洋芋薯餅 (小份),195.0,2.2,21.0,11.2,零食
洋芋薯餅 (1份),260.0,3.0,28.0,15.0,零食
洋芋薯餅 (1.25份),325.0,3.8,35.0,18.8,零食
洋芋薯餅 (1.5份),390.0,4.5,42.0,22.5,零食
洋芋薯餅 (2份),520.0,6.0,56.0,30.0,零食
洋芋薯餅 (2.5份),650.0,7.5,70.0,37.5,零食
洋芋薯餅 (3份),780.0,9.0,84.0,45.0,零食
洋芋薯餅 (小碗),195.0,2.2,21.0,11.2,零食
洋芋薯餅 (中碗),260.0,3.0,28.0,15.0,零食
洋芋薯餅 (大碗),351.0,4.1,37.8,20.2,零食
洋芋薯餅 (小杯),195.0,2.2,21.0,11.2,零食
洋芋薯餅 (中杯),260.0,3.0,28.0,15.0,零食
洋芋薯餅 (大杯),364.0,4.2,39.2,21.0,零食
洋芋薯餅 (小盒),195.0,2.2,21.0,11.2,零食
洋芋薯餅 (中盒),260.0,3.0,28.0,15.0,零食
洋芋薯餅 (大盒),364.0,4.2,39.2,21.0,零食
洋芋薯餅 (100g),260.0,3.0,28.0,15.0,零食
洋芋薯餅 (150g),390.0,4.5,42.0,22.5,零食
洋芋薯餅 (200g),520.0,6.0,56.0,30.0,零食
洋芋薯餅 (250g),650.0,7.5,70.0,37.5,零食
洋芋薯餅 (300g),780.0,9.0,84.0,45.0,零食
茶葉蛋 (半份),72.5,6.0,1.0,4.5,零食
茶葉蛋 (小份),108.8,9.0,1.5,6.8,零食
茶葉蛋 (1份),145.0,12.0,2.0,9.0,零食
茶葉蛋 (1.25份),181.2,15.0,2.5,11.2,零食
茶葉蛋 (1.5份),217.5,18.0,3.0,13.5,零食
茶葉蛋 (2份),290.0,24.0,4.0,18.0,零食
茶葉蛋 (2.5份),362.5,30.0,5.0,22.5,零食
茶葉蛋 (3份),435.0,36.0,6.0,27.0,零食
茶葉蛋 (小碗),108.8,9.0,1.5,6.8,零食
茶葉蛋 (中碗),145.0,12.0,2.0,9.0,零食
茶葉蛋 (大碗),195.8,16.2,2.7,12.2,零食
茶葉蛋 (小杯),108.8,9.0,1.5,6.8,零食
茶葉蛋 (中杯),145.0,12.0,2.0,9.0,零食
茶葉蛋 (大杯),203.0,16.8,2.8,12.6,零食
茶葉蛋 (小盒),108.8,9.0,1.5,6.8,零食
茶葉蛋 (中盒),145.0,12.0,2.0,9.0,零食
茶葉蛋 (大盒),203.0,16.8,2.8,12.6,零食
茶葉蛋 (100g),145.0,12.0,2.0,9.0,零食
茶葉蛋 (150g),217.5,18.0,3.0,13.5,零食
茶葉蛋 (200g),290.0,24.0,4.0,18.0,零食
茶葉蛋 (250g),362.5,30.0,5.0,22.5,零食
茶葉蛋 (300g),435.0,36.0,6.0,27.0,零食
滷蛋 (半份),75.0,6.0,1.0,5.0,零食
滷蛋 (小份),112.5,9.0,1.5,7.5,零食
滷蛋 (1份),150.0,12.0,2.0,10.0,零食
滷蛋 (1.25份),187.5,15.0,2.5,12.5,零食
滷蛋 (1.5份),225.0,18.0,3.0,15.0,零食
滷蛋 (2份),300.0,24.0,4.0,20.0,零食
滷蛋 (2.5份),375.0,30.0,5.0,25.0,零食
滷蛋 (3份),450.0,36.0,6.0,30.0,零食
滷蛋 (小碗),112.5,9.0,1.5,7.5,零食
滷蛋 (中碗),150.0,12.0,2.0,10.0,零食
滷蛋 (大碗),202.5,16.2,2.7,13.5,零食
滷蛋 (小杯),112.5,9.0,1.5,7.5,零食
滷蛋 (中杯),150.0,12.0,2.0,10.0,零食
滷蛋 (大杯),210.0,16.8,2.8,14.0,零食
滷蛋 (小盒),112.5,9.0,1.5,7.5,零食
滷蛋 (中盒),150.0,12.0,2.0,10.0,零食
滷蛋 (大盒),210.0,16.8,2.8,14.0,零食
滷蛋 (100g),150.0,12.0,2.0,10.0,零食
滷蛋 (150g),225.0,18.0,3.0,15.0,零食
滷蛋 (200g),300.0,24.0,4.0,20.0,零食
滷蛋 (250g),375.0,30.0,5.0,25.0,零食
滷蛋 (300g),450.0,36.0,6.0,30.0,零食
海苔 (半份),17.5,2.5,2.0,0.2,零食
海苔 (小份),26.2,3.8,3.0,0.4,零食
海苔 (1份),35.0,5.0,4.0,0.5,零食
海苔 (1.25份),43.8,6.2,5.0,0.6,零食
海苔 (1.5份),52.5,7.5,6.0,0.8,零食
海苔 (2份),70.0,10.0,8.0,1.0,零食
海苔 (2.5份),87.5,12.5,10.0,1.2,零食
海苔 (3份),105.0,15.0,12.0,1.5,零食
海苔 (小碗),26.2,3.8,3.0,0.4,零食
海苔 (中碗),35.0,5.0,4.0,0.5,零食
海苔 (大碗),47.2,6.8,5.4,0.7,零食
海苔 (小杯),26.2,3.8,3.0,0.4,零食
海苔 (中杯),35.0,5.0,4.0,0.5,零食
海苔 (大杯),49.0,7.0,5.6,0.7,零食
海苔 (小盒),26.2,3.8,3.0,0.4,零食
海苔 (中盒),35.0,5.0,4.0,0.5,零食
海苔 (大盒),49.0,7.0,5.6,0.7,零食
海苔 (100g),35.0,5.0,4.0,0.5,零食
海苔 (150g),52.5,7.5,6.0,0.8,零食
海苔 (200g),70.0,10.0,8.0,1.0,零食
海苔 (250g),87.5,12.5,10.0,1.2,零食
海苔 (300g),105.0,15.0,12.0,1.5,零食
黑巧克力 (半份),300.0,4.0,23.0,21.5,甜點
黑巧克力 (小份),450.0,6.0,34.5,32.2,甜點
黑巧克力 (1份),600.0,8.0,46.0,43.0,甜點
黑巧克力 (1.25份),750.0,10.0,57.5,53.8,甜點
黑巧克力 (1.5份),900.0,12.0,69.0,64.5,甜點
黑巧克力 (2份),1200.0,16.0,92.0,86.0,甜點
黑巧克力 (2.5份),1500.0,20.0,115.0,107.5,甜點
黑巧克力 (3份),1800.0,24.0,138.0,129.0,甜點
黑巧克力 (小碗),450.0,6.0,34.5,32.2,甜點
黑巧克力 (中碗),600.0,8.0,46.0,43.0,甜點
黑巧克力 (大碗),810.0,10.8,62.1,58.1,甜點
黑巧克力 (小杯),450.0,6.0,34.5,32.2,甜點
黑巧克力 (中杯),600.0,8.0,46.0,43.0,甜點
黑巧克力 (大杯),840.0,11.2,64.4,60.2,甜點
黑巧克力 (小盒),450.0,6.0,34.5,32.2,甜點
黑巧克力 (中盒),600.0,8.0,46.0,43.0,甜點
黑巧克力 (大盒),840.0,11.2,64.4,60.2,甜點
黑巧克力 (100g),600.0,8.0,46.0,43.0,甜點
黑巧克力 (150g),900.0,12.0,69.0,64.5,甜點
黑巧克力 (200g),1200.0,16.0,92.0,86.0,甜點
黑巧克力 (250g),1500.0,20.0,115.0,107.5,甜點
黑巧克力 (300g),1800.0,24.0,138.0,129.0,甜點
牛奶巧克力 (半份),267.5,4.0,29.5,15.0,甜點
牛奶巧克力 (小份),401.2,6.0,44.2,22.5,甜點
牛奶巧克力 (1份),535.0,8.0,59.0,30.0,甜點
牛奶巧克力 (1.25份),668.8,10.0,73.8,37.5,甜點
牛奶巧克力 (1.5份),802.5,12.0,88.5,45.0,甜點
牛奶巧克力 (2份),1070.0,16.0,118.0,60.0,甜點
牛奶巧克力 (2.5份),1337.5,20.0,147.5,75.0,甜點
牛奶巧克力 (3份),1605.0,24.0,177.0,90.0,甜點
牛奶巧克力 (小碗),401.2,6.0,44.2,22.5,甜點
牛奶巧克力 (中碗),535.0,8.0,59.0,30.0,甜點
牛奶巧克力 (大碗),722.2,10.8,79.7,40.5,甜點
牛奶巧克力 (小杯),401.2,6.0,44.2,22.5,甜點
牛奶巧克力 (中杯),535.0,8.0,59.0,30.0,甜點
牛奶巧克力 (大杯),749.0,11.2,82.6,42.0,甜點
牛奶巧克力 (小盒),401.2,6.0,44.2,22.5,甜點
牛奶巧克力 (中盒),535.0,8.0,59.0,30.0,甜點
牛奶巧克力 (大盒),749.0,11.2,82.6,42.0,甜點
牛奶巧克力 (100g),535.0,8.0,59.0,30.0,甜點
牛奶巧克力 (150g),802.5,12.0,88.5,45.0,甜點
牛奶巧克力 (200g),1070.0,16.0,118.0,60.0,甜點
牛奶巧克力 (250g),1337.5,20.0,147.5,75.0,甜點
牛奶巧克力 (300g),1605.0,24.0,177.0,90.0,甜點
布朗尼 (半份),205.0,2.5,25.0,11.0,甜點
布朗尼 (小份),307.5,3.8,37.5,16.5,甜點
布朗尼 (1份),410.0,5.0,50.0,22.0,甜點
布朗尼 (1.25份),512.5,6.2,62.5,27.5,甜點
布朗尼 (1.5份),615.0,7.5,75.0,33.0,甜點
布朗尼 (2份),820.0,10.0,100.0,44.0,甜點
布朗尼 (2.5份),1025.0,12.5,125.0,55.0,甜點
布朗尼 (3份),1230.0,15.0,150.0,66.0,甜點
布朗尼 (小碗),307.5,3.8,37.5,16.5,甜點
布朗尼 (中碗),410.0,5.0,50.0,22.0,甜點
布朗尼 (大碗),553.5,6.8,67.5,29.7,甜點
布朗尼 (小杯),307.5,3.8,37.5,16.5,甜點
布朗尼 (中杯),410.0,5.0,50.0,22.0,甜點
布朗尼 (大杯),574.0,7.0,70.0,30.8,甜點
布朗尼 (小盒),307.5,3.8,37.5,16.5,甜點
布朗尼 (中盒),410.0,5.0,50.0,22.0,甜點
布朗尼 (大盒),574.0,7.0,70.0,30.8,甜點
布朗尼 (100g),410.0,5.0,50.0,22.0,甜點
布朗尼 (150g),615.0,7.5,75.0,33.0,甜點
布朗尼 (200g),820.0,10.0,100.0,44.0,甜點
布朗尼 (250g),1025.0,12.5,125.0,55.0,甜點
布朗尼 (300g),1230.0,15.0,150.0,66.0,甜點
乳酪蛋糕 (半份),160.0,3.0,13.5,10.5,甜點
乳酪蛋糕 (小份),240.0,4.5,20.2,15.8,甜點
乳酪蛋糕 (1份),320.0,6.0,27.0,21.0,甜點
乳酪蛋糕 (1.25份),400.0,7.5,33.8,26.2,甜點
乳酪蛋糕 (1.5份),480.0,9.0,40.5,31.5,甜點
乳酪蛋糕 (2份),640.0,12.0,54.0,42.0,甜點
乳酪蛋糕 (2.5份),800.0,15.0,67.5,52.5,甜點
乳酪蛋糕 (3份),960.0,18.0,81.0,63.0,甜點
乳酪蛋糕 (小碗),240.0,4.5,20.2,15.8,甜點
乳酪蛋糕 (中碗),320.0,6.0,27.0,21.0,甜點
乳酪蛋糕 (大碗),432.0,8.1,36.5,28.4,甜點
乳酪蛋糕 (小杯),240.0,4.5,20.2,15.8,甜點
乳酪蛋糕 (中杯),320.0,6.0,27.0,21.0,甜點
乳酪蛋糕 (大杯),448.0,8.4,37.8,29.4,甜點
乳酪蛋糕 (小盒),240.0,4.5,20.2,15.8,甜點
乳酪蛋糕 (中盒),320.0,6.0,27.0,21.0,甜點
乳酪蛋糕 (大盒),448.0,8.4,37.8,29.4,甜點
乳酪蛋糕 (100g),320.0,6.0,27.0,21.0,甜點
乳酪蛋糕 (150g),480.0,9.0,40.5,31.5,甜點
乳酪蛋糕 (200g),640.0,12.0,54.0,42.0,甜點
乳酪蛋糕 (250g),800.0,15.0,67.5,52.5,甜點
乳酪蛋糕 (300g),960.0,18.0,81.0,63.0,甜點
提拉米蘇 (半份),175.0,3.0,15.5,11.5,甜點
提拉米蘇 (小份),262.5,4.5,23.2,17.2,甜點
提拉米蘇 (1份),350.0,6.0,31.0,23.0,甜點
提拉米蘇 (1.25份),437.5,7.5,38.8,28.8,甜點
提拉米蘇 (1.5份),525.0,9.0,46.5,34.5,甜點
提拉米蘇 (2份),700.0,12.0,62.0,46.0,甜點
提拉米蘇 (2.5份),875.0,15.0,77.5,57.5,甜點
提拉米蘇 (3份),1050.0,18.0,93.0,69.0,甜點
提拉米蘇 (小碗),262.5,4.5,23.2,17.2,甜點
提拉米蘇 (中碗),350.0,6.0,31.0,23.0,甜點
提拉米蘇 (大碗),472.5,8.1,41.9,31.1,甜點
提拉米蘇 (小杯),262.5,4.5,23.2,17.2,甜點
提拉米蘇 (中杯),350.0,6.0,31.0,23.0,甜點
提拉米蘇 (大杯),490.0,8.4,43.4,32.2,甜點
提拉米蘇 (小盒),262.5,4.5,23.2,17.2,甜點
提拉米蘇 (中盒),350.0,6.0,31.0,23.0,甜點
提拉米蘇 (大盒),490.0,8.4,43.4,32.2,甜點
提拉米蘇 (100g),350.0,6.0,31.0,23.0,甜點
提拉米蘇 (150g),525.0,9.0,46.5,34.5,甜點
提拉米蘇 (200g),700.0,12.0,62.0,46.0,甜點
提拉米蘇 (250g),875.0,15.0,77.5,57.5,甜點
提拉米蘇 (300g),1050.0,18.0,93.0,69.0,甜點
蛋塔 (半份),140.0,3.0,14.0,8.5,甜點
蛋塔 (小份),210.0,4.5,21.0,12.8,甜點
蛋塔 (1份),280.0,6.0,28.0,17.0,甜點
蛋塔 (1.25份),350.0,7.5,35.0,21.2,甜點
蛋塔 (1.5份),420.0,9.0,42.0,25.5,甜點
蛋塔 (2份),560.0,12.0,56.0,34.0,甜點
蛋塔 (2.5份),700.0,15.0,70.0,42.5,甜點
蛋塔 (3份),840.0,18.0,84.0,51.0,甜點
蛋塔 (小碗),210.0,4.5,21.0,12.8,甜點
蛋塔 (中碗),280.0,6.0,28.0,17.0,甜點
蛋塔 (大碗),378.0,8.1,37.8,23.0,甜點
蛋塔 (小杯),210.0,4.5,21.0,12.8,甜點
蛋塔 (中杯),280.0,6.0,28.0,17.0,甜點
蛋塔 (大杯),392.0,8.4,39.2,23.8,甜點
蛋塔 (小盒),210.0,4.5,21.0,12.8,甜點
蛋塔 (中盒),280.0,6.0,28.0,17.0,甜點
蛋塔 (大盒),392.0,8.4,39.2,23.8,甜點
蛋塔 (100g),280.0,6.0,28.0,17.0,甜點
蛋塔 (150g),420.0,9.0,42.0,25.5,甜點
蛋塔 (200g),560.0,12.0,56.0,34.0,甜點
蛋塔 (250g),700.0,15.0,70.0,42.5,甜點
蛋塔 (300g),840.0,18.0,84.0,51.0,甜點
奶油泡芙 (半份),125.0,2.5,11.5,8.0,甜點
奶油泡芙 (小份),187.5,3.8,17.2,12.0,甜點
奶油泡芙 (1份),250.0,5.0,23.0,16.0,甜點
奶油泡芙 (1.25份),312.5,6.2,28.8,20.0,甜點
奶油泡芙 (1.5份),375.0,7.5,34.5,24.0,甜點
奶油泡芙 (2份),500.0,10.0,46.0,32.0,甜點
奶油泡芙 (2.5份),625.0,12.5,57.5,40.0,甜點
奶油泡芙 (3份),750.0,15.0,69.0,48.0,甜點
奶油泡芙 (小碗),187.5,3.8,17.2,12.0,甜點
奶油泡芙 (中碗),250.0,5.0,23.0,16.0,甜點
奶油泡芙 (大碗),337.5,6.8,31.1,21.6,甜點
奶油泡芙 (小杯),187.5,3.8,17.2,12.0,甜點
奶油泡芙 (中杯),250.0,5.0,23.0,16.0,甜點
奶油泡芙 (大杯),350.0,7.0,32.2,22.4,甜點
奶油泡芙 (小盒),187.5,3.8,17.2,12.0,甜點
奶油泡芙 (中盒),250.0,5.0,23.0,16.0,甜點
奶油泡芙 (大盒),350.0,7.0,32.2,22.4,甜點
奶油泡芙 (100g),250.0,5.0,23.0,16.0,甜點
奶油泡芙 (150g),375.0,7.5,34.5,24.0,甜點
奶油泡芙 (200g),500.0,10.0,46.0,32.0,甜點
奶油泡芙 (250g),625.0,12.5,57.5,40.0,甜點
奶油泡芙 (300g),750.0,15.0,69.0,48.0,甜點
可麗露 (半份),125.0,2.0,16.5,5.5,甜點
可麗露 (小份),187.5,3.0,24.8,8.2,甜點
可麗露 (1份),250.0,4.0,33.0,11.0,甜點
可麗露 (1.25份),312.5,5.0,41.2,13.8,甜點
可麗露 (1.5份),375.0,6.0,49.5,16.5,甜點
可麗露 (2份),500.0,8.0,66.0,22.0,甜點
可麗露 (2.5份),625.0,10.0,82.5,27.5,甜點
可麗露 (3份),750.0,12.0,99.0,33.0,甜點
可麗露 (小碗),187.5,3.0,24.8,8.2,甜點
可麗露 (中碗),250.0,4.0,33.0,11.0,甜點
可麗露 (大碗),337.5,5.4,44.6,14.9,甜點
可麗露 (小杯),187.5,3.0,24.8,8.2,甜點
可麗露 (中杯),250.0,4.0,33.0,11.0,甜點
可麗露 (大杯),350.0,5.6,46.2,15.4,甜點
可麗露 (小盒),187.5,3.0,24.8,8.2,甜點
可麗露 (中盒),250.0,4.0,33.0,11.0,甜點
可麗露 (大盒),350.0,5.6,46.2,15.4,甜點
可麗露 (100g),250.0,4.0,33.0,11.0,甜點
可麗露 (150g),375.0,6.0,49.5,16.5,甜點
可麗露 (200g),500.0,8.0,66.0,22.0,甜點
可麗露 (250g),625.0,10.0,82.5,27.5,甜點
可麗露 (300g),750.0,12.0,99.0,33.0,甜點
鬆餅 (半份),180.0,4.0,25.0,7.0,甜點
鬆餅 (小份),270.0,6.0,37.5,10.5,甜點
鬆餅 (1份),360.0,8.0,50.0,14.0,甜點
鬆餅 (1.25份),450.0,10.0,62.5,17.5,甜點
鬆餅 (1.5份),540.0,12.0,75.0,21.0,甜點
鬆餅 (2份),720.0,16.0,100.0,28.0,甜點
鬆餅 (2.5份),900.0,20.0,125.0,35.0,甜點
鬆餅 (3份),1080.0,24.0,150.0,42.0,甜點
鬆餅 (小碗),270.0,6.0,37.5,10.5,甜點
鬆餅 (中碗),360.0,8.0,50.0,14.0,甜點
鬆餅 (大碗),486.0,10.8,67.5,18.9,甜點
鬆餅 (小杯),270.0,6.0,37.5,10.5,甜點
鬆餅 (中杯),360.0,8.0,50.0,14.0,甜點
鬆餅 (大杯),504.0,11.2,70.0,19.6,甜點
鬆餅 (小盒),270.0,6.0,37.5,10.5,甜點
鬆餅 (中盒),360.0,8.0,50.0,14.0,甜點
鬆餅 (大盒),504.0,11.2,70.0,19.6,甜點
鬆餅 (100g),360.0,8.0,50.0,14.0,甜點
鬆餅 (150g),540.0,12.0,75.0,21.0,甜點
鬆餅 (200g),720.0,16.0,100.0,28.0,甜點
鬆餅 (250g),900.0,20.0,125.0,35.0,甜點
鬆餅 (300g),1080.0,24.0,150.0,42.0,甜點
冰淇淋 (半份),105.0,2.0,12.0,5.5,甜點
冰淇淋 (小份),157.5,3.0,18.0,8.2,甜點
冰淇淋 (1份),210.0,4.0,24.0,11.0,甜點
冰淇淋 (1.25份),262.5,5.0,30.0,13.8,甜點
冰淇淋 (1.5份),315.0,6.0,36.0,16.5,甜點
冰淇淋 (2份),420.0,8.0,48.0,22.0,甜點
冰淇淋 (2.5份),525.0,10.0,60.0,27.5,甜點
冰淇淋 (3份),630.0,12.0,72.0,33.0,甜點
冰淇淋 (小碗),157.5,3.0,18.0,8.2,甜點
冰淇淋 (中碗),210.0,4.0,24.0,11.0,甜點
冰淇淋 (大碗),283.5,5.4,32.4,14.9,甜點
冰淇淋 (小杯),157.5,3.0,18.0,8.2,甜點
冰淇淋 (中杯),210.0,4.0,24.0,11.0,甜點
冰淇淋 (大杯),294.0,5.6,33.6,15.4,甜點
冰淇淋 (小盒),157.5,3.0,18.0,8.2,甜點
冰淇淋 (中盒),210.0,4.0,24.0,11.0,甜點
冰淇淋 (大盒),294.0,5.6,33.6,15.4,甜點
冰淇淋 (100g),210.0,4.0,24.0,11.0,甜點
冰淇淋 (150g),315.0,6.0,36.0,16.5,甜點
冰淇淋 (200g),420.0,8.0,48.0,22.0,甜點
冰淇淋 (250g),525.0,10.0,60.0,27.5,甜點
冰淇淋 (300g),630.0,12.0,72.0,33.0,甜點
芒果冰 (半份),165.0,1.5,35.0,3.0,甜點
芒果冰 (小份),247.5,2.2,52.5,4.5,甜點
芒果冰 (1份),330.0,3.0,70.0,6.0,甜點
芒果冰 (1.25份),412.5,3.8,87.5,7.5,甜點
芒果冰 (1.5份),495.0,4.5,105.0,9.0,甜點
芒果冰 (2份),660.0,6.0,140.0,12.0,甜點
芒果冰 (2.5份),825.0,7.5,175.0,15.0,甜點
芒果冰 (3份),990.0,9.0,210.0,18.0,甜點
芒果冰 (小碗),247.5,2.2,52.5,4.5,甜點
芒果冰 (中碗),330.0,3.0,70.0,6.0,甜點
芒果冰 (大碗),445.5,4.1,94.5,8.1,甜點
芒果冰 (小杯),247.5,2.2,52.5,4.5,甜點
芒果冰 (中杯),330.0,3.0,70.0,6.0,甜點
芒果冰 (大杯),462.0,4.2,98.0,8.4,甜點
芒果冰 (小盒),247.5,2.2,52.5,4.5,甜點
芒果冰 (中盒),330.0,3.0,70.0,6.0,甜點
芒果冰 (大盒),462.0,4.2,98.0,8.4,甜點
芒果冰 (100g),330.0,3.0,70.0,6.0,甜點
芒果冰 (150g),495.0,4.5,105.0,9.0,甜點
芒果冰 (200g),660.0,6.0,140.0,12.0,甜點
芒果冰 (250g),825.0,7.5,175.0,15.0,甜點
芒果冰 (300g),990.0,9.0,210.0,18.0,甜點
豆花加花生 (半份),160.0,5.0,22.5,5.5,甜點
豆花加花生 (小份),240.0,7.5,33.8,8.2,甜點
豆花加花生 (1份),320.0,10.0,45.0,11.0,甜點
豆花加花生 (1.25份),400.0,12.5,56.2,13.8,甜點
豆花加花生 (1.5份),480.0,15.0,67.5,16.5,甜點
豆花加花生 (2份),640.0,20.0,90.0,22.0,甜點
豆花加花生 (2.5份),800.0,25.0,112.5,27.5,甜點
豆花加花生 (3份),960.0,30.0,135.0,33.0,甜點
豆花加花生 (小碗),240.0,7.5,33.8,8.2,甜點
豆花加花生 (中碗),320.0,10.0,45.0,11.0,甜點
豆花加花生 (大碗),432.0,13.5,60.8,14.9,甜點
豆花加花生 (小杯),240.0,7.5,33.8,8.2,甜點
豆花加花生 (中杯),320.0,10.0,45.0,11.0,甜點
豆花加花生 (大杯),448.0,14.0,63.0,15.4,甜點
豆花加花生 (小盒),240.0,7.5,33.8,8.2,甜點
豆花加花生 (中盒),320.0,10.0,45.0,11.0,甜點
豆花加花生 (大盒),448.0,14.0,63.0,15.4,甜點
豆花加花生 (100g),320.0,10.0,45.0,11.0,甜點
豆花加花生 (150g),480.0,15.0,67.5,16.5,甜點
豆花加花生 (200g),640.0,20.0,90.0,22.0,甜點
豆花加花生 (250g),800.0,25.0,112.5,27.5,甜點
豆花加花生 (300g),960.0,30.0,135.0,33.0,甜點
紅豆湯 (半份),130.0,4.0,23.0,2.5,甜點
紅豆湯 (小份),195.0,6.0,34.5,3.8,甜點
紅豆湯 (1份),260.0,8.0,46.0,5.0,甜點
紅豆湯 (1.25份),325.0,10.0,57.5,6.2,甜點
紅豆湯 (1.5份),390.0,12.0,69.0,7.5,甜點
紅豆湯 (2份),520.0,16.0,92.0,10.0,甜點
紅豆湯 (2.5份),650.0,20.0,115.0,12.5,甜點
紅豆湯 (3份),780.0,24.0,138.0,15.0,甜點
紅豆湯 (小碗),195.0,6.0,34.5,3.8,甜點
紅豆湯 (中碗),260.0,8.0,46.0,5.0,甜點
紅豆湯 (大碗),351.0,10.8,62.1,6.8,甜點
紅豆湯 (小杯),195.0,6.0,34.5,3.8,甜點
紅豆湯 (中杯),260.0,8.0,46.0,5.0,甜點
紅豆湯 (大杯),364.0,11.2,64.4,7.0,甜點
紅豆湯 (小盒),195.0,6.0,34.5,3.8,甜點
紅豆湯 (中盒),260.0,8.0,46.0,5.0,甜點
紅豆湯 (大盒),364.0,11.2,64.4,7.0,甜點
紅豆湯 (100g),260.0,8.0,46.0,5.0,甜點
紅豆湯 (150g),390.0,12.0,69.0,7.5,甜點
紅豆湯 (200g),520.0,16.0,92.0,10.0,甜點
紅豆湯 (250g),650.0,20.0,115.0,12.5,甜點
紅豆湯 (300g),780.0,24.0,138.0,15.0,甜點
綠豆湯 (半份),120.0,3.5,22.0,2.0,甜點
綠豆湯 (小份),180.0,5.2,33.0,3.0,甜點
綠豆湯 (1份),240.0,7.0,44.0,4.0,甜點
綠豆湯 (1.25份),300.0,8.8,55.0,5.0,甜點
綠豆湯 (1.5份),360.0,10.5,66.0,6.0,甜點
綠豆湯 (2份),480.0,14.0,88.0,8.0,甜點
綠豆湯 (2.5份),600.0,17.5,110.0,10.0,甜點
綠豆湯 (3份),720.0,21.0,132.0,12.0,甜點
綠豆湯 (小碗),180.0,5.2,33.0,3.0,甜點
綠豆湯 (中碗),240.0,7.0,44.0,4.0,甜點
綠豆湯 (大碗),324.0,9.5,59.4,5.4,甜點
綠豆湯 (小杯),180.0,5.2,33.0,3.0,甜點
綠豆湯 (中杯),240.0,7.0,44.0,4.0,甜點
綠豆湯 (大杯),336.0,9.8,61.6,5.6,甜點
綠豆湯 (小盒),180.0,5.2,33.0,3.0,甜點
綠豆湯 (中盒),240.0,7.0,44.0,4.0,甜點
綠豆湯 (大盒),336.0,9.8,61.6,5.6,甜點
綠豆湯 (100g),240.0,7.0,44.0,4.0,甜點
綠豆湯 (150g),360.0,10.5,66.0,6.0,甜點
綠豆湯 (200g),480.0,14.0,88.0,8.0,甜點
綠豆湯 (250g),600.0,17.5,110.0,10.0,甜點
綠豆湯 (300g),720.0,21.0,132.0,12.0,甜點
仙草茶 (半份),50.0,0.0,12.5,0.0,甜點
仙草茶 (小份),75.0,0.0,18.8,0.0,甜點
仙草茶 (1份),100.0,0.0,25.0,0.0,甜點
仙草茶 (1.25份),125.0,0.0,31.2,0.0,甜點
仙草茶 (1.5份),150.0,0.0,37.5,0.0,甜點
仙草茶 (2份),200.0,0.0,50.0,0.0,甜點
仙草茶 (2.5份),250.0,0.0,62.5,0.0,甜點
仙草茶 (3份),300.0,0.0,75.0,0.0,甜點
仙草茶 (小碗),75.0,0.0,18.8,0.0,甜點
仙草茶 (中碗),100.0,0.0,25.0,0.0,甜點
仙草茶 (大碗),135.0,0.0,33.8,0.0,甜點
仙草茶 (小杯),75.0,0.0,18.8,0.0,甜點
仙草茶 (中杯),100.0,0.0,25.0,0.0,甜點
仙草茶 (大杯),140.0,0.0,35.0,0.0,甜點
仙草茶 (小盒),75.0,0.0,18.8,0.0,甜點
仙草茶 (中盒),100.0,0.0,25.0,0.0,甜點
仙草茶 (大盒),140.0,0.0,35.0,0.0,甜點
仙草茶 (100g),100.0,0.0,25.0,0.0,甜點
仙草茶 (150g),150.0,0.0,37.5,0.0,甜點
仙草茶 (200g),200.0,0.0,50.0,0.0,甜點
仙草茶 (250g),250.0,0.0,62.5,0.0,甜點
仙草茶 (300g),300.0,0.0,75.0,0.0,甜點
燒仙草 (半份),115.0,2.5,20.0,3.0,甜點
燒仙草 (小份),172.5,3.8,30.0,4.5,甜點
燒仙草 (1份),230.0,5.0,40.0,6.0,甜點
燒仙草 (1.25份),287.5,6.2,50.0,7.5,甜點
燒仙草 (1.5份),345.0,7.5,60.0,9.0,甜點
燒仙草 (2份),460.0,10.0,80.0,12.0,甜點
燒仙草 (2.5份),575.0,12.5,100.0,15.0,甜點
燒仙草 (3份),690.0,15.0,120.0,18.0,甜點
燒仙草 (小碗),172.5,3.8,30.0,4.5,甜點
燒仙草 (中碗),230.0,5.0,40.0,6.0,甜點
燒仙草 (大碗),310.5,6.8,54.0,8.1,甜點
燒仙草 (小杯),172.5,3.8,30.0,4.5,甜點
燒仙草 (中杯),230.0,5.0,40.0,6.0,甜點
燒仙草 (大杯),322.0,7.0,56.0,8.4,甜點
燒仙草 (小盒),172.5,3.8,30.0,4.5,甜點
燒仙草 (中盒),230.0,5.0,40.0,6.0,甜點
燒仙草 (大盒),322.0,7.0,56.0,8.4,甜點
燒仙草 (100g),230.0,5.0,40.0,6.0,甜點
燒仙草 (150g),345.0,7.5,60.0,9.0,甜點
燒仙草 (200g),460.0,10.0,80.0,12.0,甜點
燒仙草 (250g),575.0,12.5,100.0,15.0,甜點
燒仙草 (300g),690.0,15.0,120.0,18.0,甜點
薯條 (半份),156.0,1.7,20.5,7.5,速食
薯條 (小份),234.0,2.5,30.8,11.2,速食
薯條 (1份),312.0,3.4,41.0,15.0,速食
薯條 (1.25份),390.0,4.2,51.2,18.8,速食
薯條 (1.5份),468.0,5.1,61.5,22.5,速食
薯條 (2份),624.0,6.8,82.0,30.0,速食
薯條 (2.5份),780.0,8.5,102.5,37.5,速食
薯條 (3份),936.0,10.2,123.0,45.0,速食
薯條 (小碗),234.0,2.5,30.8,11.2,速食
薯條 (中碗),312.0,3.4,41.0,15.0,速食
薯條 (大碗),421.2,4.6,55.4,20.2,速食
薯條 (小杯),234.0,2.5,30.8,11.2,速食
薯條 (中杯),312.0,3.4,41.0,15.0,速食
薯條 (大杯),436.8,4.8,57.4,21.0,速食
薯條 (小盒),234.0,2.5,30.8,11.2,速食
薯條 (中盒),312.0,3.4,41.0,15.0,速食
薯條 (大盒),436.8,4.8,57.4,21.0,速食
薯條 (100g),312.0,3.4,41.0,15.0,速食
薯條 (150g),468.0,5.1,61.5,22.5,速食
薯條 (200g),624.0,6.8,82.0,30.0,速食
薯條 (250g),780.0,8.5,102.5,37.5,速食
薯條 (300g),936.0,10.2,123.0,45.0,速食
炸雞腿 (半份),160.0,11.0,6.0,10.5,速食
炸雞腿 (小份),240.0,16.5,9.0,15.8,速食
炸雞腿 (1份),320.0,22.0,12.0,21.0,速食
炸雞腿 (1.25份),400.0,27.5,15.0,26.2,速食
炸雞腿 (1.5份),480.0,33.0,18.0,31.5,速食
炸雞腿 (2份),640.0,44.0,24.0,42.0,速食
炸雞腿 (2.5份),800.0,55.0,30.0,52.5,速食
炸雞腿 (3份),960.0,66.0,36.0,63.0,速食
炸雞腿 (小碗),240.0,16.5,9.0,15.8,速食
炸雞腿 (中碗),320.0,22.0,12.0,21.0,速食
炸雞腿 (大碗),432.0,29.7,16.2,28.4,速食
炸雞腿 (小杯),240.0,16.5,9.0,15.8,速食
炸雞腿 (中杯),320.0,22.0,12.0,21.0,速食
炸雞腿 (大杯),448.0,30.8,16.8,29.4,速食
炸雞腿 (小盒),240.0,16.5,9.0,15.8,速食
炸雞腿 (中盒),320.0,22.0,12.0,21.0,速食
炸雞腿 (大盒),448.0,30.8,16.8,29.4,速食
炸雞腿 (100g),320.0,22.0,12.0,21.0,速食
炸雞腿 (150g),480.0,33.0,18.0,31.5,速食
炸雞腿 (200g),640.0,44.0,24.0,42.0,速食
炸雞腿 (250g),800.0,55.0,30.0,52.5,速食
炸雞腿 (300g),960.0,66.0,36.0,63.0,速食
炸雞翅 (半份),145.0,10.0,5.0,9.5,速食
炸雞翅 (小份),217.5,15.0,7.5,14.2,速食
炸雞翅 (1份),290.0,20.0,10.0,19.0,速食
炸雞翅 (1.25份),362.5,25.0,12.5,23.8,速食
炸雞翅 (1.5份),435.0,30.0,15.0,28.5,速食
炸雞翅 (2份),580.0,40.0,20.0,38.0,速食
炸雞翅 (2.5份),725.0,50.0,25.0,47.5,速食
炸雞翅 (3份),870.0,60.0,30.0,57.0,速食
炸雞翅 (小碗),217.5,15.0,7.5,14.2,速食
炸雞翅 (中碗),290.0,20.0,10.0,19.0,速食
炸雞翅 (大碗),391.5,27.0,13.5,25.7,速食
炸雞翅 (小杯),217.5,15.0,7.5,14.2,速食
炸雞翅 (中杯),290.0,20.0,10.0,19.0,速食
炸雞翅 (大杯),406.0,28.0,14.0,26.6,速食
炸雞翅 (小盒),217.5,15.0,7.5,14.2,速食
炸雞翅 (中盒),290.0,20.0,10.0,19.0,速食
炸雞翅 (大盒),406.0,28.0,14.0,26.6,速食
炸雞翅 (100g),290.0,20.0,10.0,19.0,速食
炸雞翅 (150g),435.0,30.0,15.0,28.5,速食
炸雞翅 (200g),580.0,40.0,20.0,38.0,速食
炸雞翅 (250g),725.0,50.0,25.0,47.5,速食
炸雞翅 (300g),870.0,60.0,30.0,57.0,速食
起司漢堡 (半份),260.0,13.5,21.0,14.0,速食
起司漢堡 (小份),390.0,20.2,31.5,21.0,速食
起司漢堡 (1份),520.0,27.0,42.0,28.0,速食
起司漢堡 (1.25份),650.0,33.8,52.5,35.0,速食
起司漢堡 (1.5份),780.0,40.5,63.0,42.0,速食
起司漢堡 (2份),1040.0,54.0,84.0,56.0,速食
起司漢堡 (2.5份),1300.0,67.5,105.0,70.0,速食
起司漢堡 (3份),1560.0,81.0,126.0,84.0,速食
起司漢堡 (小碗),390.0,20.2,31.5,21.0,速食
起司漢堡 (中碗),520.0,27.0,42.0,28.0,速食
起司漢堡 (大碗),702.0,36.5,56.7,37.8,速食
起司漢堡 (小杯),390.0,20.2,31.5,21.0,速食
起司漢堡 (中杯),520.0,27.0,42.0,28.0,速食
起司漢堡 (大杯),728.0,37.8,58.8,39.2,速食
起司漢堡 (小盒),390.0,20.2,31.5,21.0,速食
起司漢堡 (中盒),520.0,27.0,42.0,28.0,速食
起司漢堡 (大盒),728.0,37.8,58.8,39.2,速食
起司漢堡 (100g),520.0,27.0,42.0,28.0,速食
起司漢堡 (150g),780.0,40.5,63.0,42.0,速食
起司漢堡 (200g),1040.0,54.0,84.0,56.0,速食
起司漢堡 (250g),1300.0,67.5,105.0,70.0,速食
起司漢堡 (300g),1560.0,81.0,126.0,84.0,速食
雙層牛肉堡 (半份),335.0,17.5,24.0,18.5,速食
雙層牛肉堡 (小份),502.5,26.2,36.0,27.8,速食
雙層牛肉堡 (1份),670.0,35.0,48.0,37.0,速食
雙層牛肉堡 (1.25份),837.5,43.8,60.0,46.2,速食
雙層牛肉堡 (1.5份),1005.0,52.5,72.0,55.5,速食
雙層牛肉堡 (2份),1340.0,70.0,96.0,74.0,速食
雙層牛肉堡 (2.5份),1675.0,87.5,120.0,92.5,速食
雙層牛肉堡 (3份),2010.0,105.0,144.0,111.0,速食
雙層牛肉堡 (小碗),502.5,26.2,36.0,27.8,速食
雙層牛肉堡 (中碗),670.0,35.0,48.0,37.0,速食
雙層牛肉堡 (大碗),904.5,47.2,64.8,50.0,速食
雙層牛肉堡 (小杯),502.5,26.2,36.0,27.8,速食
雙層牛肉堡 (中杯),670.0,35.0,48.0,37.0,速食
雙層牛肉堡 (大杯),938.0,49.0,67.2,51.8,速食
雙層牛肉堡 (小盒),502.5,26.2,36.0,27.8,速食
雙層牛肉堡 (中盒),670.0,35.0,48.0,37.0,速食
雙層牛肉堡 (大盒),938.0,49.0,67.2,51.8,速食
雙層牛肉堡 (100g),670.0,35.0,48.0,37.0,速食
雙層牛肉堡 (150g),1005.0,52.5,72.0,55.5,速食
雙層牛肉堡 (200g),1340.0,70.0,96.0,74.0,速食
雙層牛肉堡 (250g),1675.0,87.5,120.0,92.5,速食
雙層牛肉堡 (300g),2010.0,105.0,144.0,111.0,速食
雞塊 (半份),145.0,8.0,8.0,9.0,速食
雞塊 (小份),217.5,12.0,12.0,13.5,速食
雞塊 (1份),290.0,16.0,16.0,18.0,速食
雞塊 (1.25份),362.5,20.0,20.0,22.5,速食
雞塊 (1.5份),435.0,24.0,24.0,27.0,速食
雞塊 (2份),580.0,32.0,32.0,36.0,速食
雞塊 (2.5份),725.0,40.0,40.0,45.0,速食
雞塊 (3份),870.0,48.0,48.0,54.0,速食
雞塊 (小碗),217.5,12.0,12.0,13.5,速食
雞塊 (中碗),290.0,16.0,16.0,18.0,速食
雞塊 (大碗),391.5,21.6,21.6,24.3,速食
雞塊 (小杯),217.5,12.0,12.0,13.5,速食
雞塊 (中杯),290.0,16.0,16.0,18.0,速食
雞塊 (大杯),406.0,22.4,22.4,25.2,速食
雞塊 (小盒),217.5,12.0,12.0,13.5,速食
雞塊 (中盒),290.0,16.0,16.0,18.0,速食
雞塊 (大盒),406.0,22.4,22.4,25.2,速食
雞塊 (100g),290.0,16.0,16.0,18.0,速食
雞塊 (150g),435.0,24.0,24.0,27.0,速食
雞塊 (200g),580.0,32.0,32.0,36.0,速食
雞塊 (250g),725.0,40.0,40.0,45.0,速食
雞塊 (300g),870.0,48.0,48.0,54.0,速食
熱狗堡 (半份),195.0,7.5,18.0,10.5,速食
熱狗堡 (小份),292.5,11.2,27.0,15.8,速食
熱狗堡 (1份),390.0,15.0,36.0,21.0,速食
熱狗堡 (1.25份),487.5,18.8,45.0,26.2,速食
熱狗堡 (1.5份),585.0,22.5,54.0,31.5,速食
熱狗堡 (2份),780.0,30.0,72.0,42.0,速食
熱狗堡 (2.5份),975.0,37.5,90.0,52.5,速食
熱狗堡 (3份),1170.0,45.0,108.0,63.0,速食
熱狗堡 (小碗),292.5,11.2,27.0,15.8,速食
熱狗堡 (中碗),390.0,15.0,36.0,21.0,速食
熱狗堡 (大碗),526.5,20.2,48.6,28.4,速食
熱狗堡 (小杯),292.5,11.2,27.0,15.8,速食
熱狗堡 (中杯),390.0,15.0,36.0,21.0,速食
熱狗堡 (大杯),546.0,21.0,50.4,29.4,速食
熱狗堡 (小盒),292.5,11.2,27.0,15.8,速食
熱狗堡 (中盒),390.0,15.0,36.0,21.0,速食
熱狗堡 (大盒),546.0,21.0,50.4,29.4,速食
熱狗堡 (100g),390.0,15.0,36.0,21.0,速食
熱狗堡 (150g),585.0,22.5,54.0,31.5,速食
熱狗堡 (200g),780.0,30.0,72.0,42.0,速食
熱狗堡 (250g),975.0,37.5,90.0,52.5,速食
熱狗堡 (300g),1170.0,45.0,108.0,63.0,速食
雞肉捲 (半份),240.0,12.5,23.0,10.5,速食
雞肉捲 (小份),360.0,18.8,34.5,15.8,速食
雞肉捲 (1份),480.0,25.0,46.0,21.0,速食
雞肉捲 (1.25份),600.0,31.2,57.5,26.2,速食
雞肉捲 (1.5份),720.0,37.5,69.0,31.5,速食
雞肉捲 (2份),960.0,50.0,92.0,42.0,速食
雞肉捲 (2.5份),1200.0,62.5,115.0,52.5,速食
雞肉捲 (3份),1440.0,75.0,138.0,63.0,速食
雞肉捲 (小碗),360.0,18.8,34.5,15.8,速食
雞肉捲 (中碗),480.0,25.0,46.0,21.0,速食
雞肉捲 (大碗),648.0,33.8,62.1,28.4,速食
雞肉捲 (小杯),360.0,18.8,34.5,15.8,速食
雞肉捲 (中杯),480.0,25.0,46.0,21.0,速食
雞肉捲 (大杯),672.0,35.0,64.4,29.4,速食
雞肉捲 (小盒),360.0,18.8,34.5,15.8,速食
雞肉捲 (中盒),480.0,25.0,46.0,21.0,速食
雞肉捲 (大盒),672.0,35.0,64.4,29.4,速食
雞肉捲 (100g),480.0,25.0,46.0,21.0,速食
雞肉捲 (150g),720.0,37.5,69.0,31.5,速食
雞肉捲 (200g),960.0,50.0,92.0,42.0,速食
雞肉捲 (250g),1200.0,62.5,115.0,52.5,速食
雞肉捲 (300g),1440.0,75.0,138.0,63.0,速食
墨西哥捲餅 (半份),260.0,11.5,28.0,11.0,異國
墨西哥捲餅 (小份),390.0,17.2,42.0,16.5,異國
墨西哥捲餅 (1份),520.0,23.0,56.0,22.0,異國
墨西哥捲餅 (1.25份),650.0,28.8,70.0,27.5,異國
墨西哥捲餅 (1.5份),780.0,34.5,84.0,33.0,異國
墨西哥捲餅 (2份),1040.0,46.0,112.0,44.0,異國
墨西哥捲餅 (2.5份),1300.0,57.5,140.0,55.0,異國
墨西哥捲餅 (3份),1560.0,69.0,168.0,66.0,異國
墨西哥捲餅 (小碗),390.0,17.2,42.0,16.5,異國
墨西哥捲餅 (中碗),520.0,23.0,56.0,22.0,異國
墨西哥捲餅 (大碗),702.0,31.1,75.6,29.7,異國
墨西哥捲餅 (小杯),390.0,17.2,42.0,16.5,異國
墨西哥捲餅 (中杯),520.0,23.0,56.0,22.0,異國
墨西哥捲餅 (大杯),728.0,32.2,78.4,30.8,異國
墨西哥捲餅 (小盒),390.0,17.2,42.0,16.5,異國
墨西哥捲餅 (中盒),520.0,23.0,56.0,22.0,異國
墨西哥捲餅 (大盒),728.0,32.2,78.4,30.8,異國
墨西哥捲餅 (100g),520.0,23.0,56.0,22.0,異國
墨西哥捲餅 (150g),780.0,34.5,84.0,33.0,異國
墨西哥捲餅 (200g),1040.0,46.0,112.0,44.0,異國
墨西哥捲餅 (250g),1300.0,57.5,140.0,55.0,異國
墨西哥捲餅 (300g),1560.0,69.0,168.0,66.0,異國
塔可 (半份),105.0,5.0,9.0,5.5,異國
塔可 (小份),157.5,7.5,13.5,8.2,異國
塔可 (1份),210.0,10.0,18.0,11.0,異國
塔可 (1.25份),262.5,12.5,22.5,13.8,異國
塔可 (1.5份),315.0,15.0,27.0,16.5,異國
塔可 (2份),420.0,20.0,36.0,22.0,異國
塔可 (2.5份),525.0,25.0,45.0,27.5,異國
塔可 (3份),630.0,30.0,54.0,33.0,異國
塔可 (小碗),157.5,7.5,13.5,8.2,異國
塔可 (中碗),210.0,10.0,18.0,11.0,異國
塔可 (大碗),283.5,13.5,24.3,14.9,異國
塔可 (小杯),157.5,7.5,13.5,8.2,異國
塔可 (中杯),210.0,10.0,18.0,11.0,異國
塔可 (大杯),294.0,14.0,25.2,15.4,異國
塔可 (小盒),157.5,7.5,13.5,8.2,異國
塔可 (中盒),210.0,10.0,18.0,11.0,異國
塔可 (大盒),294.0,14.0,25.2,15.4,異國
塔可 (100g),210.0,10.0,18.0,11.0,異國
塔可 (150g),315.0,15.0,27.0,16.5,異國
塔可 (200g),420.0,20.0,36.0,22.0,異國
塔可 (250g),525.0,25.0,45.0,27.5,異國
塔可 (300g),630.0,30.0,54.0,33.0,異國
凱薩沙拉 (半份),180.0,9.0,7.0,13.5,西式
凱薩沙拉 (小份),270.0,13.5,10.5,20.2,西式
凱薩沙拉 (1份),360.0,18.0,14.0,27.0,西式
凱薩沙拉 (1.25份),450.0,22.5,17.5,33.8,西式
凱薩沙拉 (1.5份),540.0,27.0,21.0,40.5,西式
凱薩沙拉 (2份),720.0,36.0,28.0,54.0,西式
凱薩沙拉 (2.5份),900.0,45.0,35.0,67.5,西式
凱薩沙拉 (3份),1080.0,54.0,42.0,81.0,西式
凱薩沙拉 (小碗),270.0,13.5,10.5,20.2,西式
凱薩沙拉 (中碗),360.0,18.0,14.0,27.0,西式
凱薩沙拉 (大碗),486.0,24.3,18.9,36.5,西式
凱薩沙拉 (小杯),270.0,13.5,10.5,20.2,西式
凱薩沙拉 (中杯),360.0,18.0,14.0,27.0,西式
凱薩沙拉 (大杯),504.0,25.2,19.6,37.8,西式
凱薩沙拉 (小盒),270.0,13.5,10.5,20.2,西式
凱薩沙拉 (中盒),360.0,18.0,14.0,27.0,西式
凱薩沙拉 (大盒),504.0,25.2,19.6,37.8,西式
凱薩沙拉 (100g),360.0,18.0,14.0,27.0,西式
凱薩沙拉 (150g),540.0,27.0,21.0,40.5,西式
凱薩沙拉 (200g),720.0,36.0,28.0,54.0,西式
凱薩沙拉 (250g),900.0,45.0,35.0,67.5,西式
凱薩沙拉 (300g),1080.0,54.0,42.0,81.0,西式
烤雞沙拉 (半份),160.0,16.0,7.5,7.5,西式
烤雞沙拉 (小份),240.0,24.0,11.2,11.2,西式
烤雞沙拉 (1份),320.0,32.0,15.0,15.0,西式
烤雞沙拉 (1.25份),400.0,40.0,18.8,18.8,西式
烤雞沙拉 (1.5份),480.0,48.0,22.5,22.5,西式
烤雞沙拉 (2份),640.0,64.0,30.0,30.0,西式
烤雞沙拉 (2.5份),800.0,80.0,37.5,37.5,西式
烤雞沙拉 (3份),960.0,96.0,45.0,45.0,西式
烤雞沙拉 (小碗),240.0,24.0,11.2,11.2,西式
烤雞沙拉 (中碗),320.0,32.0,15.0,15.0,西式
烤雞沙拉 (大碗),432.0,43.2,20.2,20.2,西式
烤雞沙拉 (小杯),240.0,24.0,11.2,11.2,西式
烤雞沙拉 (中杯),320.0,32.0,15.0,15.0,西式
烤雞沙拉 (大杯),448.0,44.8,21.0,21.0,西式
烤雞沙拉 (小盒),240.0,24.0,11.2,11.2,西式
烤雞沙拉 (中盒),320.0,32.0,15.0,15.0,西式
烤雞沙拉 (大盒),448.0,44.8,21.0,21.0,西式
烤雞沙拉 (100g),320.0,32.0,15.0,15.0,西式
烤雞沙拉 (150g),480.0,48.0,22.5,22.5,西式
烤雞沙拉 (200g),640.0,64.0,30.0,30.0,西式
烤雞沙拉 (250g),800.0,80.0,37.5,37.5,西式
烤雞沙拉 (300g),960.0,96.0,45.0,45.0,西式
牛排 (半份),225.0,22.5,0.0,14.0,西式
牛排 (小份),337.5,33.8,0.0,21.0,西式
牛排 (1份),450.0,45.0,0.0,28.0,西式
牛排 (1.25份),562.5,56.2,0.0,35.0,西式
牛排 (1.5份),675.0,67.5,0.0,42.0,西式
牛排 (2份),900.0,90.0,0.0,56.0,西式
牛排 (2.5份),1125.0,112.5,0.0,70.0,西式
牛排 (3份),1350.0,135.0,0.0,84.0,西式
牛排 (小碗),337.5,33.8,0.0,21.0,西式
牛排 (中碗),450.0,45.0,0.0,28.0,西式
牛排 (大碗),607.5,60.8,0.0,37.8,西式
牛排 (小杯),337.5,33.8,0.0,21.0,西式
牛排 (中杯),450.0,45.0,0.0,28.0,西式
牛排 (大杯),630.0,63.0,0.0,39.2,西式
牛排 (小盒),337.5,33.8,0.0,21.0,西式
牛排 (中盒),450.0,45.0,0.0,28.0,西式
牛排 (大盒),630.0,63.0,0.0,39.2,西式
牛排 (100g),450.0,45.0,0.0,28.0,西式
牛排 (150g),675.0,67.5,0.0,42.0,西式
牛排 (200g),900.0,90.0,0.0,56.0,西式
牛排 (250g),1125.0,112.5,0.0,70.0,西式
牛排 (300g),1350.0,135.0,0.0,84.0,西式
雞排 (半份),165.0,16.0,6.0,9.0,西式
雞排 (小份),247.5,24.0,9.0,13.5,西式
雞排 (1份),330.0,32.0,12.0,18.0,西式
雞排 (1.25份),412.5,40.0,15.0,22.5,西式
雞排 (1.5份),495.0,48.0,18.0,27.0,西式
雞排 (2份),660.0,64.0,24.0,36.0,西式
雞排 (2.5份),825.0,80.0,30.0,45.0,西式
雞排 (3份),990.0,96.0,36.0,54.0,西式
雞排 (小碗),247.5,24.0,9.0,13.5,西式
雞排 (中碗),330.0,32.0,12.0,18.0,西式
雞排 (大碗),445.5,43.2,16.2,24.3,西式
雞排 (小杯),247.5,24.0,9.0,13.5,西式
雞排 (中杯),330.0,32.0,12.0,18.0,西式
雞排 (大杯),462.0,44.8,16.8,25.2,西式
雞排 (小盒),247.5,24.0,9.0,13.5,西式
雞排 (中盒),330.0,32.0,12.0,18.0,西式
雞排 (大盒),462.0,44.8,16.8,25.2,西式
雞排 (100g),330.0,32.0,12.0,18.0,西式
雞排 (150g),495.0,48.0,18.0,27.0,西式
雞排 (200g),660.0,64.0,24.0,36.0,西式
雞排 (250g),825.0,80.0,30.0,45.0,西式
雞排 (300g),990.0,96.0,36.0,54.0,西式
焗烤飯 (半份),340.0,12.0,35.0,16.0,西式
焗烤飯 (小份),510.0,18.0,52.5,24.0,西式
焗烤飯 (1份),680.0,24.0,70.0,32.0,西式
焗烤飯 (1.25份),850.0,30.0,87.5,40.0,西式
焗烤飯 (1.5份),1020.0,36.0,105.0,48.0,西式
焗烤飯 (2份),1360.0,48.0,140.0,64.0,西式
焗烤飯 (2.5份),1700.0,60.0,175.0,80.0,西式
焗烤飯 (3份),2040.0,72.0,210.0,96.0,西式
焗烤飯 (小碗),510.0,18.0,52.5,24.0,西式
焗烤飯 (中碗),680.0,24.0,70.0,32.0,西式
焗烤飯 (大碗),918.0,32.4,94.5,43.2,西式
焗烤飯 (小杯),510.0,18.0,52.5,24.0,西式
焗烤飯 (中杯),680.0,24.0,70.0,32.0,西式
焗烤飯 (大杯),952.0,33.6,98.0,44.8,西式
焗烤飯 (小盒),510.0,18.0,52.5,24.0,西式
焗烤飯 (中盒),680.0,24.0,70.0,32.0,西式
焗烤飯 (大盒),952.0,33.6,98.0,44.8,西式
焗烤飯 (100g),680.0,24.0,70.0,32.0,西式
焗烤飯 (150g),1020.0,36.0,105.0,48.0,西式
焗烤飯 (200g),1360.0,48.0,140.0,64.0,西式
焗烤飯 (250g),1700.0,60.0,175.0,80.0,西式
焗烤飯 (300g),2040.0,72.0,210.0,96.0,西式
焗烤義大利麵 (半份),360.0,12.5,36.0,17.0,西式
焗烤義大利麵 (小份),540.0,18.8,54.0,25.5,西式
焗烤義大利麵 (1份),720.0,25.0,72.0,34.0,西式
焗烤義大利麵 (1.25份),900.0,31.2,90.0,42.5,西式
焗烤義大利麵 (1.5份),1080.0,37.5,108.0,51.0,西式
焗烤義大利麵 (2份),1440.0,50.0,144.0,68.0,西式
焗烤義大利麵 (2.5份),1800.0,62.5,180.0,85.0,西式
焗烤義大利麵 (3份),2160.0,75.0,216.0,102.0,西式
焗烤義大利麵 (小碗),540.0,18.8,54.0,25.5,西式
焗烤義大利麵 (中碗),720.0,25.0,72.0,34.0,西式
焗烤義大利麵 (大碗),972.0,33.8,97.2,45.9,西式
焗烤義大利麵 (小杯),540.0,18.8,54.0,25.5,西式
焗烤義大利麵 (中杯),720.0,25.0,72.0,34.0,西式
焗烤義大利麵 (大杯),1008.0,35.0,100.8,47.6,西式
焗烤義大利麵 (小盒),540.0,18.8,54.0,25.5,西式
焗烤義大利麵 (中盒),720.0,25.0,72.0,34.0,西式
焗烤義大利麵 (大盒),1008.0,35.0,100.8,47.6,西式
焗烤義大利麵 (100g),720.0,25.0,72.0,34.0,西式
焗烤義大利麵 (150g),1080.0,37.5,108.0,51.0,西式
焗烤義大利麵 (200g),1440.0,50.0,144.0,68.0,西式
焗烤義大利麵 (250g),1800.0,62.5,180.0,85.0,西式
焗烤義大利麵 (300g),2160.0,75.0,216.0,102.0,西式
番茄義大利麵 (半份),240.0,7.5,38.0,6.0,西式
番茄義大利麵 (小份),360.0,11.2,57.0,9.0,西式
番茄義大利麵 (1份),480.0,15.0,76.0,12.0,西式
番茄義大利麵 (1.25份),600.0,18.8,95.0,15.0,西式
番茄義大利麵 (1.5份),720.0,22.5,114.0,18.0,西式
番茄義大利麵 (2份),960.0,30.0,152.0,24.0,西式
番茄義大利麵 (2.5份),1200.0,37.5,190.0,30.0,西式
番茄義大利麵 (3份),1440.0,45.0,228.0,36.0,西式
番茄義大利麵 (小碗),360.0,11.2,57.0,9.0,西式
番茄義大利麵 (中碗),480.0,15.0,76.0,12.0,西式
番茄義大利麵 (大碗),648.0,20.2,102.6,16.2,西式
番茄義大利麵 (小杯),360.0,11.2,57.0,9.0,西式
番茄義大利麵 (中杯),480.0,15.0,76.0,12.0,西式
番茄義大利麵 (大杯),672.0,21.0,106.4,16.8,西式
番茄義大利麵 (小盒),360.0,11.2,57.0,9.0,西式
番茄義大利麵 (中盒),480.0,15.0,76.0,12.0,西式
番茄義大利麵 (大盒),672.0,21.0,106.4,16.8,西式
番茄義大利麵 (100g),480.0,15.0,76.0,12.0,西式
番茄義大利麵 (150g),720.0,22.5,114.0,18.0,西式
番茄義大利麵 (200g),960.0,30.0,152.0,24.0,西式
番茄義大利麵 (250g),1200.0,37.5,190.0,30.0,西式
番茄義大利麵 (300g),1440.0,45.0,228.0,36.0,西式
奶油義大利麵 (半份),325.0,9.0,35.0,15.0,西式
奶油義大利麵 (小份),487.5,13.5,52.5,22.5,西式
奶油義大利麵 (1份),650.0,18.0,70.0,30.0,西式
奶油義大利麵 (1.25份),812.5,22.5,87.5,37.5,西式
奶油義大利麵 (1.5份),975.0,27.0,105.0,45.0,西式
奶油義大利麵 (2份),1300.0,36.0,140.0,60.0,西式
奶油義大利麵 (2.5份),1625.0,45.0,175.0,75.0,西式
奶油義大利麵 (3份),1950.0,54.0,210.0,90.0,西式
奶油義大利麵 (小碗),487.5,13.5,52.5,22.5,西式
奶油義大利麵 (中碗),650.0,18.0,70.0,30.0,西式
奶油義大利麵 (大碗),877.5,24.3,94.5,40.5,西式
奶油義大利麵 (小杯),487.5,13.5,52.5,22.5,西式
奶油義大利麵 (中杯),650.0,18.0,70.0,30.0,西式
奶油義大利麵 (大杯),910.0,25.2,98.0,42.0,西式
奶油義大利麵 (小盒),487.5,13.5,52.5,22.5,西式
奶油義大利麵 (中盒),650.0,18.0,70.0,30.0,西式
奶油義大利麵 (大盒),910.0,25.2,98.0,42.0,西式
奶油義大利麵 (100g),650.0,18.0,70.0,30.0,西式
奶油義大利麵 (150g),975.0,27.0,105.0,45.0,西式
奶油義大利麵 (200g),1300.0,36.0,140.0,60.0,西式
奶油義大利麵 (250g),1625.0,45.0,175.0,75.0,西式
奶油義大利麵 (300g),1950.0,54.0,210.0,90.0,西式
青醬義大利麵 (半份),310.0,9.0,34.0,14.0,西式
青醬義大利麵 (小份),465.0,13.5,51.0,21.0,西式
青醬義大利麵 (1份),620.0,18.0,68.0,28.0,西式
青醬義大利麵 (1.25份),775.0,22.5,85.0,35.0,西式
青醬義大利麵 (1.5份),930.0,27.0,102.0,42.0,西式
青醬義大利麵 (2份),1240.0,36.0,136.0,56.0,西式
青醬義大利麵 (2.5份),1550.0,45.0,170.0,70.0,西式
青醬義大利麵 (3份),1860.0,54.0,204.0,84.0,西式
青醬義大利麵 (小碗),465.0,13.5,51.0,21.0,西式
青醬義大利麵 (中碗),620.0,18.0,68.0,28.0,西式
青醬義大利麵 (大碗),837.0,24.3,91.8,37.8,西式
青醬義大利麵 (小杯),465.0,13.5,51.0,21.0,西式
青醬義大利麵 (中杯),620.0,18.0,68.0,28.0,西式
青醬義大利麵 (大杯),868.0,25.2,95.2,39.2,西式
青醬義大利麵 (小盒),465.0,13.5,51.0,21.0,西式
青醬義大利麵 (中盒),620.0,18.0,68.0,28.0,西式
青醬義大利麵 (大盒),868.0,25.2,95.2,39.2,西式
青醬義大利麵 (100g),620.0,18.0,68.0,28.0,西式
青醬義大利麵 (150g),930.0,27.0,102.0,42.0,西式
青醬義大利麵 (200g),1240.0,36.0,136.0,56.0,西式
青醬義大利麵 (250g),1550.0,45.0,170.0,70.0,西式
青醬義大利麵 (300g),1860.0,54.0,204.0,84.0,西式
白醬燉飯 (半份),340.0,8.5,37.5,15.5,西式
白醬燉飯 (小份),510.0,12.8,56.2,23.2,西式
白醬燉飯 (1份),680.0,17.0,75.0,31.0,西式
白醬燉飯 (1.25份),850.0,21.2,93.8,38.8,西式
白醬燉飯 (1.5份),1020.0,25.5,112.5,46.5,西式
白醬燉飯 (2份),1360.0,34.0,150.0,62.0,西式
白醬燉飯 (2.5份),1700.0,42.5,187.5,77.5,西式
白醬燉飯 (3份),2040.0,51.0,225.0,93.0,西式
白醬燉飯 (小碗),510.0,12.8,56.2,23.2,西式
白醬燉飯 (中碗),680.0,17.0,75.0,31.0,西式
白醬燉飯 (大碗),918.0,23.0,101.2,41.9,西式
白醬燉飯 (小杯),510.0,12.8,56.2,23.2,西式
白醬燉飯 (中杯),680.0,17.0,75.0,31.0,西式
白醬燉飯 (大杯),952.0,23.8,105.0,43.4,西式
白醬燉飯 (小盒),510.0,12.8,56.2,23.2,西式
白醬燉飯 (中盒),680.0,17.0,75.0,31.0,西式
白醬燉飯 (大盒),952.0,23.8,105.0,43.4,西式
白醬燉飯 (100g),680.0,17.0,75.0,31.0,西式
白醬燉飯 (150g),1020.0,25.5,112.5,46.5,西式
白醬燉飯 (200g),1360.0,34.0,150.0,62.0,西式
白醬燉飯 (250g),1700.0,42.5,187.5,77.5,西式
白醬燉飯 (300g),2040.0,51.0,225.0,93.0,西式
番茄燉飯 (半份),260.0,7.5,38.0,7.5,西式
番茄燉飯 (小份),390.0,11.2,57.0,11.2,西式
番茄燉飯 (1份),520.0,15.0,76.0,15.0,西式
番茄燉飯 (1.25份),650.0,18.8,95.0,18.8,西式
番茄燉飯 (1.5份),780.0,22.5,114.0,22.5,西式
番茄燉飯 (2份),1040.0,30.0,152.0,30.0,西式
番茄燉飯 (2.5份),1300.0,37.5,190.0,37.5,西式
番茄燉飯 (3份),1560.0,45.0,228.0,45.0,西式
番茄燉飯 (小碗),390.0,11.2,57.0,11.2,西式
番茄燉飯 (中碗),520.0,15.0,76.0,15.0,西式
番茄燉飯 (大碗),702.0,20.2,102.6,20.2,西式
番茄燉飯 (小杯),390.0,11.2,57.0,11.2,西式
番茄燉飯 (中杯),520.0,15.0,76.0,15.0,西式
番茄燉飯 (大杯),728.0,21.0,106.4,21.0,西式
番茄燉飯 (小盒),390.0,11.2,57.0,11.2,西式
番茄燉飯 (中盒),520.0,15.0,76.0,15.0,西式
番茄燉飯 (大盒),728.0,21.0,106.4,21.0,西式
番茄燉飯 (100g),520.0,15.0,76.0,15.0,西式
番茄燉飯 (150g),780.0,22.5,114.0,22.5,西式
番茄燉飯 (200g),1040.0,30.0,152.0,30.0,西式
番茄燉飯 (250g),1300.0,37.5,190.0,37.5,西式
番茄燉飯 (300g),1560.0,45.0,228.0,45.0,西式
韓式拌飯 (半份),310.0,11.0,42.0,11.0,韓式
韓式拌飯 (小份),465.0,16.5,63.0,16.5,韓式
韓式拌飯 (1份),620.0,22.0,84.0,22.0,韓式
韓式拌飯 (1.25份),775.0,27.5,105.0,27.5,韓式
韓式拌飯 (1.5份),930.0,33.0,126.0,33.0,韓式
韓式拌飯 (2份),1240.0,44.0,168.0,44.0,韓式
韓式拌飯 (2.5份),1550.0,55.0,210.0,55.0,韓式
韓式拌飯 (3份),1860.0,66.0,252.0,66.0,韓式
韓式拌飯 (小碗),465.0,16.5,63.0,16.5,韓式
韓式拌飯 (中碗),620.0,22.0,84.0,22.0,韓式
韓式拌飯 (大碗),837.0,29.7,113.4,29.7,韓式
韓式拌飯 (小杯),465.0,16.5,63.0,16.5,韓式
韓式拌飯 (中杯),620.0,22.0,84.0,22.0,韓式
韓式拌飯 (大杯),868.0,30.8,117.6,30.8,韓式
韓式拌飯 (小盒),465.0,16.5,63.0,16.5,韓式
韓式拌飯 (中盒),620.0,22.0,84.0,22.0,韓式
韓式拌飯 (大盒),868.0,30.8,117.6,30.8,韓式
韓式拌飯 (100g),620.0,22.0,84.0,22.0,韓式
韓式拌飯 (150g),930.0,33.0,126.0,33.0,韓式
韓式拌飯 (200g),1240.0,44.0,168.0,44.0,韓式
韓式拌飯 (250g),1550.0,55.0,210.0,55.0,韓式
韓式拌飯 (300g),1860.0,66.0,252.0,66.0,韓式
韓式炸雞 (半份),325.0,15.0,22.5,19.0,韓式
韓式炸雞 (小份),487.5,22.5,33.8,28.5,韓式
韓式炸雞 (1份),650.0,30.0,45.0,38.0,韓式
韓式炸雞 (1.25份),812.5,37.5,56.2,47.5,韓式
韓式炸雞 (1.5份),975.0,45.0,67.5,57.0,韓式
韓式炸雞 (2份),1300.0,60.0,90.0,76.0,韓式
韓式炸雞 (2.5份),1625.0,75.0,112.5,95.0,韓式
韓式炸雞 (3份),1950.0,90.0,135.0,114.0,韓式
韓式炸雞 (小碗),487.5,22.5,33.8,28.5,韓式
韓式炸雞 (中碗),650.0,30.0,45.0,38.0,韓式
韓式炸雞 (大碗),877.5,40.5,60.8,51.3,韓式
韓式炸雞 (小杯),487.5,22.5,33.8,28.5,韓式
韓式炸雞 (中杯),650.0,30.0,45.0,38.0,韓式
韓式炸雞 (大杯),910.0,42.0,63.0,53.2,韓式
韓式炸雞 (小盒),487.5,22.5,33.8,28.5,韓式
韓式炸雞 (中盒),650.0,30.0,45.0,38.0,韓式
韓式炸雞 (大盒),910.0,42.0,63.0,53.2,韓式
韓式炸雞 (100g),650.0,30.0,45.0,38.0,韓式
韓式炸雞 (150g),975.0,45.0,67.5,57.0,韓式
韓式炸雞 (200g),1300.0,60.0,90.0,76.0,韓式
韓式炸雞 (250g),1625.0,75.0,112.5,95.0,韓式
韓式炸雞 (300g),1950.0,90.0,135.0,114.0,韓式
韓式泡菜 (半份),15.0,1.0,2.5,0.2,韓式
韓式泡菜 (小份),22.5,1.5,3.8,0.4,韓式
韓式泡菜 (1份),30.0,2.0,5.0,0.5,韓式
韓式泡菜 (1.25份),37.5,2.5,6.2,0.6,韓式
韓式泡菜 (1.5份),45.0,3.0,7.5,0.8,韓式
韓式泡菜 (2份),60.0,4.0,10.0,1.0,韓式
韓式泡菜 (2.5份),75.0,5.0,12.5,1.2,韓式
韓式泡菜 (3份),90.0,6.0,15.0,1.5,韓式
韓式泡菜 (小碗),22.5,1.5,3.8,0.4,韓式
韓式泡菜 (中碗),30.0,2.0,5.0,0.5,韓式
韓式泡菜 (大碗),40.5,2.7,6.8,0.7,韓式
韓式泡菜 (小杯),22.5,1.5,3.8,0.4,韓式
韓式泡菜 (中杯),30.0,2.0,5.0,0.5,韓式
韓式泡菜 (大杯),42.0,2.8,7.0,0.7,韓式
韓式泡菜 (小盒),22.5,1.5,3.8,0.4,韓式
韓式泡菜 (中盒),30.0,2.0,5.0,0.5,韓式
韓式泡菜 (大盒),42.0,2.8,7.0,0.7,韓式
韓式泡菜 (100g),30.0,2.0,5.0,0.5,韓式
韓式泡菜 (150g),45.0,3.0,7.5,0.8,韓式
韓式泡菜 (200g),60.0,4.0,10.0,1.0,韓式
韓式泡菜 (250g),75.0,5.0,12.5,1.2,韓式
韓式泡菜 (300g),90.0,6.0,15.0,1.5,韓式
韓式部隊鍋 (半份),375.0,14.0,32.5,20.0,韓式
韓式部隊鍋 (小份),562.5,21.0,48.8,30.0,韓式
韓式部隊鍋 (1份),750.0,28.0,65.0,40.0,韓式
韓式部隊鍋 (1.25份),937.5,35.0,81.2,50.0,韓式
韓式部隊鍋 (1.5份),1125.0,42.0,97.5,60.0,韓式
韓式部隊鍋 (2份),1500.0,56.0,130.0,80.0,韓式
韓式部隊鍋 (2.5份),1875.0,70.0,162.5,100.0,韓式
韓式部隊鍋 (3份),2250.0,84.0,195.0,120.0,韓式
韓式部隊鍋 (小碗),562.5,21.0,48.8,30.0,韓式
韓式部隊鍋 (中碗),750.0,28.0,65.0,40.0,韓式
韓式部隊鍋 (大碗),1012.5,37.8,87.8,54.0,韓式
韓式部隊鍋 (小杯),562.5,21.0,48.8,30.0,韓式
韓式部隊鍋 (中杯),750.0,28.0,65.0,40.0,韓式
韓式部隊鍋 (大杯),1050.0,39.2,91.0,56.0,韓式
韓式部隊鍋 (小盒),562.5,21.0,48.8,30.0,韓式
韓式部隊鍋 (中盒),750.0,28.0,65.0,40.0,韓式
韓式部隊鍋 (大盒),1050.0,39.2,91.0,56.0,韓式
韓式部隊鍋 (100g),750.0,28.0,65.0,40.0,韓式
韓式部隊鍋 (150g),1125.0,42.0,97.5,60.0,韓式
韓式部隊鍋 (200g),1500.0,56.0,130.0,80.0,韓式
韓式部隊鍋 (250g),1875.0,70.0,162.5,100.0,韓式
韓式部隊鍋 (300g),2250.0,84.0,195.0,120.0,韓式
韓式烤肉 (半份),275.0,17.5,5.0,20.0,韓式
韓式烤肉 (小份),412.5,26.2,7.5,30.0,韓式
韓式烤肉 (1份),550.0,35.0,10.0,40.0,韓式
韓式烤肉 (1.25份),687.5,43.8,12.5,50.0,韓式
韓式烤肉 (1.5份),825.0,52.5,15.0,60.0,韓式
韓式烤肉 (2份),1100.0,70.0,20.0,80.0,韓式
韓式烤肉 (2.5份),1375.0,87.5,25.0,100.0,韓式
韓式烤肉 (3份),1650.0,105.0,30.0,120.0,韓式
韓式烤肉 (小碗),412.5,26.2,7.5,30.0,韓式
韓式烤肉 (中碗),550.0,35.0,10.0,40.0,韓式
韓式烤肉 (大碗),742.5,47.2,13.5,54.0,韓式
韓式烤肉 (小杯),412.5,26.2,7.5,30.0,韓式
韓式烤肉 (中杯),550.0,35.0,10.0,40.0,韓式
韓式烤肉 (大杯),770.0,49.0,14.0,56.0,韓式
韓式烤肉 (小盒),412.5,26.2,7.5,30.0,韓式
韓式烤肉 (中盒),550.0,35.0,10.0,40.0,韓式
韓式烤肉 (大盒),770.0,49.0,14.0,56.0,韓式
韓式烤肉 (100g),550.0,35.0,10.0,40.0,韓式
韓式烤肉 (150g),825.0,52.5,15.0,60.0,韓式
韓式烤肉 (200g),1100.0,70.0,20.0,80.0,韓式
韓式烤肉 (250g),1375.0,87.5,25.0,100.0,韓式
韓式烤肉 (300g),1650.0,105.0,30.0,120.0,韓式
韓式冷麵 (半份),225.0,7.0,39.0,4.0,韓式
韓式冷麵 (小份),337.5,10.5,58.5,6.0,韓式
韓式冷麵 (1份),450.0,14.0,78.0,8.0,韓式
韓式冷麵 (1.25份),562.5,17.5,97.5,10.0,韓式
韓式冷麵 (1.5份),675.0,21.0,117.0,12.0,韓式
韓式冷麵 (2份),900.0,28.0,156.0,16.0,韓式
韓式冷麵 (2.5份),1125.0,35.0,195.0,20.0,韓式
韓式冷麵 (3份),1350.0,42.0,234.0,24.0,韓式
韓式冷麵 (小碗),337.5,10.5,58.5,6.0,韓式
韓式冷麵 (中碗),450.0,14.0,78.0,8.0,韓式
韓式冷麵 (大碗),607.5,18.9,105.3,10.8,韓式
韓式冷麵 (小杯),337.5,10.5,58.5,6.0,韓式
韓式冷麵 (中杯),450.0,14.0,78.0,8.0,韓式
韓式冷麵 (大杯),630.0,19.6,109.2,11.2,韓式
韓式冷麵 (小盒),337.5,10.5,58.5,6.0,韓式
韓式冷麵 (中盒),450.0,14.0,78.0,8.0,韓式
韓式冷麵 (大盒),630.0,19.6,109.2,11.2,韓式
韓式冷麵 (100g),450.0,14.0,78.0,8.0,韓式
韓式冷麵 (150g),675.0,21.0,117.0,12.0,韓式
韓式冷麵 (200g),900.0,28.0,156.0,16.0,韓式
韓式冷麵 (250g),1125.0,35.0,195.0,20.0,韓式
韓式冷麵 (300g),1350.0,42.0,234.0,24.0,韓式
日式拉麵 (半份),300.0,12.5,37.5,10.0,日式
日式拉麵 (小份),450.0,18.8,56.2,15.0,日式
日式拉麵 (1份),600.0,25.0,75.0,20.0,日式
日式拉麵 (1.25份),750.0,31.2,93.8,25.0,日式
日式拉麵 (1.5份),900.0,37.5,112.5,30.0,日式
日式拉麵 (2份),1200.0,50.0,150.0,40.0,日式
日式拉麵 (2.5份),1500.0,62.5,187.5,50.0,日式
日式拉麵 (3份),1800.0,75.0,225.0,60.0,日式
日式拉麵 (小碗),450.0,18.8,56.2,15.0,日式
日式拉麵 (中碗),600.0,25.0,75.0,20.0,日式
日式拉麵 (大碗),810.0,33.8,101.2,27.0,日式
日式拉麵 (小杯),450.0,18.8,56.2,15.0,日式
日式拉麵 (中杯),600.0,25.0,75.0,20.0,日式
日式拉麵 (大杯),840.0,35.0,105.0,28.0,日式
日式拉麵 (小盒),450.0,18.8,56.2,15.0,日式
日式拉麵 (中盒),600.0,25.0,75.0,20.0,日式
日式拉麵 (大盒),840.0,35.0,105.0,28.0,日式
日式拉麵 (100g),600.0,25.0,75.0,20.0,日式
日式拉麵 (150g),900.0,37.5,112.5,30.0,日式
日式拉麵 (200g),1200.0,50.0,150.0,40.0,日式
日式拉麵 (250g),1500.0,62.5,187.5,50.0,日式
日式拉麵 (300g),1800.0,75.0,225.0,60.0,日式
豬排拉麵 (半份),390.0,17.5,39.0,18.0,日式
豬排拉麵 (小份),585.0,26.2,58.5,27.0,日式
豬排拉麵 (1份),780.0,35.0,78.0,36.0,日式
豬排拉麵 (1.25份),975.0,43.8,97.5,45.0,日式
豬排拉麵 (1.5份),1170.0,52.5,117.0,54.0,日式
豬排拉麵 (2份),1560.0,70.0,156.0,72.0,日式
豬排拉麵 (2.5份),1950.0,87.5,195.0,90.0,日式
豬排拉麵 (3份),2340.0,105.0,234.0,108.0,日式
豬排拉麵 (小碗),585.0,26.2,58.5,27.0,日式
豬排拉麵 (中碗),780.0,35.0,78.0,36.0,日式
豬排拉麵 (大碗),1053.0,47.2,105.3,48.6,日式
豬排拉麵 (小杯),585.0,26.2,58.5,27.0,日式
豬排拉麵 (中杯),780.0,35.0,78.0,36.0,日式
豬排拉麵 (大杯),1092.0,49.0,109.2,50.4,日式
豬排拉麵 (小盒),585.0,26.2,58.5,27.0,日式
豬排拉麵 (中盒),780.0,35.0,78.0,36.0,日式
豬排拉麵 (大盒),1092.0,49.0,109.2,50.4,日式
豬排拉麵 (100g),780.0,35.0,78.0,36.0,日式
豬排拉麵 (150g),1170.0,52.5,117.0,54.0,日式
豬排拉麵 (200g),1560.0,70.0,156.0,72.0,日式
豬排拉麵 (250g),1950.0,87.5,195.0,90.0,日式
豬排拉麵 (300g),2340.0,105.0,234.0,108.0,日式
牛肉烏龍麵 (半份),280.0,13.0,35.0,8.5,日式
牛肉烏龍麵 (小份),420.0,19.5,52.5,12.8,日式
牛肉烏龍麵 (1份),560.0,26.0,70.0,17.0,日式
牛肉烏龍麵 (1.25份),700.0,32.5,87.5,21.2,日式
牛肉烏龍麵 (1.5份),840.0,39.0,105.0,25.5,日式
牛肉烏龍麵 (2份),1120.0,52.0,140.0,34.0,日式
牛肉烏龍麵 (2.5份),1400.0,65.0,175.0,42.5,日式
牛肉烏龍麵 (3份),1680.0,78.0,210.0,51.0,日式
牛肉烏龍麵 (小碗),420.0,19.5,52.5,12.8,日式
牛肉烏龍麵 (中碗),560.0,26.0,70.0,17.0,日式
牛肉烏龍麵 (大碗),756.0,35.1,94.5,23.0,日式
牛肉烏龍麵 (小杯),420.0,19.5,52.5,12.8,日式
牛肉烏龍麵 (中杯),560.0,26.0,70.0,17.0,日式
牛肉烏龍麵 (大杯),784.0,36.4,98.0,23.8,日式
牛肉烏龍麵 (小盒),420.0,19.5,52.5,12.8,日式
牛肉烏龍麵 (中盒),560.0,26.0,70.0,17.0,日式
牛肉烏龍麵 (大盒),784.0,36.4,98.0,23.8,日式
牛肉烏龍麵 (100g),560.0,26.0,70.0,17.0,日式
牛肉烏龍麵 (150g),840.0,39.0,105.0,25.5,日式
牛肉烏龍麵 (200g),1120.0,52.0,140.0,34.0,日式
牛肉烏龍麵 (250g),1400.0,65.0,175.0,42.5,日式
牛肉烏龍麵 (300g),1680.0,78.0,210.0,51.0,日式
天婦羅 (半份),210.0,8.0,18.0,12.0,日式
天婦羅 (小份),315.0,12.0,27.0,18.0,日式
天婦羅 (1份),420.0,16.0,36.0,24.0,日式
天婦羅 (1.25份),525.0,20.0,45.0,30.0,日式
天婦羅 (1.5份),630.0,24.0,54.0,36.0,日式
天婦羅 (2份),840.0,32.0,72.0,48.0,日式
天婦羅 (2.5份),1050.0,40.0,90.0,60.0,日式
天婦羅 (3份),1260.0,48.0,108.0,72.0,日式
天婦羅 (小碗),315.0,12.0,27.0,18.0,日式
天婦羅 (中碗),420.0,16.0,36.0,24.0,日式
天婦羅 (大碗),567.0,21.6,48.6,32.4,日式
天婦羅 (小杯),315.0,12.0,27.0,18.0,日式
天婦羅 (中杯),420.0,16.0,36.0,24.0,日式
天婦羅 (大杯),588.0,22.4,50.4,33.6,日式
天婦羅 (小盒),315.0,12.0,27.0,18.0,日式
天婦羅 (中盒),420.0,16.0,36.0,24.0,日式
天婦羅 (大盒),588.0,22.4,50.4,33.6,日式
天婦羅 (100g),420.0,16.0,36.0,24.0,日式
天婦羅 (150g),630.0,24.0,54.0,36.0,日式
天婦羅 (200g),840.0,32.0,72.0,48.0,日式
天婦羅 (250g),1050.0,40.0,90.0,60.0,日式
天婦羅 (300g),1260.0,48.0,108.0,72.0,日式
炸蝦天婦羅 (半份),155.0,7.5,10.0,10.0,日式
炸蝦天婦羅 (小份),232.5,11.2,15.0,15.0,日式
炸蝦天婦羅 (1份),310.0,15.0,20.0,20.0,日式
炸蝦天婦羅 (1.25份),387.5,18.8,25.0,25.0,日式
炸蝦天婦羅 (1.5份),465.0,22.5,30.0,30.0,日式
炸蝦天婦羅 (2份),620.0,30.0,40.0,40.0,日式
炸蝦天婦羅 (2.5份),775.0,37.5,50.0,50.0,日式
炸蝦天婦羅 (3份),930.0,45.0,60.0,60.0,日式
炸蝦天婦羅 (小碗),232.5,11.2,15.0,15.0,日式
炸蝦天婦羅 (中碗),310.0,15.0,20.0,20.0,日式
炸蝦天婦羅 (大碗),418.5,20.2,27.0,27.0,日式
炸蝦天婦羅 (小杯),232.5,11.2,15.0,15.0,日式
炸蝦天婦羅 (中杯),310.0,15.0,20.0,20.0,日式
炸蝦天婦羅 (大杯),434.0,21.0,28.0,28.0,日式
炸蝦天婦羅 (小盒),232.5,11.2,15.0,15.0,日式
炸蝦天婦羅 (中盒),310.0,15.0,20.0,20.0,日式
炸蝦天婦羅 (大盒),434.0,21.0,28.0,28.0,日式
炸蝦天婦羅 (100g),310.0,15.0,20.0,20.0,日式
炸蝦天婦羅 (150g),465.0,22.5,30.0,30.0,日式
炸蝦天婦羅 (200g),620.0,30.0,40.0,40.0,日式
炸蝦天婦羅 (250g),775.0,37.5,50.0,50.0,日式
炸蝦天婦羅 (300g),930.0,45.0,60.0,60.0,日式
大阪燒 (半份),250.0,9.0,25.0,12.5,日式
大阪燒 (小份),375.0,13.5,37.5,18.8,日式
大阪燒 (1份),500.0,18.0,50.0,25.0,日式
大阪燒 (1.25份),625.0,22.5,62.5,31.2,日式
大阪燒 (1.5份),750.0,27.0,75.0,37.5,日式
大阪燒 (2份),1000.0,36.0,100.0,50.0,日式
大阪燒 (2.5份),1250.0,45.0,125.0,62.5,日式
大阪燒 (3份),1500.0,54.0,150.0,75.0,日式
大阪燒 (小碗),375.0,13.5,37.5,18.8,日式
大阪燒 (中碗),500.0,18.0,50.0,25.0,日式
大阪燒 (大碗),675.0,24.3,67.5,33.8,日式
大阪燒 (小杯),375.0,13.5,37.5,18.8,日式
大阪燒 (中杯),500.0,18.0,50.0,25.0,日式
大阪燒 (大杯),700.0,25.2,70.0,35.0,日式
大阪燒 (小盒),375.0,13.5,37.5,18.8,日式
大阪燒 (中盒),500.0,18.0,50.0,25.0,日式
大阪燒 (大盒),700.0,25.2,70.0,35.0,日式
大阪燒 (100g),500.0,18.0,50.0,25.0,日式
大阪燒 (150g),750.0,27.0,75.0,37.5,日式
大阪燒 (200g),1000.0,36.0,100.0,50.0,日式
大阪燒 (250g),1250.0,45.0,125.0,62.5,日式
大阪燒 (300g),1500.0,54.0,150.0,75.0,日式
章魚燒 (半份),180.0,7.0,22.0,7.0,日式
章魚燒 (小份),270.0,10.5,33.0,10.5,日式
章魚燒 (1份),360.0,14.0,44.0,14.0,日式
章魚燒 (1.25份),450.0,17.5,55.0,17.5,日式
章魚燒 (1.5份),540.0,21.0,66.0,21.0,日式
章魚燒 (2份),720.0,28.0,88.0,28.0,日式
章魚燒 (2.5份),900.0,35.0,110.0,35.0,日式
章魚燒 (3份),1080.0,42.0,132.0,42.0,日式
章魚燒 (小碗),270.0,10.5,33.0,10.5,日式
章魚燒 (中碗),360.0,14.0,44.0,14.0,日式
章魚燒 (大碗),486.0,18.9,59.4,18.9,日式
章魚燒 (小杯),270.0,10.5,33.0,10.5,日式
章魚燒 (中杯),360.0,14.0,44.0,14.0,日式
章魚燒 (大杯),504.0,19.6,61.6,19.6,日式
章魚燒 (小盒),270.0,10.5,33.0,10.5,日式
章魚燒 (中盒),360.0,14.0,44.0,14.0,日式
章魚燒 (大盒),504.0,19.6,61.6,19.6,日式
章魚燒 (100g),360.0,14.0,44.0,14.0,日式
章魚燒 (150g),540.0,21.0,66.0,21.0,日式
章魚燒 (200g),720.0,28.0,88.0,28.0,日式
章魚燒 (250g),900.0,35.0,110.0,35.0,日式
章魚燒 (300g),1080.0,42.0,132.0,42.0,日式
洋菇 (半份),11.0,1.6,1.6,0.1,蔬菜
洋菇 (小份),16.5,2.3,2.5,0.2,蔬菜
洋菇 (1份),22.0,3.1,3.3,0.3,蔬菜
洋菇 (1.25份),27.5,3.9,4.1,0.4,蔬菜
洋菇 (1.5份),33.0,4.7,4.9,0.4,蔬菜
洋菇 (2份),44.0,6.2,6.6,0.6,蔬菜
洋菇 (2.5份),55.0,7.8,8.2,0.8,蔬菜
洋菇 (3份),66.0,9.3,9.9,0.9,蔬菜
洋菇 (小碗),16.5,2.3,2.5,0.2,蔬菜
洋菇 (中碗),22.0,3.1,3.3,0.3,蔬菜
洋菇 (大碗),29.7,4.2,4.5,0.4,蔬菜
洋菇 (小杯),16.5,2.3,2.5,0.2,蔬菜
洋菇 (中杯),22.0,3.1,3.3,0.3,蔬菜
洋菇 (大杯),30.8,4.3,4.6,0.4,蔬菜
洋菇 (小盒),16.5,2.3,2.5,0.2,蔬菜
洋菇 (中盒),22.0,3.1,3.3,0.3,蔬菜
洋菇 (大盒),30.8,4.3,4.6,0.4,蔬菜
洋菇 (100g),22.0,3.1,3.3,0.3,蔬菜
洋菇 (150g),33.0,4.7,4.9,0.4,蔬菜
洋菇 (200g),44.0,6.2,6.6,0.6,蔬菜
洋菇 (250g),55.0,7.8,8.2,0.8,蔬菜
洋菇 (300g),66.0,9.3,9.9,0.9,蔬菜
甜椒 (半份),15.5,0.5,3.0,0.1,蔬菜
甜椒 (小份),23.2,0.8,4.5,0.2,蔬菜
甜椒 (1份),31.0,1.0,6.0,0.3,蔬菜
甜椒 (1.25份),38.8,1.2,7.5,0.4,蔬菜
甜椒 (1.5份),46.5,1.5,9.0,0.4,蔬菜
甜椒 (2份),62.0,2.0,12.0,0.6,蔬菜
甜椒 (2.5份),77.5,2.5,15.0,0.8,蔬菜
甜椒 (3份),93.0,3.0,18.0,0.9,蔬菜
甜椒 (小碗),23.2,0.8,4.5,0.2,蔬菜
甜椒 (中碗),31.0,1.0,6.0,0.3,蔬菜
甜椒 (大碗),41.9,1.4,8.1,0.4,蔬菜
甜椒 (小杯),23.2,0.8,4.5,0.2,蔬菜
甜椒 (中杯),31.0,1.0,6.0,0.3,蔬菜
甜椒 (大杯),43.4,1.4,8.4,0.4,蔬菜
甜椒 (小盒),23.2,0.8,4.5,0.2,蔬菜
甜椒 (中盒),31.0,1.0,6.0,0.3,蔬菜
甜椒 (大盒),43.4,1.4,8.4,0.4,蔬菜
甜椒 (100g),31.0,1.0,6.0,0.3,蔬菜
甜椒 (150g),46.5,1.5,9.0,0.4,蔬菜
甜椒 (200g),62.0,2.0,12.0,0.6,蔬菜
甜椒 (250g),77.5,2.5,15.0,0.8,蔬菜
甜椒 (300g),93.0,3.0,18.0,0.9,蔬菜
茄子 (半份),12.5,0.5,3.0,0.1,蔬菜
茄子 (小份),18.8,0.8,4.5,0.2,蔬菜
茄子 (1份),25.0,1.0,6.0,0.2,蔬菜
茄子 (1.25份),31.2,1.2,7.5,0.2,蔬菜
茄子 (1.5份),37.5,1.5,9.0,0.3,蔬菜
茄子 (2份),50.0,2.0,12.0,0.4,蔬菜
茄子 (2.5份),62.5,2.5,15.0,0.5,蔬菜
茄子 (3份),75.0,3.0,18.0,0.6,蔬菜
茄子 (小碗),18.8,0.8,4.5,0.2,蔬菜
茄子 (中碗),25.0,1.0,6.0,0.2,蔬菜
茄子 (大碗),33.8,1.4,8.1,0.3,蔬菜
茄子 (小杯),18.8,0.8,4.5,0.2,蔬菜
茄子 (中杯),25.0,1.0,6.0,0.2,蔬菜
茄子 (大杯),35.0,1.4,8.4,0.3,蔬菜
茄子 (小盒),18.8,0.8,4.5,0.2,蔬菜
茄子 (中盒),25.0,1.0,6.0,0.2,蔬菜
茄子 (大盒),35.0,1.4,8.4,0.3,蔬菜
茄子 (100g),25.0,1.0,6.0,0.2,蔬菜
茄子 (150g),37.5,1.5,9.0,0.3,蔬菜
茄子 (200g),50.0,2.0,12.0,0.4,蔬菜
茄子 (250g),62.5,2.5,15.0,0.5,蔬菜
茄子 (300g),75.0,3.0,18.0,0.6,蔬菜
絲瓜 (半份),10.0,0.6,2.0,0.1,蔬菜
絲瓜 (小份),15.0,0.9,3.0,0.2,蔬菜
絲瓜 (1份),20.0,1.2,4.0,0.2,蔬菜
絲瓜 (1.25份),25.0,1.5,5.0,0.2,蔬菜
絲瓜 (1.5份),30.0,1.8,6.0,0.3,蔬菜
絲瓜 (2份),40.0,2.4,8.0,0.4,蔬菜
絲瓜 (2.5份),50.0,3.0,10.0,0.5,蔬菜
絲瓜 (3份),60.0,3.6,12.0,0.6,蔬菜
絲瓜 (小碗),15.0,0.9,3.0,0.2,蔬菜
絲瓜 (中碗),20.0,1.2,4.0,0.2,蔬菜
絲瓜 (大碗),27.0,1.6,5.4,0.3,蔬菜
絲瓜 (小杯),15.0,0.9,3.0,0.2,蔬菜
絲瓜 (中杯),20.0,1.2,4.0,0.2,蔬菜
絲瓜 (大杯),28.0,1.7,5.6,0.3,蔬菜
絲瓜 (小盒),15.0,0.9,3.0,0.2,蔬菜
絲瓜 (中盒),20.0,1.2,4.0,0.2,蔬菜
絲瓜 (大盒),28.0,1.7,5.6,0.3,蔬菜
絲瓜 (100g),20.0,1.2,4.0,0.2,蔬菜
絲瓜 (150g),30.0,1.8,6.0,0.3,蔬菜
絲瓜 (200g),40.0,2.4,8.0,0.4,蔬菜
絲瓜 (250g),50.0,3.0,10.0,0.5,蔬菜
絲瓜 (300g),60.0,3.6,12.0,0.6,蔬菜
苦瓜 (半份),8.5,0.5,2.0,0.1,蔬菜
苦瓜 (小份),12.8,0.8,3.0,0.2,蔬菜
苦瓜 (1份),17.0,1.0,4.0,0.2,蔬菜
苦瓜 (1.25份),21.2,1.2,5.0,0.2,蔬菜
苦瓜 (1.5份),25.5,1.5,6.0,0.3,蔬菜
苦瓜 (2份),34.0,2.0,8.0,0.4,蔬菜
苦瓜 (2.5份),42.5,2.5,10.0,0.5,蔬菜
苦瓜 (3份),51.0,3.0,12.0,0.6,蔬菜
苦瓜 (小碗),12.8,0.8,3.0,0.2,蔬菜
苦瓜 (中碗),17.0,1.0,4.0,0.2,蔬菜
苦瓜 (大碗),23.0,1.4,5.4,0.3,蔬菜
苦瓜 (小杯),12.8,0.8,3.0,0.2,蔬菜
苦瓜 (中杯),17.0,1.0,4.0,0.2,蔬菜
苦瓜 (大杯),23.8,1.4,5.6,0.3,蔬菜
苦瓜 (小盒),12.8,0.8,3.0,0.2,蔬菜
苦瓜 (中盒),17.0,1.0,4.0,0.2,蔬菜
苦瓜 (大盒),23.8,1.4,5.6,0.3,蔬菜
苦瓜 (100g),17.0,1.0,4.0,0.2,蔬菜
苦瓜 (150g),25.5,1.5,6.0,0.3,蔬菜
苦瓜 (200g),34.0,2.0,8.0,0.4,蔬菜
苦瓜 (250g),42.5,2.5,10.0,0.5,蔬菜
苦瓜 (300g),51.0,3.0,12.0,0.6,蔬菜
冬瓜 (半份),6.5,0.2,1.5,0.1,蔬菜
冬瓜 (小份),9.8,0.3,2.2,0.2,蔬菜
冬瓜 (1份),13.0,0.4,3.0,0.2,蔬菜
冬瓜 (1.25份),16.2,0.5,3.8,0.2,蔬菜
冬瓜 (1.5份),19.5,0.6,4.5,0.3,蔬菜
冬瓜 (2份),26.0,0.8,6.0,0.4,蔬菜
冬瓜 (2.5份),32.5,1.0,7.5,0.5,蔬菜
冬瓜 (3份),39.0,1.2,9.0,0.6,蔬菜
冬瓜 (小碗),9.8,0.3,2.2,0.2,蔬菜
冬瓜 (中碗),13.0,0.4,3.0,0.2,蔬菜
冬瓜 (大碗),17.6,0.5,4.1,0.3,蔬菜
冬瓜 (小杯),9.8,0.3,2.2,0.2,蔬菜
冬瓜 (中杯),13.0,0.4,3.0,0.2,蔬菜
冬瓜 (大杯),18.2,0.6,4.2,0.3,蔬菜
冬瓜 (小盒),9.8,0.3,2.2,0.2,蔬菜
冬瓜 (中盒),13.0,0.4,3.0,0.2,蔬菜
冬瓜 (大盒),18.2,0.6,4.2,0.3,蔬菜
冬瓜 (100g),13.0,0.4,3.0,0.2,蔬菜
冬瓜 (150g),19.5,0.6,4.5,0.3,蔬菜
冬瓜 (200g),26.0,0.8,6.0,0.4,蔬菜
冬瓜 (250g),32.5,1.0,7.5,0.5,蔬菜
冬瓜 (300g),39.0,1.2,9.0,0.6,蔬菜
白蘿蔔 (半份),9.0,0.3,2.0,0.1,蔬菜
白蘿蔔 (小份),13.5,0.4,3.0,0.1,蔬菜
白蘿蔔 (1份),18.0,0.6,4.0,0.1,蔬菜
白蘿蔔 (1.25份),22.5,0.8,5.0,0.1,蔬菜
白蘿蔔 (1.5份),27.0,0.9,6.0,0.2,蔬菜
白蘿蔔 (2份),36.0,1.2,8.0,0.2,蔬菜
白蘿蔔 (2.5份),45.0,1.5,10.0,0.2,蔬菜
白蘿蔔 (3份),54.0,1.8,12.0,0.3,蔬菜
白蘿蔔 (小碗),13.5,0.4,3.0,0.1,蔬菜
白蘿蔔 (中碗),18.0,0.6,4.0,0.1,蔬菜
白蘿蔔 (大碗),24.3,0.8,5.4,0.1,蔬菜
白蘿蔔 (小杯),13.5,0.4,3.0,0.1,蔬菜
白蘿蔔 (中杯),18.0,0.6,4.0,0.1,蔬菜
白蘿蔔 (大杯),25.2,0.8,5.6,0.1,蔬菜
白蘿蔔 (小盒),13.5,0.4,3.0,0.1,蔬菜
白蘿蔔 (中盒),18.0,0.6,4.0,0.1,蔬菜
白蘿蔔 (大盒),25.2,0.8,5.6,0.1,蔬菜
白蘿蔔 (100g),18.0,0.6,4.0,0.1,蔬菜
白蘿蔔 (150g),27.0,0.9,6.0,0.2,蔬菜
白蘿蔔 (200g),36.0,1.2,8.0,0.2,蔬菜
白蘿蔔 (250g),45.0,1.5,10.0,0.2,蔬菜
白蘿蔔 (300g),54.0,1.8,12.0,0.3,蔬菜
秋葵 (半份),16.5,0.9,3.5,0.1,蔬菜
秋葵 (小份),24.8,1.4,5.2,0.2,蔬菜
秋葵 (1份),33.0,1.9,7.0,0.2,蔬菜
秋葵 (1.25份),41.2,2.4,8.8,0.2,蔬菜
秋葵 (1.5份),49.5,2.8,10.5,0.3,蔬菜
秋葵 (2份),66.0,3.8,14.0,0.4,蔬菜
秋葵 (2.5份),82.5,4.8,17.5,0.5,蔬菜
秋葵 (3份),99.0,5.7,21.0,0.6,蔬菜
秋葵 (小碗),24.8,1.4,5.2,0.2,蔬菜
秋葵 (中碗),33.0,1.9,7.0,0.2,蔬菜
秋葵 (大碗),44.6,2.6,9.5,0.3,蔬菜
秋葵 (小杯),24.8,1.4,5.2,0.2,蔬菜
秋葵 (中杯),33.0,1.9,7.0,0.2,蔬菜
秋葵 (大杯),46.2,2.7,9.8,0.3,蔬菜
秋葵 (小盒),24.8,1.4,5.2,0.2,蔬菜
秋葵 (中盒),33.0,1.9,7.0,0.2,蔬菜
秋葵 (大盒),46.2,2.7,9.8,0.3,蔬菜
秋葵 (100g),33.0,1.9,7.0,0.2,蔬菜
秋葵 (150g),49.5,2.8,10.5,0.3,蔬菜
秋葵 (200g),66.0,3.8,14.0,0.4,蔬菜
秋葵 (250g),82.5,4.8,17.5,0.5,蔬菜
秋葵 (300g),99.0,5.7,21.0,0.6,蔬菜
竹筍 (半份),13.5,1.3,2.5,0.1,蔬菜
竹筍 (小份),20.2,2.0,3.8,0.2,蔬菜
竹筍 (1份),27.0,2.6,5.0,0.3,蔬菜
竹筍 (1.25份),33.8,3.2,6.2,0.4,蔬菜
竹筍 (1.5份),40.5,3.9,7.5,0.4,蔬菜
竹筍 (2份),54.0,5.2,10.0,0.6,蔬菜
竹筍 (2.5份),67.5,6.5,12.5,0.8,蔬菜
竹筍 (3份),81.0,7.8,15.0,0.9,蔬菜
竹筍 (小碗),20.2,2.0,3.8,0.2,蔬菜
竹筍 (中碗),27.0,2.6,5.0,0.3,蔬菜
竹筍 (大碗),36.5,3.5,6.8,0.4,蔬菜
竹筍 (小杯),20.2,2.0,3.8,0.2,蔬菜
竹筍 (中杯),27.0,2.6,5.0,0.3,蔬菜
竹筍 (大杯),37.8,3.6,7.0,0.4,蔬菜
竹筍 (小盒),20.2,2.0,3.8,0.2,蔬菜
竹筍 (中盒),27.0,2.6,5.0,0.3,蔬菜
竹筍 (大盒),37.8,3.6,7.0,0.4,蔬菜
竹筍 (100g),27.0,2.6,5.0,0.3,蔬菜
竹筍 (150g),40.5,3.9,7.5,0.4,蔬菜
竹筍 (200g),54.0,5.2,10.0,0.6,蔬菜
竹筍 (250g),67.5,6.5,12.5,0.8,蔬菜
竹筍 (300g),81.0,7.8,15.0,0.9,蔬菜
豆芽菜 (半份),15.0,1.5,3.0,0.1,蔬菜
豆芽菜 (小份),22.5,2.2,4.5,0.2,蔬菜
豆芽菜 (1份),30.0,3.0,6.0,0.2,蔬菜
豆芽菜 (1.25份),37.5,3.8,7.5,0.2,蔬菜
豆芽菜 (1.5份),45.0,4.5,9.0,0.3,蔬菜
豆芽菜 (2份),60.0,6.0,12.0,0.4,蔬菜
豆芽菜 (2.5份),75.0,7.5,15.0,0.5,蔬菜
豆芽菜 (3份),90.0,9.0,18.0,0.6,蔬菜
豆芽菜 (小碗),22.5,2.2,4.5,0.2,蔬菜
豆芽菜 (中碗),30.0,3.0,6.0,0.2,蔬菜
豆芽菜 (大碗),40.5,4.1,8.1,0.3,蔬菜
豆芽菜 (小杯),22.5,2.2,4.5,0.2,蔬菜
豆芽菜 (中杯),30.0,3.0,6.0,0.2,蔬菜
豆芽菜 (大杯),42.0,4.2,8.4,0.3,蔬菜
豆芽菜 (小盒),22.5,2.2,4.5,0.2,蔬菜
豆芽菜 (中盒),30.0,3.0,6.0,0.2,蔬菜
豆芽菜 (大盒),42.0,4.2,8.4,0.3,蔬菜
豆芽菜 (100g),30.0,3.0,6.0,0.2,蔬菜
豆芽菜 (150g),45.0,4.5,9.0,0.3,蔬菜
豆芽菜 (200g),60.0,6.0,12.0,0.4,蔬菜
豆芽菜 (250g),75.0,7.5,15.0,0.5,蔬菜
豆芽菜 (300g),90.0,9.0,18.0,0.6,蔬菜
海帶芽 (半份),22.5,1.5,4.5,0.3,蔬菜
海帶芽 (小份),33.8,2.2,6.8,0.4,蔬菜
海帶芽 (1份),45.0,3.0,9.0,0.6,蔬菜
海帶芽 (1.25份),56.2,3.8,11.2,0.8,蔬菜
海帶芽 (1.5份),67.5,4.5,13.5,0.9,蔬菜
海帶芽 (2份),90.0,6.0,18.0,1.2,蔬菜
海帶芽 (2.5份),112.5,7.5,22.5,1.5,蔬菜
海帶芽 (3份),135.0,9.0,27.0,1.8,蔬菜
海帶芽 (小碗),33.8,2.2,6.8,0.4,蔬菜
海帶芽 (中碗),45.0,3.0,9.0,0.6,蔬菜
海帶芽 (大碗),60.8,4.1,12.2,0.8,蔬菜
海帶芽 (小杯),33.8,2.2,6.8,0.4,蔬菜
海帶芽 (中杯),45.0,3.0,9.0,0.6,蔬菜
海帶芽 (大杯),63.0,4.2,12.6,0.8,蔬菜
海帶芽 (小盒),33.8,2.2,6.8,0.4,蔬菜
海帶芽 (中盒),45.0,3.0,9.0,0.6,蔬菜
海帶芽 (大盒),63.0,4.2,12.6,0.8,蔬菜
海帶芽 (100g),45.0,3.0,9.0,0.6,蔬菜
海帶芽 (150g),67.5,4.5,13.5,0.9,蔬菜
海帶芽 (200g),90.0,6.0,18.0,1.2,蔬菜
海帶芽 (250g),112.5,7.5,22.5,1.5,蔬菜
海帶芽 (300g),135.0,9.0,27.0,1.8,蔬菜
原味白吐司 (0.6份),159.0,5.4,29.4,1.9,早餐/主食
原味全麥吐司 (0.7份),172.9,9.1,28.7,2.9,早餐/主食
原味可頌 (0.8份),324.8,6.4,36.0,16.8,早餐/烘焙
原味火腿起司蛋吐司 (0.9份),387.0,19.8,34.2,19.8,早餐
原味鮪魚蛋吐司 (1.0份),410.0,24.0,36.0,20.0,早餐
原味培根蛋吐司 (1.1份),506.0,22.0,38.5,29.7,早餐
原味總匯三明治 (1.2份),624.0,28.8,52.8,32.4,早餐
原味鮪魚三明治 (1.3份),507.0,28.6,54.6,20.8,早餐
原味雞肉三明治 (1.4份),504.0,35.0,53.2,18.2,早餐
原味火腿三明治 (1.5份),525.0,27.0,60.0,21.0,早餐
原味起司蛋餅 (1.6份),624.0,25.6,57.6,33.6,早餐
原味培根蛋餅 (1.7份),731.0,30.6,61.2,42.5,早餐
原味玉米蛋餅 (1.8份),648.0,23.4,77.4,28.8,早餐
原味鮪魚蛋餅 (1.9份),779.0,38.0,70.3,41.8,早餐
原味蘿蔔糕加蛋 (2.0份),600.0,20.0,68.0,28.0,早餐
原味法國吐司 (0.6份),192.0,6.6,25.2,7.2,早餐
原味美式早餐盤 (0.7份),455.0,19.6,31.5,27.3,早餐
原味燕麥粥 (0.8份),176.0,6.4,28.8,4.8,早餐
原味水果燕麥優格 (0.9份),252.0,10.8,38.7,6.3,早餐
原味優格 (1.0份),120.0,7.0,14.0,4.0,乳品
原味希臘優格 (1.1份),154.0,13.2,8.8,6.6,乳品
原味低脂鮮奶 (1.2份),126.0,9.6,14.4,3.6,乳品
原味全脂鮮奶 (1.3份),195.0,10.4,15.6,10.4,乳品
原味無糖優格 (1.4份),133.0,12.6,8.4,5.6,乳品
原味豆漿 (1.5份),255.0,18.0,15.0,10.5,飲品
原味黑豆漿 (1.6份),288.0,20.8,16.0,11.2,飲品
原味燕麥奶 (1.7份),204.0,5.1,27.2,8.5,飲品
原味杏仁奶 (1.8份),72.0,1.8,3.6,5.4,飲品
原味綠豆漿 (1.9份),361.0,20.9,47.5,9.5,飲品
原味紅茶 (2.0份),10.0,0.0,2.0,0.0,飲品
原味綠茶 (0.6份),1.2,0.0,0.0,0.0,飲品
原味烏龍茶 (0.7份),1.4,0.0,0.0,0.0,飲品
原味無糖綠茶 (0.8份),1.6,0.0,0.0,0.0,飲品
原味檸檬紅茶 (0.9份),90.0,0.0,22.5,0.0,飲品
原味可樂 (1.0份),140.0,0.0,39.0,0.0,飲品
原味汽水 (1.1份),154.0,0.0,42.9,0.0,飲品
原味運動飲料 (1.2份),144.0,0.0,36.0,0.0,飲品
原味無糖氣泡水 (1.3份),0.0,0.0,0.0,0.0,飲品
原味巧克力牛奶 (1.4份),266.0,9.8,42.0,7.0,飲品
原味香蕉牛奶 (1.5份),315.0,10.5,51.0,7.5,飲品
原味抹茶拿鐵 (1.6份),352.0,11.2,43.2,14.4,飲品
原味摩卡 (1.7份),442.0,13.6,54.4,18.7,飲品
原味卡布奇諾 (1.8份),216.0,10.8,18.0,10.8,飲品
原味焦糖瑪奇朵 (1.9份),475.0,13.3,64.6,19.0,飲品
原味可可 (2.0份),420.0,14.0,60.0,14.0,飲品
原味水果茶 (0.6份),96.0,0.0,22.8,0.0,飲品
原味奶茶 (0.7份),154.0,3.5,22.4,5.6,飲品
原味冬瓜茶 (0.8份),120.0,0.0,29.6,0.0,飲品
原味檸檬汁 (0.9份),54.0,0.0,13.5,0.0,飲品
原味白飯 (1.0份),280.0,5.4,61.0,0.6,主食
原味紫米飯 (1.1份),297.0,6.6,63.8,1.3,主食
原味五穀飯 (1.2份),306.0,7.2,63.6,2.4,主食
原味藜麥飯 (1.3份),325.0,10.4,59.8,5.2,主食
原味燕麥飯 (1.4份),343.0,8.4,63.0,4.9,主食
原味玉米 (1.5份),180.0,6.0,40.5,3.0,主食
原味南瓜 (1.6份),112.0,3.2,25.6,0.3,蔬菜
原味馬鈴薯 (1.7份),221.0,5.1,51.0,0.3,主食
原味山藥 (1.8份),216.0,5.4,48.6,0.4,主食
原味芋頭 (1.9份),247.0,3.8,57.0,0.4,主食
原味冬粉 (2.0份),340.0,0.0,84.0,0.0,主食
原味烏龍麵 (0.6份),162.0,5.4,33.6,0.6,麵食
原味拉麵 (0.7份),301.0,10.5,45.5,8.4,麵食
原味蕎麥麵 (0.8份),240.0,10.4,44.8,1.6,麵食
原味米粉 (0.9份),315.0,5.4,72.0,0.9,麵食
原味意麵 (1.0份),380.0,11.0,66.0,9.0,麵食
原味炒飯 (1.1份),682.0,18.7,90.2,24.2,主餐
原味蛋炒飯 (1.2份),696.0,21.6,93.6,24.0,主餐
原味肉絲炒飯 (1.3份),845.0,31.2,104.0,32.5,主餐
原味蝦仁炒飯 (1.4份),868.0,35.0,109.2,30.8,主餐
原味炒麵 (1.5份),825.0,25.5,102.0,34.5,主餐
原味炒烏龍 (1.6份),896.0,28.8,115.2,35.2,主餐
原味鍋燒意麵 (1.7份),884.0,40.8,110.5,28.9,主餐
原味雞肉飯 (1.8份),936.0,48.6,118.8,30.6,主餐
原味魚排飯 (1.9份),1235.0,60.8,148.2,43.7,主餐
原味牛丼 (2.0份),1440.0,62.0,172.0,54.0,日式
原味親子丼 (0.6份),408.0,18.6,46.8,14.4,日式
原味豬排丼 (0.7份),546.0,23.8,57.4,23.8,日式
原味咖哩飯 (0.8份),560.0,16.0,70.4,21.6,日式
原味日式豬排飯 (0.9份),684.0,31.5,76.5,27.9,日式
原味壽司 (1.0份),300.0,10.0,54.0,5.0,日式
原味鮭魚壽司 (1.1份),363.0,16.5,55.0,8.8,日式
原味鮪魚壽司 (1.2份),372.0,19.2,60.0,7.2,日式
原味蝦壽司 (1.3份),377.0,16.9,67.6,5.2,日式
原味玉子燒 (1.4份),252.0,14.0,14.0,14.0,日式
原味味噌湯 (1.5份),82.5,6.0,7.5,3.0,湯品
原味茶碗蒸 (1.6份),176.0,14.4,6.4,9.6,日式
原味烤鯖魚 (1.7份),476.0,42.5,0.0,34.0,海鮮
原味烤鮭魚 (1.8份),432.0,45.0,0.0,27.0,海鮮
原味烤鯛魚 (1.9份),342.0,51.3,0.0,13.3,海鮮
原味清蒸鱈魚 (2.0份),300.0,54.0,0.0,8.0,海鮮
原味蝦仁 (0.6份),60.0,14.4,0.6,0.2,海鮮
原味透抽 (0.7份),77.0,12.6,2.1,1.4,海鮮
原味蛤蜊 (0.8份),64.0,10.4,3.2,1.2,海鮮
原味蚵仔 (0.9份),76.5,8.1,4.5,2.7,海鮮
原味鮪魚 (1.0份),130.0,29.0,0.0,1.0,海鮮
原味鯛魚 (1.1份),143.0,28.6,0.0,3.3,海鮮
原味鯖魚 (1.2份),252.0,24.0,0.0,16.8,海鮮
原味鯷魚 (1.3份),169.0,37.7,0.0,6.5,海鮮
原味雞胸肉 (1.4份),231.0,43.4,0.0,5.0,蛋白質
原味雞腿肉 (1.5份),330.0,37.5,0.0,19.5,蛋白質
原味雞翅 (1.6份),368.0,38.4,0.0,24.0,蛋白質
原味雞里肌 (1.7份),255.0,51.0,0.0,5.1,蛋白質
原味豬里肌 (1.8份),378.0,48.6,0.0,18.0,蛋白質
原味豬梅花 (1.9份),475.0,41.8,0.0,34.2,蛋白質
原味豬五花 (2.0份),780.0,28.0,0.0,74.0,蛋白質
原味牛里肌 (0.6份),126.0,16.8,0.0,6.0,蛋白質
原味牛腱 (0.7份),119.0,19.6,0.0,4.2,蛋白質
原味牛五花 (0.8份),264.0,14.4,0.0,22.4,蛋白質
原味羊肉 (0.9份),225.0,22.5,0.0,14.4,蛋白質
原味培根 (1.0份),540.0,37.0,1.0,42.0,加工肉
原味火腿 (1.1份),159.5,23.1,2.2,6.6,加工肉
原味香腸 (1.2份),384.0,14.4,6.0,33.6,加工肉
原味德國香腸 (1.3份),390.0,16.9,5.2,33.8,加工肉
原味熱狗 (1.4份),406.0,15.4,5.6,35.0,加工肉
原味雞肉香腸 (1.5份),330.0,24.0,6.0,22.5,加工肉
原味板豆腐 (1.6份),136.0,14.4,3.2,8.0,豆製品
原味嫩豆腐 (1.7份),93.5,8.5,3.4,5.1,豆製品
原味豆干 (1.8份),288.0,36.0,14.4,12.6,豆製品
原味毛豆 (1.9份),266.0,22.8,19.0,11.4,豆製品
原味黑豆 (2.0份),300.0,20.0,54.0,2.0,豆製品
原味鷹嘴豆 (0.6份),99.0,5.4,16.2,1.8,豆製品
原味紅豆 (0.7份),87.5,5.6,15.4,0.3,豆類
原味高麗菜 (0.8份),20.0,1.0,4.8,0.1,蔬菜
原味菠菜 (0.9份),20.7,2.6,3.2,0.4,蔬菜
原味青江菜 (1.0份),13.0,1.5,2.0,0.2,蔬菜
原味花椰菜 (1.1份),37.4,3.1,7.7,0.4,蔬菜
原味白花椰菜 (1.2份),30.0,2.4,6.0,0.4,蔬菜
原味空心菜 (1.3份),26.0,2.6,3.9,0.4,蔬菜
原味地瓜葉 (1.4份),42.0,4.2,7.0,0.4,蔬菜
原味A菜 (1.5份),25.5,2.2,4.5,0.3,蔬菜
原味大陸妹 (1.6份),28.8,2.4,4.8,0.3,蔬菜
原味番茄 (1.7份),30.6,1.5,6.8,0.3,蔬菜
原味小黃瓜 (1.8份),27.0,1.3,6.5,0.2,蔬菜
原味紅蘿蔔 (1.9份),77.9,1.7,19.0,0.4,蔬菜
原味洋蔥 (2.0份),80.0,2.2,18.0,0.2,蔬菜
原味玉米筍 (0.6份),15.6,1.5,3.0,0.1,蔬菜
原味香菇 (0.7份),23.8,2.2,4.9,0.3,蔬菜
原味金針菇 (0.8份),29.6,2.2,5.6,0.2,蔬菜
原味杏鮑菇 (0.9份),31.5,2.2,6.3,0.3,蔬菜
原味木耳 (1.0份),25.0,1.5,6.0,0.2,蔬菜
原味海帶 (1.1份),47.3,1.9,11.0,0.7,蔬菜
原味草莓 (1.2份),38.4,0.8,9.6,0.4,水果
原味藍莓 (1.3份),74.1,0.9,18.2,0.4,水果
原味葡萄 (1.4份),96.6,1.0,25.2,0.3,水果
原味橘子 (1.5份),70.5,1.4,18.0,0.2,水果
原味柳橙 (1.6份),75.2,1.4,19.2,0.2,水果
原味西瓜 (1.7份),51.0,1.0,13.6,0.3,水果
原味鳳梨 (1.8份),90.0,0.9,23.4,0.2,水果
原味芒果 (1.9份),114.0,1.5,28.5,0.8,水果
原味水梨 (2.0份),84.0,0.8,22.0,0.2,水果
原味桃子 (0.6份),23.4,0.5,6.0,0.2,水果
原味火龍果 (0.7份),35.0,0.8,8.4,0.3,水果
原味百香果 (0.8份),77.6,1.8,18.4,0.6,水果
原味酪梨 (0.9份),144.0,1.8,8.1,13.5,水果
原味椰子 (1.0份),354.0,3.3,15.0,33.0,水果
原味柿子 (1.1份),77.0,0.7,20.9,0.2,水果
原味杏仁 (1.2份),694.8,25.2,26.4,58.8,堅果
原味核桃 (1.3份),850.2,19.5,18.2,84.5,堅果
原味腰果 (1.4份),774.2,25.2,42.0,61.6,堅果
原味花生 (1.5份),850.5,39.0,24.0,73.5,堅果
原味開心果 (1.6份),899.2,32.0,44.8,72.0,堅果
原味南瓜子 (1.7份),950.3,51.0,18.7,83.3,堅果
原味葵瓜子 (1.8份),1051.2,37.8,36.0,91.8,堅果
原味洋芋片 (1.9份),1018.4,13.3,100.7,66.5,零食
原味玉米脆片 (2.0份),1000.0,14.0,110.0,56.0,零食
原味爆米花 (0.6份),232.2,7.8,46.8,2.7,零食
原味蘇打餅乾 (0.7份),301.0,6.3,49.0,9.1,零食
原味巧克力餅乾 (0.8份),384.0,4.8,53.6,16.8,零食
原味燕麥餅乾 (0.9份),405.0,6.3,61.2,15.3,零食
原味洋芋薯餅 (1.0份),260.0,3.0,28.0,15.0,零食
原味茶葉蛋 (1.1份),159.5,13.2,2.2,9.9,零食
原味滷蛋 (1.2份),180.0,14.4,2.4,12.0,零食
原味海苔 (1.3份),45.5,6.5,5.2,0.7,零食
原味黑巧克力 (1.4份),840.0,11.2,64.4,60.2,甜點
原味牛奶巧克力 (1.5份),802.5,12.0,88.5,45.0,甜點
原味布朗尼 (1.6份),656.0,8.0,80.0,35.2,甜點
原味乳酪蛋糕 (1.7份),544.0,10.2,45.9,35.7,甜點
原味提拉米蘇 (1.8份),630.0,10.8,55.8,41.4,甜點
原味蛋塔 (1.9份),532.0,11.4,53.2,32.3,甜點
原味奶油泡芙 (2.0份),500.0,10.0,46.0,32.0,甜點
原味可麗露 (0.6份),150.0,2.4,19.8,6.6,甜點
原味鬆餅 (0.7份),252.0,5.6,35.0,9.8,甜點
原味冰淇淋 (0.8份),168.0,3.2,19.2,8.8,甜點
原味芒果冰 (0.9份),297.0,2.7,63.0,5.4,甜點
原味豆花加花生 (1.0份),320.0,10.0,45.0,11.0,甜點
原味紅豆湯 (1.1份),286.0,8.8,50.6,5.5,甜點
原味綠豆湯 (1.2份),288.0,8.4,52.8,4.8,甜點
原味仙草茶 (1.3份),130.0,0.0,32.5,0.0,甜點
原味燒仙草 (1.4份),322.0,7.0,56.0,8.4,甜點
原味薯條 (1.5份),468.0,5.1,61.5,22.5,速食
原味炸雞腿 (1.6份),512.0,35.2,19.2,33.6,速食
原味炸雞翅 (1.7份),493.0,34.0,17.0,32.3,速食
原味起司漢堡 (1.8份),936.0,48.6,75.6,50.4,速食
原味雙層牛肉堡 (1.9份),1273.0,66.5,91.2,70.3,速食
原味雞塊 (2.0份),580.0,32.0,32.0,36.0,速食
原味熱狗堡 (0.6份),234.0,9.0,21.6,12.6,速食
原味雞肉捲 (0.7份),336.0,17.5,32.2,14.7,速食
原味墨西哥捲餅 (0.8份),416.0,18.4,44.8,17.6,異國
原味塔可 (0.9份),189.0,9.0,16.2,9.9,異國
原味凱薩沙拉 (1.0份),360.0,18.0,14.0,27.0,西式
原味烤雞沙拉 (1.1份),352.0,35.2,16.5,16.5,西式
原味牛排 (1.2份),540.0,54.0,0.0,33.6,西式
原味雞排 (1.3份),429.0,41.6,15.6,23.4,西式
原味焗烤飯 (1.4份),952.0,33.6,98.0,44.8,西式
原味焗烤義大利麵 (1.5份),1080.0,37.5,108.0,51.0,西式
原味番茄義大利麵 (1.6份),768.0,24.0,121.6,19.2,西式
原味奶油義大利麵 (1.7份),1105.0,30.6,119.0,51.0,西式
原味青醬義大利麵 (1.8份),1116.0,32.4,122.4,50.4,西式
原味白醬燉飯 (1.9份),1292.0,32.3,142.5,58.9,西式
原味番茄燉飯 (2.0份),1040.0,30.0,152.0,30.0,西式
原味韓式拌飯 (0.6份),372.0,13.2,50.4,13.2,韓式
原味韓式炸雞 (0.7份),455.0,21.0,31.5,26.6,韓式
原味韓式泡菜 (0.8份),24.0,1.6,4.0,0.4,韓式
原味韓式部隊鍋 (0.9份),675.0,25.2,58.5,36.0,韓式
原味韓式烤肉 (1.0份),550.0,35.0,10.0,40.0,韓式
原味韓式冷麵 (1.1份),495.0,15.4,85.8,8.8,韓式
原味日式拉麵 (1.2份),720.0,30.0,90.0,24.0,日式
原味豬排拉麵 (1.3份),1014.0,45.5,101.4,46.8,日式
原味牛肉烏龍麵 (1.4份),784.0,36.4,98.0,23.8,日式
原味天婦羅 (1.5份),630.0,24.0,54.0,36.0,日式
原味炸蝦天婦羅 (1.6份),496.0,24.0,32.0,32.0,日式
原味大阪燒 (1.7份),850.0,30.6,85.0,42.5,日式
原味章魚燒 (1.8份),648.0,25.2,79.2,25.2,日式
原味番茄 (1.9份),34.2,1.7,7.6,0.4,蔬菜
原味洋菇 (2.0份),44.0,6.2,6.6,0.6,蔬菜
原味甜椒 (0.6份),18.6,0.6,3.6,0.2,蔬菜
原味茄子 (0.7份),17.5,0.7,4.2,0.1,蔬菜
原味絲瓜 (0.8份),16.0,1.0,3.2,0.2,蔬菜
原味苦瓜 (0.9份),15.3,0.9,3.6,0.2,蔬菜
原味冬瓜 (1.0份),13.0,0.4,3.0,0.2,蔬菜
原味白蘿蔔 (1.1份),19.8,0.7,4.4,0.1,蔬菜
原味秋葵 (1.2份),39.6,2.3,8.4,0.2,蔬菜
原味竹筍 (1.3份),35.1,3.4,6.5,0.4,蔬菜
原味豆芽菜 (1.4份),42.0,4.2,8.4,0.3,蔬菜
原味海帶芽 (1.5份),67.5,4.5,13.5,0.9,蔬菜
低糖白吐司 (1.6份),424.0,14.4,78.4,5.1,早餐/主食
低糖全麥吐司 (1.7份),419.9,22.1,69.7,7.1,早餐/主食
低糖可頌 (1.8份),730.8,14.4,81.0,37.8,早餐/烘焙
低糖火腿起司蛋吐司 (1.9份),817.0,41.8,72.2,41.8,早餐
低糖鮪魚蛋吐司 (2.0份),820.0,48.0,72.0,40.0,早餐
低糖培根蛋吐司 (0.6份),276.0,12.0,21.0,16.2,早餐
低糖總匯三明治 (0.7份),364.0,16.8,30.8,18.9,早餐
低糖鮪魚三明治 (0.8份),312.0,17.6,33.6,12.8,早餐
低糖雞肉三明治 (0.9份),324.0,22.5,34.2,11.7,早餐
低糖火腿三明治 (1.0份),350.0,18.0,40.0,14.0,早餐
低糖起司蛋餅 (1.1份),429.0,17.6,39.6,23.1,早餐
低糖培根蛋餅 (1.2份),516.0,21.6,43.2,30.0,早餐
低糖玉米蛋餅 (1.3份),468.0,16.9,55.9,20.8,早餐
低糖鮪魚蛋餅 (1.4份),574.0,28.0,51.8,30.8,早餐
低糖蘿蔔糕加蛋 (1.5份),450.0,15.0,51.0,21.0,早餐
低糖法國吐司 (1.6份),512.0,17.6,67.2,19.2,早餐
低糖美式早餐盤 (1.7份),1105.0,47.6,76.5,66.3,早餐
低糖燕麥粥 (1.8份),396.0,14.4,64.8,10.8,早餐
低糖水果燕麥優格 (1.9份),532.0,22.8,81.7,13.3,早餐
低糖優格 (2.0份),240.0,14.0,28.0,8.0,乳品
低糖希臘優格 (0.6份),84.0,7.2,4.8,3.6,乳品
低糖低脂鮮奶 (0.7份),73.5,5.6,8.4,2.1,乳品
低糖全脂鮮奶 (0.8份),120.0,6.4,9.6,6.4,乳品
低糖無糖優格 (0.9份),85.5,8.1,5.4,3.6,乳品
低糖豆漿 (1.0份),170.0,12.0,10.0,7.0,飲品
低糖黑豆漿 (1.1份),198.0,14.3,11.0,7.7,飲品
低糖燕麥奶 (1.2份),144.0,3.6,19.2,6.0,飲品
低糖杏仁奶 (1.3份),52.0,1.3,2.6,3.9,飲品
低糖綠豆漿 (1.4份),266.0,15.4,35.0,7.0,飲品
低糖紅茶 (1.5份),7.5,0.0,1.5,0.0,飲品
低糖綠茶 (1.6份),3.2,0.0,0.0,0.0,飲品
低糖烏龍茶 (1.7份),3.4,0.0,0.0,0.0,飲品
低糖無糖綠茶 (1.8份),3.6,0.0,0.0,0.0,飲品
低糖檸檬紅茶 (1.9份),190.0,0.0,47.5,0.0,飲品
低糖可樂 (2.0份),280.0,0.0,78.0,0.0,飲品
低糖汽水 (0.6份),84.0,0.0,23.4,0.0,飲品
低糖運動飲料 (0.7份),84.0,0.0,21.0,0.0,飲品
低糖無糖氣泡水 (0.8份),0.0,0.0,0.0,0.0,飲品
低糖巧克力牛奶 (0.9份),171.0,6.3,27.0,4.5,飲品
低糖香蕉牛奶 (1.0份),210.0,7.0,34.0,5.0,飲品
低糖抹茶拿鐵 (1.1份),242.0,7.7,29.7,9.9,飲品
低糖摩卡 (1.2份),312.0,9.6,38.4,13.2,飲品
低糖卡布奇諾 (1.3份),156.0,7.8,13.0,7.8,飲品
低糖焦糖瑪奇朵 (1.4份),350.0,9.8,47.6,14.0,飲品
低糖可可 (1.5份),315.0,10.5,45.0,10.5,飲品
低糖水果茶 (1.6份),256.0,0.0,60.8,0.0,飲品
低糖奶茶 (1.7份),374.0,8.5,54.4,13.6,飲品
低糖冬瓜茶 (1.8份),270.0,0.0,66.6,0.0,飲品
低糖檸檬汁 (1.9份),114.0,0.0,28.5,0.0,飲品
低糖白飯 (2.0份),560.0,10.8,122.0,1.2,主食
低糖紫米飯 (0.6份),162.0,3.6,34.8,0.7,主食
低糖五穀飯 (0.7份),178.5,4.2,37.1,1.4,主食
低糖藜麥飯 (0.8份),200.0,6.4,36.8,3.2,主食
低糖燕麥飯 (0.9份),220.5,5.4,40.5,3.1,主食
低糖玉米 (1.0份),120.0,4.0,27.0,2.0,主食
低糖南瓜 (1.1份),77.0,2.2,17.6,0.2,蔬菜
低糖馬鈴薯 (1.2份),156.0,3.6,36.0,0.2,主食
低糖山藥 (1.3份),156.0,3.9,35.1,0.3,主食
低糖芋頭 (1.4份),182.0,2.8,42.0,0.3,主食
低糖冬粉 (1.5份),255.0,0.0,63.0,0.0,主食
低糖烏龍麵 (1.6份),432.0,14.4,89.6,1.6,麵食
低糖拉麵 (1.7份),731.0,25.5,110.5,20.4,麵食
低糖蕎麥麵 (1.8份),540.0,23.4,100.8,3.6,麵食
低糖米粉 (1.9份),665.0,11.4,152.0,1.9,麵食
低糖意麵 (2.0份),760.0,22.0,132.0,18.0,麵食
低糖炒飯 (0.6份),372.0,10.2,49.2,13.2,主餐
低糖蛋炒飯 (0.7份),406.0,12.6,54.6,14.0,主餐
低糖肉絲炒飯 (0.8份),520.0,19.2,64.0,20.0,主餐
低糖蝦仁炒飯 (0.9份),558.0,22.5,70.2,19.8,主餐
低糖炒麵 (1.0份),550.0,17.0,68.0,23.0,主餐
低糖炒烏龍 (1.1份),616.0,19.8,79.2,24.2,主餐
低糖鍋燒意麵 (1.2份),624.0,28.8,78.0,20.4,主餐
低糖雞肉飯 (1.3份),676.0,35.1,85.8,22.1,主餐
低糖魚排飯 (1.4份),910.0,44.8,109.2,32.2,主餐
低糖牛丼 (1.5份),1080.0,46.5,129.0,40.5,日式
低糖親子丼 (1.6份),1088.0,49.6,124.8,38.4,日式
低糖豬排丼 (1.7份),1326.0,57.8,139.4,57.8,日式
低糖咖哩飯 (1.8份),1260.0,36.0,158.4,48.6,日式
低糖日式豬排飯 (1.9份),1444.0,66.5,161.5,58.9,日式
低糖壽司 (2.0份),600.0,20.0,108.0,10.0,日式
低糖鮭魚壽司 (0.6份),198.0,9.0,30.0,4.8,日式
低糖鮪魚壽司 (0.7份),217.0,11.2,35.0,4.2,日式
低糖蝦壽司 (0.8份),232.0,10.4,41.6,3.2,日式
低糖玉子燒 (0.9份),162.0,9.0,9.0,9.0,日式
低糖味噌湯 (1.0份),55.0,4.0,5.0,2.0,湯品
低糖茶碗蒸 (1.1份),121.0,9.9,4.4,6.6,日式
低糖烤鯖魚 (1.2份),336.0,30.0,0.0,24.0,海鮮
低糖烤鮭魚 (1.3份),312.0,32.5,0.0,19.5,海鮮
低糖烤鯛魚 (1.4份),252.0,37.8,0.0,9.8,海鮮
低糖清蒸鱈魚 (1.5份),225.0,40.5,0.0,6.0,海鮮
低糖蝦仁 (1.6份),160.0,38.4,1.6,0.5,海鮮
低糖透抽 (1.7份),187.0,30.6,5.1,3.4,海鮮
低糖蛤蜊 (1.8份),144.0,23.4,7.2,2.7,海鮮
低糖蚵仔 (1.9份),161.5,17.1,9.5,5.7,海鮮
低糖鮪魚 (2.0份),260.0,58.0,0.0,2.0,海鮮
低糖鯛魚 (0.6份),78.0,15.6,0.0,1.8,海鮮
低糖鯖魚 (0.7份),147.0,14.0,0.0,9.8,海鮮
低糖鯷魚 (0.8份),104.0,23.2,0.0,4.0,海鮮
低糖雞胸肉 (0.9份),148.5,27.9,0.0,3.2,蛋白質
低糖雞腿肉 (1.0份),220.0,25.0,0.0,13.0,蛋白質
低糖雞翅 (1.1份),253.0,26.4,0.0,16.5,蛋白質
低糖雞里肌 (1.2份),180.0,36.0,0.0,3.6,蛋白質
低糖豬里肌 (1.3份),273.0,35.1,0.0,13.0,蛋白質
低糖豬梅花 (1.4份),350.0,30.8,0.0,25.2,蛋白質
低糖豬五花 (1.5份),585.0,21.0,0.0,55.5,蛋白質
低糖牛里肌 (1.6份),336.0,44.8,0.0,16.0,蛋白質
低糖牛腱 (1.7份),289.0,47.6,0.0,10.2,蛋白質
低糖牛五花 (1.8份),594.0,32.4,0.0,50.4,蛋白質
低糖羊肉 (1.9份),475.0,47.5,0.0,30.4,蛋白質
低糖培根 (2.0份),1080.0,74.0,2.0,84.0,加工肉
低糖火腿 (0.6份),87.0,12.6,1.2,3.6,加工肉
低糖香腸 (0.7份),224.0,8.4,3.5,19.6,加工肉
低糖德國香腸 (0.8份),240.0,10.4,3.2,20.8,加工肉
低糖熱狗 (0.9份),261.0,9.9,3.6,22.5,加工肉
低糖雞肉香腸 (1.0份),220.0,16.0,4.0,15.0,加工肉
低糖板豆腐 (1.1份),93.5,9.9,2.2,5.5,豆製品
低糖嫩豆腐 (1.2份),66.0,6.0,2.4,3.6,豆製品
低糖豆干 (1.3份),208.0,26.0,10.4,9.1,豆製品
低糖毛豆 (1.4份),196.0,16.8,14.0,8.4,豆製品
低糖黑豆 (1.5份),225.0,15.0,40.5,1.5,豆製品
低糖鷹嘴豆 (1.6份),264.0,14.4,43.2,4.8,豆製品
低糖紅豆 (1.7份),212.5,13.6,37.4,0.9,豆類
低糖高麗菜 (1.8份),45.0,2.3,10.8,0.2,蔬菜
低糖菠菜 (1.9份),43.7,5.5,6.8,0.8,蔬菜
低糖青江菜 (2.0份),26.0,3.0,4.0,0.4,蔬菜
低糖花椰菜 (0.6份),20.4,1.7,4.2,0.2,蔬菜
低糖白花椰菜 (0.7份),17.5,1.4,3.5,0.2,蔬菜
低糖空心菜 (0.8份),16.0,1.6,2.4,0.2,蔬菜
低糖地瓜葉 (0.9份),27.0,2.7,4.5,0.3,蔬菜
低糖A菜 (1.0份),17.0,1.5,3.0,0.2,蔬菜
低糖大陸妹 (1.1份),19.8,1.7,3.3,0.2,蔬菜
低糖番茄 (1.2份),21.6,1.1,4.8,0.2,蔬菜
低糖小黃瓜 (1.3份),19.5,0.9,4.7,0.1,蔬菜
低糖紅蘿蔔 (1.4份),57.4,1.3,14.0,0.3,蔬菜
低糖洋蔥 (1.5份),60.0,1.7,13.5,0.2,蔬菜
低糖玉米筍 (1.6份),41.6,4.0,8.0,0.3,蔬菜
低糖香菇 (1.7份),57.8,5.3,11.9,0.9,蔬菜
低糖金針菇 (1.8份),66.6,4.9,12.6,0.5,蔬菜
低糖杏鮑菇 (1.9份),66.5,4.8,13.3,0.6,蔬菜
低糖木耳 (2.0份),50.0,3.0,12.0,0.4,蔬菜
低糖海帶 (0.6份),25.8,1.0,6.0,0.4,蔬菜
低糖草莓 (0.7份),22.4,0.5,5.6,0.2,水果
低糖藍莓 (0.8份),45.6,0.6,11.2,0.2,水果
低糖葡萄 (0.9份),62.1,0.6,16.2,0.2,水果
低糖橘子 (1.0份),47.0,0.9,12.0,0.1,水果
低糖柳橙 (1.1份),51.7,1.0,13.2,0.1,水果
低糖西瓜 (1.2份),36.0,0.7,9.6,0.2,水果
低糖鳳梨 (1.3份),65.0,0.7,16.9,0.1,水果
低糖芒果 (1.4份),84.0,1.1,21.0,0.6,水果
低糖水梨 (1.5份),63.0,0.6,16.5,0.2,水果
低糖桃子 (1.6份),62.4,1.4,16.0,0.5,水果
低糖火龍果 (1.7份),85.0,1.9,20.4,0.7,水果
低糖百香果 (1.8份),174.6,4.0,41.4,1.3,水果
低糖酪梨 (1.9份),304.0,3.8,17.1,28.5,水果
低糖椰子 (2.0份),708.0,6.6,30.0,66.0,水果
低糖柿子 (0.6份),42.0,0.4,11.4,0.1,水果
低糖杏仁 (0.7份),405.3,14.7,15.4,34.3,堅果
低糖核桃 (0.8份),523.2,12.0,11.2,52.0,堅果
低糖腰果 (0.9份),497.7,16.2,27.0,39.6,堅果
低糖花生 (1.0份),567.0,26.0,16.0,49.0,堅果
低糖開心果 (1.1份),618.2,22.0,30.8,49.5,堅果
低糖南瓜子 (1.2份),670.8,36.0,13.2,58.8,堅果
低糖葵瓜子 (1.3份),759.2,27.3,26.0,66.3,堅果
低糖洋芋片 (1.4份),750.4,9.8,74.2,49.0,零食
低糖玉米脆片 (1.5份),750.0,10.5,82.5,42.0,零食
低糖爆米花 (1.6份),619.2,20.8,124.8,7.2,零食
低糖蘇打餅乾 (1.7份),731.0,15.3,119.0,22.1,零食
低糖巧克力餅乾 (1.8份),864.0,10.8,120.6,37.8,零食
低糖燕麥餅乾 (1.9份),855.0,13.3,129.2,32.3,零食
低糖洋芋薯餅 (2.0份),520.0,6.0,56.0,30.0,零食
低糖茶葉蛋 (0.6份),87.0,7.2,1.2,5.4,零食
低糖滷蛋 (0.7份),105.0,8.4,1.4,7.0,零食
低糖海苔 (0.8份),28.0,4.0,3.2,0.4,零食
低糖黑巧克力 (0.9份),540.0,7.2,41.4,38.7,甜點
低糖牛奶巧克力 (1.0份),535.0,8.0,59.0,30.0,甜點
低糖布朗尼 (1.1份),451.0,5.5,55.0,24.2,甜點
低糖乳酪蛋糕 (1.2份),384.0,7.2,32.4,25.2,甜點
低糖提拉米蘇 (1.3份),455.0,7.8,40.3,29.9,甜點
低糖蛋塔 (1.4份),392.0,8.4,39.2,23.8,甜點
低糖奶油泡芙 (1.5份),375.0,7.5,34.5,24.0,甜點
低糖可麗露 (1.6份),400.0,6.4,52.8,17.6,甜點
低糖鬆餅 (1.7份),612.0,13.6,85.0,23.8,甜點
低糖冰淇淋 (1.8份),378.0,7.2,43.2,19.8,甜點
低糖芒果冰 (1.9份),627.0,5.7,133.0,11.4,甜點
低糖豆花加花生 (2.0份),640.0,20.0,90.0,22.0,甜點
低糖紅豆湯 (0.6份),156.0,4.8,27.6,3.0,甜點
低糖綠豆湯 (0.7份),168.0,4.9,30.8,2.8,甜點
低糖仙草茶 (0.8份),80.0,0.0,20.0,0.0,甜點
低糖燒仙草 (0.9份),207.0,4.5,36.0,5.4,甜點
低糖薯條 (1.0份),312.0,3.4,41.0,15.0,速食
低糖炸雞腿 (1.1份),352.0,24.2,13.2,23.1,速食
低糖炸雞翅 (1.2份),348.0,24.0,12.0,22.8,速食
低糖起司漢堡 (1.3份),676.0,35.1,54.6,36.4,速食
低糖雙層牛肉堡 (1.4份),938.0,49.0,67.2,51.8,速食
低糖雞塊 (1.5份),435.0,24.0,24.0,27.0,速食
低糖熱狗堡 (1.6份),624.0,24.0,57.6,33.6,速食
低糖雞肉捲 (1.7份),816.0,42.5,78.2,35.7,速食
低糖墨西哥捲餅 (1.8份),936.0,41.4,100.8,39.6,異國
低糖塔可 (1.9份),399.0,19.0,34.2,20.9,異國
低糖凱薩沙拉 (2.0份),720.0,36.0,28.0,54.0,西式
低糖烤雞沙拉 (0.6份),192.0,19.2,9.0,9.0,西式
低糖牛排 (0.7份),315.0,31.5,0.0,19.6,西式
低糖雞排 (0.8份),264.0,25.6,9.6,14.4,西式
低糖焗烤飯 (0.9份),612.0,21.6,63.0,28.8,西式
低糖焗烤義大利麵 (1.0份),720.0,25.0,72.0,34.0,西式
低糖番茄義大利麵 (1.1份),528.0,16.5,83.6,13.2,西式
低糖奶油義大利麵 (1.2份),780.0,21.6,84.0,36.0,西式
低糖青醬義大利麵 (1.3份),806.0,23.4,88.4,36.4,西式
低糖白醬燉飯 (1.4份),952.0,23.8,105.0,43.4,西式
低糖番茄燉飯 (1.5份),780.0,22.5,114.0,22.5,西式
低糖韓式拌飯 (1.6份),992.0,35.2,134.4,35.2,韓式
低糖韓式炸雞 (1.7份),1105.0,51.0,76.5,64.6,韓式
低糖韓式泡菜 (1.8份),54.0,3.6,9.0,0.9,韓式
低糖韓式部隊鍋 (1.9份),1425.0,53.2,123.5,76.0,韓式
低糖韓式烤肉 (2.0份),1100.0,70.0,20.0,80.0,韓式
低糖韓式冷麵 (0.6份),270.0,8.4,46.8,4.8,韓式
低糖日式拉麵 (0.7份),420.0,17.5,52.5,14.0,日式
低糖豬排拉麵 (0.8份),624.0,28.0,62.4,28.8,日式
低糖牛肉烏龍麵 (0.9份),504.0,23.4,63.0,15.3,日式
低糖天婦羅 (1.0份),420.0,16.0,36.0,24.0,日式
低糖炸蝦天婦羅 (1.1份),341.0,16.5,22.0,22.0,日式
低糖大阪燒 (1.2份),600.0,21.6,60.0,30.0,日式
低糖章魚燒 (1.3份),468.0,18.2,57.2,18.2,日式
低糖番茄 (1.4份),25.2,1.3,5.6,0.3,蔬菜
低糖洋菇 (1.5份),33.0,4.7,4.9,0.4,蔬菜
低糖甜椒 (1.6份),49.6,1.6,9.6,0.5,蔬菜
低糖茄子 (1.7份),42.5,1.7,10.2,0.3,蔬菜
低糖絲瓜 (1.8份),36.0,2.2,7.2,0.4,蔬菜
低糖苦瓜 (1.9份),32.3,1.9,7.6,0.4,蔬菜
低糖冬瓜 (2.0份),26.0,0.8,6.0,0.4,蔬菜
低糖白蘿蔔 (0.6份),10.8,0.4,2.4,0.1,蔬菜
低糖秋葵 (0.7份),23.1,1.3,4.9,0.1,蔬菜
低糖竹筍 (0.8份),21.6,2.1,4.0,0.2,蔬菜
低糖豆芽菜 (0.9份),27.0,2.7,5.4,0.2,蔬菜
低糖海帶芽 (1.0份),45.0,3.0,9.0,0.6,蔬菜
少油白吐司 (1.1份),291.5,9.9,53.9,3.5,早餐/主食
少油全麥吐司 (1.2份),296.4,15.6,49.2,5.0,早餐/主食
少油可頌 (1.3份),527.8,10.4,58.5,27.3,早餐/烘焙
少油火腿起司蛋吐司 (1.4份),602.0,30.8,53.2,30.8,早餐
少油鮪魚蛋吐司 (1.5份),615.0,36.0,54.0,30.0,早餐
少油培根蛋吐司 (1.6份),736.0,32.0,56.0,43.2,早餐
少油總匯三明治 (1.7份),884.0,40.8,74.8,45.9,早餐
少油鮪魚三明治 (1.8份),702.0,39.6,75.6,28.8,早餐
少油雞肉三明治 (1.9份),684.0,47.5,72.2,24.7,早餐
少油火腿三明治 (2.0份),700.0,36.0,80.0,28.0,早餐
少油起司蛋餅 (0.6份),234.0,9.6,21.6,12.6,早餐
少油培根蛋餅 (0.7份),301.0,12.6,25.2,17.5,早餐
少油玉米蛋餅 (0.8份),288.0,10.4,34.4,12.8,早餐
少油鮪魚蛋餅 (0.9份),369.0,18.0,33.3,19.8,早餐
少油蘿蔔糕加蛋 (1.0份),300.0,10.0,34.0,14.0,早餐
少油法國吐司 (1.1份),352.0,12.1,46.2,13.2,早餐
少油美式早餐盤 (1.2份),780.0,33.6,54.0,46.8,早餐
少油燕麥粥 (1.3份),286.0,10.4,46.8,7.8,早餐
少油水果燕麥優格 (1.4份),392.0,16.8,60.2,9.8,早餐
少油優格 (1.5份),180.0,10.5,21.0,6.0,乳品
少油希臘優格 (1.6份),224.0,19.2,12.8,9.6,乳品
少油低脂鮮奶 (1.7份),178.5,13.6,20.4,5.1,乳品
少油全脂鮮奶 (1.8份),270.0,14.4,21.6,14.4,乳品
少油無糖優格 (1.9份),180.5,17.1,11.4,7.6,乳品
少油豆漿 (2.0份),340.0,24.0,20.0,14.0,飲品
少油黑豆漿 (0.6份),108.0,7.8,6.0,4.2,飲品
少油燕麥奶 (0.7份),84.0,2.1,11.2,3.5,飲品
少油杏仁奶 (0.8份),32.0,0.8,1.6,2.4,飲品
少油綠豆漿 (0.9份),171.0,9.9,22.5,4.5,飲品
少油紅茶 (1.0份),5.0,0.0,1.0,0.0,飲品
少油綠茶 (1.1份),2.2,0.0,0.0,0.0,飲品
少油烏龍茶 (1.2份),2.4,0.0,0.0,0.0,飲品
少油無糖綠茶 (1.3份),2.6,0.0,0.0,0.0,飲品
少油檸檬紅茶 (1.4份),140.0,0.0,35.0,0.0,飲品
少油可樂 (1.5份),210.0,0.0,58.5,0.0,飲品
少油汽水 (1.6份),224.0,0.0,62.4,0.0,飲品
少油運動飲料 (1.7份),204.0,0.0,51.0,0.0,飲品
少油無糖氣泡水 (1.8份),0.0,0.0,0.0,0.0,飲品
少油巧克力牛奶 (1.9份),361.0,13.3,57.0,9.5,飲品
少油香蕉牛奶 (2.0份),420.0,14.0,68.0,10.0,飲品
少油抹茶拿鐵 (0.6份),132.0,4.2,16.2,5.4,飲品
少油摩卡 (0.7份),182.0,5.6,22.4,7.7,飲品
少油卡布奇諾 (0.8份),96.0,4.8,8.0,4.8,飲品
少油焦糖瑪奇朵 (0.9份),225.0,6.3,30.6,9.0,飲品
少油可可 (1.0份),210.0,7.0,30.0,7.0,飲品
少油水果茶 (1.1份),176.0,0.0,41.8,0.0,飲品
少油奶茶 (1.2份),264.0,6.0,38.4,9.6,飲品
少油冬瓜茶 (1.3份),195.0,0.0,48.1,0.0,飲品
少油檸檬汁 (1.4份),84.0,0.0,21.0,0.0,飲品
少油白飯 (1.5份),420.0,8.1,91.5,0.9,主食
少油紫米飯 (1.6份),432.0,9.6,92.8,1.9,主食
少油五穀飯 (1.7份),433.5,10.2,90.1,3.4,主食
少油藜麥飯 (1.8份),450.0,14.4,82.8,7.2,主食
少油燕麥飯 (1.9份),465.5,11.4,85.5,6.6,主食
少油玉米 (2.0份),240.0,8.0,54.0,4.0,主食
少油南瓜 (0.6份),42.0,1.2,9.6,0.1,蔬菜
少油馬鈴薯 (0.7份),91.0,2.1,21.0,0.1,主食
少油山藥 (0.8份),96.0,2.4,21.6,0.2,主食
少油芋頭 (0.9份),117.0,1.8,27.0,0.2,主食
少油冬粉 (1.0份),170.0,0.0,42.0,0.0,主食
少油烏龍麵 (1.1份),297.0,9.9,61.6,1.1,麵食
少油拉麵 (1.2份),516.0,18.0,78.0,14.4,麵食
少油蕎麥麵 (1.3份),390.0,16.9,72.8,2.6,麵食
少油米粉 (1.4份),490.0,8.4,112.0,1.4,麵食
少油意麵 (1.5份),570.0,16.5,99.0,13.5,麵食
少油炒飯 (1.6份),992.0,27.2,131.2,35.2,主餐
少油蛋炒飯 (1.7份),986.0,30.6,132.6,34.0,主餐
少油肉絲炒飯 (1.8份),1170.0,43.2,144.0,45.0,主餐
少油蝦仁炒飯 (1.9份),1178.0,47.5,148.2,41.8,主餐
少油炒麵 (2.0份),1100.0,34.0,136.0,46.0,主餐
少油炒烏龍 (0.6份),336.0,10.8,43.2,13.2,主餐
少油鍋燒意麵 (0.7份),364.0,16.8,45.5,11.9,主餐
少油雞肉飯 (0.8份),416.0,21.6,52.8,13.6,主餐
少油魚排飯 (0.9份),585.0,28.8,70.2,20.7,主餐
少油牛丼 (1.0份),720.0,31.0,86.0,27.0,日式
少油親子丼 (1.1份),748.0,34.1,85.8,26.4,日式
少油豬排丼 (1.2份),936.0,40.8,98.4,40.8,日式
少油咖哩飯 (1.3份),910.0,26.0,114.4,35.1,日式
少油日式豬排飯 (1.4份),1064.0,49.0,119.0,43.4,日式
少油壽司 (1.5份),450.0,15.0,81.0,7.5,日式
少油鮭魚壽司 (1.6份),528.0,24.0,80.0,12.8,日式
少油鮪魚壽司 (1.7份),527.0,27.2,85.0,10.2,日式
少油蝦壽司 (1.8份),522.0,23.4,93.6,7.2,日式
少油玉子燒 (1.9份),342.0,19.0,19.0,19.0,日式
少油味噌湯 (2.0份),110.0,8.0,10.0,4.0,湯品
少油茶碗蒸 (0.6份),66.0,5.4,2.4,3.6,日式
少油烤鯖魚 (0.7份),196.0,17.5,0.0,14.0,海鮮
少油烤鮭魚 (0.8份),192.0,20.0,0.0,12.0,海鮮
少油烤鯛魚 (0.9份),162.0,24.3,0.0,6.3,海鮮
少油清蒸鱈魚 (1.0份),150.0,27.0,0.0,4.0,海鮮
少油蝦仁 (1.1份),110.0,26.4,1.1,0.3,海鮮
少油透抽 (1.2份),132.0,21.6,3.6,2.4,海鮮
少油蛤蜊 (1.3份),104.0,16.9,5.2,2.0,海鮮
少油蚵仔 (1.4份),119.0,12.6,7.0,4.2,海鮮
少油鮪魚 (1.5份),195.0,43.5,0.0,1.5,海鮮
少油鯛魚 (1.6份),208.0,41.6,0.0,4.8,海鮮
少油鯖魚 (1.7份),357.0,34.0,0.0,23.8,海鮮
少油鯷魚 (1.8份),234.0,52.2,0.0,9.0,海鮮
少油雞胸肉 (1.9份),313.5,58.9,0.0,6.8,蛋白質
少油雞腿肉 (2.0份),440.0,50.0,0.0,26.0,蛋白質
少油雞翅 (0.6份),138.0,14.4,0.0,9.0,蛋白質
少油雞里肌 (0.7份),105.0,21.0,0.0,2.1,蛋白質
少油豬里肌 (0.8份),168.0,21.6,0.0,8.0,蛋白質
少油豬梅花 (0.9份),225.0,19.8,0.0,16.2,蛋白質
少油豬五花 (1.0份),390.0,14.0,0.0,37.0,蛋白質
少油牛里肌 (1.1份),231.0,30.8,0.0,11.0,蛋白質
少油牛腱 (1.2份),204.0,33.6,0.0,7.2,蛋白質
少油牛五花 (1.3份),429.0,23.4,0.0,36.4,蛋白質
少油羊肉 (1.4份),350.0,35.0,0.0,22.4,蛋白質
少油培根 (1.5份),810.0,55.5,1.5,63.0,加工肉
少油火腿 (1.6份),232.0,33.6,3.2,9.6,加工肉
少油香腸 (1.7份),544.0,20.4,8.5,47.6,加工肉
少油德國香腸 (1.8份),540.0,23.4,7.2,46.8,加工肉
少油熱狗 (1.9份),551.0,20.9,7.6,47.5,加工肉
少油雞肉香腸 (2.0份),440.0,32.0,8.0,30.0,加工肉
少油板豆腐 (0.6份),51.0,5.4,1.2,3.0,豆製品
少油嫩豆腐 (0.7份),38.5,3.5,1.4,2.1,豆製品
少油豆干 (0.8份),128.0,16.0,6.4,5.6,豆製品
少油毛豆 (0.9份),126.0,10.8,9.0,5.4,豆製品
少油黑豆 (1.0份),150.0,10.0,27.0,1.0,豆製品
少油鷹嘴豆 (1.1份),181.5,9.9,29.7,3.3,豆製品
少油紅豆 (1.2份),150.0,9.6,26.4,0.6,豆類
少油高麗菜 (1.3份),32.5,1.7,7.8,0.1,蔬菜
少油菠菜 (1.4份),32.2,4.1,5.0,0.6,蔬菜
少油青江菜 (1.5份),19.5,2.2,3.0,0.3,蔬菜
少油花椰菜 (1.6份),54.4,4.5,11.2,0.6,蔬菜
少油白花椰菜 (1.7份),42.5,3.4,8.5,0.5,蔬菜
少油空心菜 (1.8份),36.0,3.6,5.4,0.5,蔬菜
少油地瓜葉 (1.9份),57.0,5.7,9.5,0.6,蔬菜
少油A菜 (2.0份),34.0,3.0,6.0,0.4,蔬菜
少油大陸妹 (0.6份),10.8,0.9,1.8,0.1,蔬菜
少油番茄 (0.7份),12.6,0.6,2.8,0.1,蔬菜
少油小黃瓜 (0.8份),12.0,0.6,2.9,0.1,蔬菜
少油紅蘿蔔 (0.9份),36.9,0.8,9.0,0.2,蔬菜
少油洋蔥 (1.0份),40.0,1.1,9.0,0.1,蔬菜
少油玉米筍 (1.1份),28.6,2.8,5.5,0.2,蔬菜
少油香菇 (1.2份),40.8,3.7,8.4,0.6,蔬菜
少油金針菇 (1.3份),48.1,3.5,9.1,0.4,蔬菜
少油杏鮑菇 (1.4份),49.0,3.5,9.8,0.4,蔬菜
少油木耳 (1.5份),37.5,2.2,9.0,0.3,蔬菜
少油海帶 (1.6份),68.8,2.7,16.0,1.0,蔬菜
少油草莓 (1.7份),54.4,1.2,13.6,0.5,水果
少油藍莓 (1.8份),102.6,1.3,25.2,0.5,水果
少油葡萄 (1.9份),131.1,1.3,34.2,0.4,水果
少油橘子 (2.0份),94.0,1.8,24.0,0.2,水果
少油柳橙 (0.6份),28.2,0.5,7.2,0.1,水果
少油西瓜 (0.7份),21.0,0.4,5.6,0.1,水果
少油鳳梨 (0.8份),40.0,0.4,10.4,0.1,水果
少油芒果 (0.9份),54.0,0.7,13.5,0.4,水果
少油水梨 (1.0份),42.0,0.4,11.0,0.1,水果
少油桃子 (1.1份),42.9,1.0,11.0,0.3,水果
少油火龍果 (1.2份),60.0,1.3,14.4,0.5,水果
少油百香果 (1.3份),126.1,2.9,29.9,0.9,水果
少油酪梨 (1.4份),224.0,2.8,12.6,21.0,水果
少油椰子 (1.5份),531.0,4.9,22.5,49.5,水果
少油柿子 (1.6份),112.0,1.0,30.4,0.3,水果
少油杏仁 (1.7份),984.3,35.7,37.4,83.3,堅果
少油核桃 (1.8份),1177.2,27.0,25.2,117.0,堅果
少油腰果 (1.9份),1050.7,34.2,57.0,83.6,堅果
少油花生 (2.0份),1134.0,52.0,32.0,98.0,堅果
少油開心果 (0.6份),337.2,12.0,16.8,27.0,堅果
少油南瓜子 (0.7份),391.3,21.0,7.7,34.3,堅果
少油葵瓜子 (0.8份),467.2,16.8,16.0,40.8,堅果
少油洋芋片 (0.9份),482.4,6.3,47.7,31.5,零食
少油玉米脆片 (1.0份),500.0,7.0,55.0,28.0,零食
少油爆米花 (1.1份),425.7,14.3,85.8,5.0,零食
少油蘇打餅乾 (1.2份),516.0,10.8,84.0,15.6,零食
少油巧克力餅乾 (1.3份),624.0,7.8,87.1,27.3,零食
少油燕麥餅乾 (1.4份),630.0,9.8,95.2,23.8,零食
少油洋芋薯餅 (1.5份),390.0,4.5,42.0,22.5,零食
少油茶葉蛋 (1.6份),232.0,19.2,3.2,14.4,零食
少油滷蛋 (1.7份),255.0,20.4,3.4,17.0,零食
少油海苔 (1.8份),63.0,9.0,7.2,0.9,零食
少油黑巧克力 (1.9份),1140.0,15.2,87.4,81.7,甜點
少油牛奶巧克力 (2.0份),1070.0,16.0,118.0,60.0,甜點
少油布朗尼 (0.6份),246.0,3.0,30.0,13.2,甜點
少油乳酪蛋糕 (0.7份),224.0,4.2,18.9,14.7,甜點
少油提拉米蘇 (0.8份),280.0,4.8,24.8,18.4,甜點
少油蛋塔 (0.9份),252.0,5.4,25.2,15.3,甜點
少油奶油泡芙 (1.0份),250.0,5.0,23.0,16.0,甜點
少油可麗露 (1.1份),275.0,4.4,36.3,12.1,甜點
少油鬆餅 (1.2份),432.0,9.6,60.0,16.8,甜點
少油冰淇淋 (1.3份),273.0,5.2,31.2,14.3,甜點
少油芒果冰 (1.4份),462.0,4.2,98.0,8.4,甜點
少油豆花加花生 (1.5份),480.0,15.0,67.5,16.5,甜點
少油紅豆湯 (1.6份),416.0,12.8,73.6,8.0,甜點
少油綠豆湯 (1.7份),408.0,11.9,74.8,6.8,甜點
少油仙草茶 (1.8份),180.0,0.0,45.0,0.0,甜點
少油燒仙草 (1.9份),437.0,9.5,76.0,11.4,甜點
少油薯條 (2.0份),624.0,6.8,82.0,30.0,速食
少油炸雞腿 (0.6份),192.0,13.2,7.2,12.6,速食
少油炸雞翅 (0.7份),203.0,14.0,7.0,13.3,速食
少油起司漢堡 (0.8份),416.0,21.6,33.6,22.4,速食
少油雙層牛肉堡 (0.9份),603.0,31.5,43.2,33.3,速食
少油雞塊 (1.0份),290.0,16.0,16.0,18.0,速食
少油熱狗堡 (1.1份),429.0,16.5,39.6,23.1,速食
少油雞肉捲 (1.2份),576.0,30.0,55.2,25.2,速食
少油墨西哥捲餅 (1.3份),676.0,29.9,72.8,28.6,異國
少油塔可 (1.4份),294.0,14.0,25.2,15.4,異國
少油凱薩沙拉 (1.5份),540.0,27.0,21.0,40.5,西式
少油烤雞沙拉 (1.6份),512.0,51.2,24.0,24.0,西式
少油牛排 (1.7份),765.0,76.5,0.0,47.6,西式
少油雞排 (1.8份),594.0,57.6,21.6,32.4,西式
少油焗烤飯 (1.9份),1292.0,45.6,133.0,60.8,西式
少油焗烤義大利麵 (2.0份),1440.0,50.0,144.0,68.0,西式
少油番茄義大利麵 (0.6份),288.0,9.0,45.6,7.2,西式
少油奶油義大利麵 (0.7份),455.0,12.6,49.0,21.0,西式
少油青醬義大利麵 (0.8份),496.0,14.4,54.4,22.4,西式
少油白醬燉飯 (0.9份),612.0,15.3,67.5,27.9,西式
少油番茄燉飯 (1.0份),520.0,15.0,76.0,15.0,西式
少油韓式拌飯 (1.1份),682.0,24.2,92.4,24.2,韓式
少油韓式炸雞 (1.2份),780.0,36.0,54.0,45.6,韓式
少油韓式泡菜 (1.3份),39.0,2.6,6.5,0.7,韓式
少油韓式部隊鍋 (1.4份),1050.0,39.2,91.0,56.0,韓式
少油韓式烤肉 (1.5份),825.0,52.5,15.0,60.0,韓式
少油韓式冷麵 (1.6份),720.0,22.4,124.8,12.8,韓式
少油日式拉麵 (1.7份),1020.0,42.5,127.5,34.0,日式
少油豬排拉麵 (1.8份),1404.0,63.0,140.4,64.8,日式
少油牛肉烏龍麵 (1.9份),1064.0,49.4,133.0,32.3,日式
少油天婦羅 (2.0份),840.0,32.0,72.0,48.0,日式
少油炸蝦天婦羅 (0.6份),186.0,9.0,12.0,12.0,日式
少油大阪燒 (0.7份),350.0,12.6,35.0,17.5,日式
少油章魚燒 (0.8份),288.0,11.2,35.2,11.2,日式
少油番茄 (0.9份),16.2,0.8,3.6,0.2,蔬菜
少油洋菇 (1.0份),22.0,3.1,3.3,0.3,蔬菜
少油甜椒 (1.1份),34.1,1.1,6.6,0.3,蔬菜
少油茄子 (1.2份),30.0,1.2,7.2,0.2,蔬菜
少油絲瓜 (1.3份),26.0,1.6,5.2,0.3,蔬菜
少油苦瓜 (1.4份),23.8,1.4,5.6,0.3,蔬菜
少油冬瓜 (1.5份),19.5,0.6,4.5,0.3,蔬菜
少油白蘿蔔 (1.6份),28.8,1.0,6.4,0.2,蔬菜
少油秋葵 (1.7份),56.1,3.2,11.9,0.3,蔬菜
少油竹筍 (1.8份),48.6,4.7,9.0,0.5,蔬菜
少油豆芽菜 (1.9份),57.0,5.7,11.4,0.4,蔬菜
少油海帶芽 (2.0份),90.0,6.0,18.0,1.2,蔬菜
少鹽白吐司 (0.6份),159.0,5.4,29.4,1.9,早餐/主食
少鹽全麥吐司 (0.7份),172.9,9.1,28.7,2.9,早餐/主食
少鹽可頌 (0.8份),324.8,6.4,36.0,16.8,早餐/烘焙
少鹽火腿起司蛋吐司 (0.9份),387.0,19.8,34.2,19.8,早餐
少鹽鮪魚蛋吐司 (1.0份),410.0,24.0,36.0,20.0,早餐
少鹽培根蛋吐司 (1.1份),506.0,22.0,38.5,29.7,早餐
少鹽總匯三明治 (1.2份),624.0,28.8,52.8,32.4,早餐
少鹽鮪魚三明治 (1.3份),507.0,28.6,54.6,20.8,早餐
少鹽雞肉三明治 (1.4份),504.0,35.0,53.2,18.2,早餐
少鹽火腿三明治 (1.5份),525.0,27.0,60.0,21.0,早餐
少鹽起司蛋餅 (1.6份),624.0,25.6,57.6,33.6,早餐
少鹽培根蛋餅 (1.7份),731.0,30.6,61.2,42.5,早餐
少鹽玉米蛋餅 (1.8份),648.0,23.4,77.4,28.8,早餐
少鹽鮪魚蛋餅 (1.9份),779.0,38.0,70.3,41.8,早餐
少鹽蘿蔔糕加蛋 (2.0份),600.0,20.0,68.0,28.0,早餐
少鹽法國吐司 (0.6份),192.0,6.6,25.2,7.2,早餐
少鹽美式早餐盤 (0.7份),455.0,19.6,31.5,27.3,早餐
少鹽燕麥粥 (0.8份),176.0,6.4,28.8,4.8,早餐
少鹽水果燕麥優格 (0.9份),252.0,10.8,38.7,6.3,早餐
少鹽優格 (1.0份),120.0,7.0,14.0,4.0,乳品
少鹽希臘優格 (1.1份),154.0,13.2,8.8,6.6,乳品
少鹽低脂鮮奶 (1.2份),126.0,9.6,14.4,3.6,乳品
少鹽全脂鮮奶 (1.3份),195.0,10.4,15.6,10.4,乳品
少鹽無糖優格 (1.4份),133.0,12.6,8.4,5.6,乳品
少鹽豆漿 (1.5份),255.0,18.0,15.0,10.5,飲品
少鹽黑豆漿 (1.6份),288.0,20.8,16.0,11.2,飲品
少鹽燕麥奶 (1.7份),204.0,5.1,27.2,8.5,飲品
少鹽杏仁奶 (1.8份),72.0,1.8,3.6,5.4,飲品
少鹽綠豆漿 (1.9份),361.0,20.9,47.5,9.5,飲品
少鹽紅茶 (2.0份),10.0,0.0,2.0,0.0,飲品
少鹽綠茶 (0.6份),1.2,0.0,0.0,0.0,飲品
少鹽烏龍茶 (0.7份),1.4,0.0,0.0,0.0,飲品
少鹽無糖綠茶 (0.8份),1.6,0.0,0.0,0.0,飲品
少鹽檸檬紅茶 (0.9份),90.0,0.0,22.5,0.0,飲品
少鹽可樂 (1.0份),140.0,0.0,39.0,0.0,飲品
少鹽汽水 (1.1份),154.0,0.0,42.9,0.0,飲品
少鹽運動飲料 (1.2份),144.0,0.0,36.0,0.0,飲品
少鹽無糖氣泡水 (1.3份),0.0,0.0,0.0,0.0,飲品
少鹽巧克力牛奶 (1.4份),266.0,9.8,42.0,7.0,飲品
少鹽香蕉牛奶 (1.5份),315.0,10.5,51.0,7.5,飲品
少鹽抹茶拿鐵 (1.6份),352.0,11.2,43.2,14.4,飲品
少鹽摩卡 (1.7份),442.0,13.6,54.4,18.7,飲品
少鹽卡布奇諾 (1.8份),216.0,10.8,18.0,10.8,飲品
少鹽焦糖瑪奇朵 (1.9份),475.0,13.3,64.6,19.0,飲品
少鹽可可 (2.0份),420.0,14.0,60.0,14.0,飲品
少鹽水果茶 (0.6份),96.0,0.0,22.8,0.0,飲品
少鹽奶茶 (0.7份),154.0,3.5,22.4,5.6,飲品
少鹽冬瓜茶 (0.8份),120.0,0.0,29.6,0.0,飲品
少鹽檸檬汁 (0.9份),54.0,0.0,13.5,0.0,飲品
少鹽白飯 (1.0份),280.0,5.4,61.0,0.6,主食
少鹽紫米飯 (1.1份),297.0,6.6,63.8,1.3,主食
少鹽五穀飯 (1.2份),306.0,7.2,63.6,2.4,主食
少鹽藜麥飯 (1.3份),325.0,10.4,59.8,5.2,主食
少鹽燕麥飯 (1.4份),343.0,8.4,63.0,4.9,主食
少鹽玉米 (1.5份),180.0,6.0,40.5,3.0,主食
少鹽南瓜 (1.6份),112.0,3.2,25.6,0.3,蔬菜
少鹽馬鈴薯 (1.7份),221.0,5.1,51.0,0.3,主食
少鹽山藥 (1.8份),216.0,5.4,48.6,0.4,主食
少鹽芋頭 (1.9份),247.0,3.8,57.0,0.4,主食
少鹽冬粉 (2.0份),340.0,0.0,84.0,0.0,主食
少鹽烏龍麵 (0.6份),162.0,5.4,33.6,0.6,麵食
少鹽拉麵 (0.7份),301.0,10.5,45.5,8.4,麵食
少鹽蕎麥麵 (0.8份),240.0,10.4,44.8,1.6,麵食
少鹽米粉 (0.9份),315.0,5.4,72.0,0.9,麵食
少鹽意麵 (1.0份),380.0,11.0,66.0,9.0,麵食
少鹽炒飯 (1.1份),682.0,18.7,90.2,24.2,主餐
少鹽蛋炒飯 (1.2份),696.0,21.6,93.6,24.0,主餐
少鹽肉絲炒飯 (1.3份),845.0,31.2,104.0,32.5,主餐
少鹽蝦仁炒飯 (1.4份),868.0,35.0,109.2,30.8,主餐
少鹽炒麵 (1.5份),825.0,25.5,102.0,34.5,主餐
少鹽炒烏龍 (1.6份),896.0,28.8,115.2,35.2,主餐
少鹽鍋燒意麵 (1.7份),884.0,40.8,110.5,28.9,主餐
少鹽雞肉飯 (1.8份),936.0,48.6,118.8,30.6,主餐
少鹽魚排飯 (1.9份),1235.0,60.8,148.2,43.7,主餐
少鹽牛丼 (2.0份),1440.0,62.0,172.0,54.0,日式
少鹽親子丼 (0.6份),408.0,18.6,46.8,14.4,日式
少鹽豬排丼 (0.7份),546.0,23.8,57.4,23.8,日式
少鹽咖哩飯 (0.8份),560.0,16.0,70.4,21.6,日式
少鹽日式豬排飯 (0.9份),684.0,31.5,76.5,27.9,日式
少鹽壽司 (1.0份),300.0,10.0,54.0,5.0,日式
少鹽鮭魚壽司 (1.1份),363.0,16.5,55.0,8.8,日式
少鹽鮪魚壽司 (1.2份),372.0,19.2,60.0,7.2,日式
少鹽蝦壽司 (1.3份),377.0,16.9,67.6,5.2,日式
少鹽玉子燒 (1.4份),252.0,14.0,14.0,14.0,日式
少鹽味噌湯 (1.5份),82.5,6.0,7.5,3.0,湯品
少鹽茶碗蒸 (1.6份),176.0,14.4,6.4,9.6,日式
少鹽烤鯖魚 (1.7份),476.0,42.5,0.0,34.0,海鮮
少鹽烤鮭魚 (1.8份),432.0,45.0,0.0,27.0,海鮮
少鹽烤鯛魚 (1.9份),342.0,51.3,0.0,13.3,海鮮
少鹽清蒸鱈魚 (2.0份),300.0,54.0,0.0,8.0,海鮮
少鹽蝦仁 (0.6份),60.0,14.4,0.6,0.2,海鮮
少鹽透抽 (0.7份),77.0,12.6,2.1,1.4,海鮮
少鹽蛤蜊 (0.8份),64.0,10.4,3.2,1.2,海鮮
少鹽蚵仔 (0.9份),76.5,8.1,4.5,2.7,海鮮
少鹽鮪魚 (1.0份),130.0,29.0,0.0,1.0,海鮮
少鹽鯛魚 (1.1份),143.0,28.6,0.0,3.3,海鮮
少鹽鯖魚 (1.2份),252.0,24.0,0.0,16.8,海鮮
少鹽鯷魚 (1.3份),169.0,37.7,0.0,6.5,海鮮
少鹽雞胸肉 (1.4份),231.0,43.4,0.0,5.0,蛋白質
少鹽雞腿肉 (1.5份),330.0,37.5,0.0,19.5,蛋白質
少鹽雞翅 (1.6份),368.0,38.4,0.0,24.0,蛋白質
少鹽雞里肌 (1.7份),255.0,51.0,0.0,5.1,蛋白質
少鹽豬里肌 (1.8份),378.0,48.6,0.0,18.0,蛋白質
少鹽豬梅花 (1.9份),475.0,41.8,0.0,34.2,蛋白質
少鹽豬五花 (2.0份),780.0,28.0,0.0,74.0,蛋白質
少鹽牛里肌 (0.6份),126.0,16.8,0.0,6.0,蛋白質
少鹽牛腱 (0.7份),119.0,19.6,0.0,4.2,蛋白質
少鹽牛五花 (0.8份),264.0,14.4,0.0,22.4,蛋白質
少鹽羊肉 (0.9份),225.0,22.5,0.0,14.4,蛋白質
少鹽培根 (1.0份),540.0,37.0,1.0,42.0,加工肉
少鹽火腿 (1.1份),159.5,23.1,2.2,6.6,加工肉
少鹽香腸 (1.2份),384.0,14.4,6.0,33.6,加工肉
少鹽德國香腸 (1.3份),390.0,16.9,5.2,33.8,加工肉
少鹽熱狗 (1.4份),406.0,15.4,5.6,35.0,加工肉
少鹽雞肉香腸 (1.5份),330.0,24.0,6.0,22.5,加工肉
少鹽板豆腐 (1.6份),136.0,14.4,3.2,8.0,豆製品
少鹽嫩豆腐 (1.7份),93.5,8.5,3.4,5.1,豆製品
少鹽豆干 (1.8份),288.0,36.0,14.4,12.6,豆製品
少鹽毛豆 (1.9份),266.0,22.8,19.0,11.4,豆製品
少鹽黑豆 (2.0份),300.0,20.0,54.0,2.0,豆製品
少鹽鷹嘴豆 (0.6份),99.0,5.4,16.2,1.8,豆製品
少鹽紅豆 (0.7份),87.5,5.6,15.4,0.3,豆類
少鹽高麗菜 (0.8份),20.0,1.0,4.8,0.1,蔬菜
少鹽菠菜 (0.9份),20.7,2.6,3.2,0.4,蔬菜
少鹽青江菜 (1.0份),13.0,1.5,2.0,0.2,蔬菜
少鹽花椰菜 (1.1份),37.4,3.1,7.7,0.4,蔬菜
少鹽白花椰菜 (1.2份),30.0,2.4,6.0,0.4,蔬菜
少鹽空心菜 (1.3份),26.0,2.6,3.9,0.4,蔬菜
少鹽地瓜葉 (1.4份),42.0,4.2,7.0,0.4,蔬菜
少鹽A菜 (1.5份),25.5,2.2,4.5,0.3,蔬菜
少鹽大陸妹 (1.6份),28.8,2.4,4.8,0.3,蔬菜
少鹽番茄 (1.7份),30.6,1.5,6.8,0.3,蔬菜
少鹽小黃瓜 (1.8份),27.0,1.3,6.5,0.2,蔬菜
少鹽紅蘿蔔 (1.9份),77.9,1.7,19.0,0.4,蔬菜
少鹽洋蔥 (2.0份),80.0,2.2,18.0,0.2,蔬菜
少鹽玉米筍 (0.6份),15.6,1.5,3.0,0.1,蔬菜
少鹽香菇 (0.7份),23.8,2.2,4.9,0.3,蔬菜
少鹽金針菇 (0.8份),29.6,2.2,5.6,0.2,蔬菜
少鹽杏鮑菇 (0.9份),31.5,2.2,6.3,0.3,蔬菜
少鹽木耳 (1.0份),25.0,1.5,6.0,0.2,蔬菜
少鹽海帶 (1.1份),47.3,1.9,11.0,0.7,蔬菜
少鹽草莓 (1.2份),38.4,0.8,9.6,0.4,水果
少鹽藍莓 (1.3份),74.1,0.9,18.2,0.4,水果
少鹽葡萄 (1.4份),96.6,1.0,25.2,0.3,水果
少鹽橘子 (1.5份),70.5,1.4,18.0,0.2,水果
少鹽柳橙 (1.6份),75.2,1.4,19.2,0.2,水果
少鹽西瓜 (1.7份),51.0,1.0,13.6,0.3,水果
少鹽鳳梨 (1.8份),90.0,0.9,23.4,0.2,水果
少鹽芒果 (1.9份),114.0,1.5,28.5,0.8,水果
少鹽水梨 (2.0份),84.0,0.8,22.0,0.2,水果
少鹽桃子 (0.6份),23.4,0.5,6.0,0.2,水果
少鹽火龍果 (0.7份),35.0,0.8,8.4,0.3,水果
少鹽百香果 (0.8份),77.6,1.8,18.4,0.6,水果
少鹽酪梨 (0.9份),144.0,1.8,8.1,13.5,水果
少鹽椰子 (1.0份),354.0,3.3,15.0,33.0,水果
少鹽柿子 (1.1份),77.0,0.7,20.9,0.2,水果
少鹽杏仁 (1.2份),694.8,25.2,26.4,58.8,堅果
少鹽核桃 (1.3份),850.2,19.5,18.2,84.5,堅果
少鹽腰果 (1.4份),774.2,25.2,42.0,61.6,堅果
少鹽花生 (1.5份),850.5,39.0,24.0,73.5,堅果
少鹽開心果 (1.6份),899.2,32.0,44.8,72.0,堅果
少鹽南瓜子 (1.7份),950.3,51.0,18.7,83.3,堅果
少鹽葵瓜子 (1.8份),1051.2,37.8,36.0,91.8,堅果
少鹽洋芋片 (1.9份),1018.4,13.3,100.7,66.5,零食
少鹽玉米脆片 (2.0份),1000.0,14.0,110.0,56.0,零食
少鹽爆米花 (0.6份),232.2,7.8,46.8,2.7,零食
少鹽蘇打餅乾 (0.7份),301.0,6.3,49.0,9.1,零食
少鹽巧克力餅乾 (0.8份),384.0,4.8,53.6,16.8,零食
少鹽燕麥餅乾 (0.9份),405.0,6.3,61.2,15.3,零食
少鹽洋芋薯餅 (1.0份),260.0,3.0,28.0,15.0,零食
少鹽茶葉蛋 (1.1份),159.5,13.2,2.2,9.9,零食
少鹽滷蛋 (1.2份),180.0,14.4,2.4,12.0,零食
少鹽海苔 (1.3份),45.5,6.5,5.2,0.7,零食
少鹽黑巧克力 (1.4份),840.0,11.2,64.4,60.2,甜點
少鹽牛奶巧克力 (1.5份),802.5,12.0,88.5,45.0,甜點
少鹽布朗尼 (1.6份),656.0,8.0,80.0,35.2,甜點
少鹽乳酪蛋糕 (1.7份),544.0,10.2,45.9,35.7,甜點
少鹽提拉米蘇 (1.8份),630.0,10.8,55.8,41.4,甜點
少鹽蛋塔 (1.9份),532.0,11.4,53.2,32.3,甜點
少鹽奶油泡芙 (2.0份),500.0,10.0,46.0,32.0,甜點
少鹽可麗露 (0.6份),150.0,2.4,19.8,6.6,甜點
少鹽鬆餅 (0.7份),252.0,5.6,35.0,9.8,甜點
少鹽冰淇淋 (0.8份),168.0,3.2,19.2,8.8,甜點
少鹽芒果冰 (0.9份),297.0,2.7,63.0,5.4,甜點
少鹽豆花加花生 (1.0份),320.0,10.0,45.0,11.0,甜點
少鹽紅豆湯 (1.1份),286.0,8.8,50.6,5.5,甜點
少鹽綠豆湯 (1.2份),288.0,8.4,52.8,4.8,甜點
少鹽仙草茶 (1.3份),130.0,0.0,32.5,0.0,甜點
少鹽燒仙草 (1.4份),322.0,7.0,56.0,8.4,甜點
少鹽薯條 (1.5份),468.0,5.1,61.5,22.5,速食
少鹽炸雞腿 (1.6份),512.0,35.2,19.2,33.6,速食
少鹽炸雞翅 (1.7份),493.0,34.0,17.0,32.3,速食
少鹽起司漢堡 (1.8份),936.0,48.6,75.6,50.4,速食
少鹽雙層牛肉堡 (1.9份),1273.0,66.5,91.2,70.3,速食
少鹽雞塊 (2.0份),580.0,32.0,32.0,36.0,速食
少鹽熱狗堡 (0.6份),234.0,9.0,21.6,12.6,速食
少鹽雞肉捲 (0.7份),336.0,17.5,32.2,14.7,速食
少鹽墨西哥捲餅 (0.8份),416.0,18.4,44.8,17.6,異國
少鹽塔可 (0.9份),189.0,9.0,16.2,9.9,異國
少鹽凱薩沙拉 (1.0份),360.0,18.0,14.0,27.0,西式
少鹽烤雞沙拉 (1.1份),352.0,35.2,16.5,16.5,西式
少鹽牛排 (1.2份),540.0,54.0,0.0,33.6,西式
少鹽雞排 (1.3份),429.0,41.6,15.6,23.4,西式
少鹽焗烤飯 (1.4份),952.0,33.6,98.0,44.8,西式
少鹽焗烤義大利麵 (1.5份),1080.0,37.5,108.0,51.0,西式
少鹽番茄義大利麵 (1.6份),768.0,24.0,121.6,19.2,西式
少鹽奶油義大利麵 (1.7份),1105.0,30.6,119.0,51.0,西式
少鹽青醬義大利麵 (1.8份),1116.0,32.4,122.4,50.4,西式
少鹽白醬燉飯 (1.9份),1292.0,32.3,142.5,58.9,西式
少鹽番茄燉飯 (2.0份),1040.0,30.0,152.0,30.0,西式
少鹽韓式拌飯 (0.6份),372.0,13.2,50.4,13.2,韓式
少鹽韓式炸雞 (0.7份),455.0,21.0,31.5,26.6,韓式
少鹽韓式泡菜 (0.8份),24.0,1.6,4.0,0.4,韓式
少鹽韓式部隊鍋 (0.9份),675.0,25.2,58.5,36.0,韓式
少鹽韓式烤肉 (1.0份),550.0,35.0,10.0,40.0,韓式
少鹽韓式冷麵 (1.1份),495.0,15.4,85.8,8.8,韓式
少鹽日式拉麵 (1.2份),720.0,30.0,90.0,24.0,日式
少鹽豬排拉麵 (1.3份),1014.0,45.5,101.4,46.8,日式
少鹽牛肉烏龍麵 (1.4份),784.0,36.4,98.0,23.8,日式
少鹽天婦羅 (1.5份),630.0,24.0,54.0,36.0,日式
少鹽炸蝦天婦羅 (1.6份),496.0,24.0,32.0,32.0,日式
少鹽大阪燒 (1.7份),850.0,30.6,85.0,42.5,日式
少鹽章魚燒 (1.8份),648.0,25.2,79.2,25.2,日式
少鹽番茄 (1.9份),34.2,1.7,7.6,0.4,蔬菜
少鹽洋菇 (2.0份),44.0,6.2,6.6,0.6,蔬菜
少鹽甜椒 (0.6份),18.6,0.6,3.6,0.2,蔬菜
少鹽茄子 (0.7份),17.5,0.7,4.2,0.1,蔬菜
少鹽絲瓜 (0.8份),16.0,1.0,3.2,0.2,蔬菜
少鹽苦瓜 (0.9份),15.3,0.9,3.6,0.2,蔬菜
少鹽冬瓜 (1.0份),13.0,0.4,3.0,0.2,蔬菜
少鹽白蘿蔔 (1.1份),19.8,0.7,4.4,0.1,蔬菜
少鹽秋葵 (1.2份),39.6,2.3,8.4,0.2,蔬菜
少鹽竹筍 (1.3份),35.1,3.4,6.5,0.4,蔬菜
少鹽豆芽菜 (1.4份),42.0,4.2,8.4,0.3,蔬菜
少鹽海帶芽 (1.5份),67.5,4.5,13.5,0.9,蔬菜
標準白吐司 (1.6份),424.0,14.4,78.4,5.1,早餐/主食
標準全麥吐司 (1.7份),419.9,22.1,69.7,7.1,早餐/主食
標準可頌 (1.8份),730.8,14.4,81.0,37.8,早餐/烘焙
標準火腿起司蛋吐司 (1.9份),817.0,41.8,72.2,41.8,早餐
標準鮪魚蛋吐司 (2.0份),820.0,48.0,72.0,40.0,早餐
標準培根蛋吐司 (0.6份),276.0,12.0,21.0,16.2,早餐
標準總匯三明治 (0.7份),364.0,16.8,30.8,18.9,早餐
標準鮪魚三明治 (0.8份),312.0,17.6,33.6,12.8,早餐
標準雞肉三明治 (0.9份),324.0,22.5,34.2,11.7,早餐
標準火腿三明治 (1.0份),350.0,18.0,40.0,14.0,早餐
標準起司蛋餅 (1.1份),429.0,17.6,39.6,23.1,早餐
標準培根蛋餅 (1.2份),516.0,21.6,43.2,30.0,早餐
標準玉米蛋餅 (1.3份),468.0,16.9,55.9,20.8,早餐
標準鮪魚蛋餅 (1.4份),574.0,28.0,51.8,30.8,早餐
標準蘿蔔糕加蛋 (1.5份),450.0,15.0,51.0,21.0,早餐
標準法國吐司 (1.6份),512.0,17.6,67.2,19.2,早餐
標準美式早餐盤 (1.7份),1105.0,47.6,76.5,66.3,早餐
標準燕麥粥 (1.8份),396.0,14.4,64.8,10.8,早餐
標準水果燕麥優格 (1.9份),532.0,22.8,81.7,13.3,早餐
標準優格 (2.0份),240.0,14.0,28.0,8.0,乳品
標準希臘優格 (0.6份),84.0,7.2,4.8,3.6,乳品
標準低脂鮮奶 (0.7份),73.5,5.6,8.4,2.1,乳品
標準全脂鮮奶 (0.8份),120.0,6.4,9.6,6.4,乳品
標準無糖優格 (0.9份),85.5,8.1,5.4,3.6,乳品
標準豆漿 (1.0份),170.0,12.0,10.0,7.0,飲品
標準黑豆漿 (1.1份),198.0,14.3,11.0,7.7,飲品
標準燕麥奶 (1.2份),144.0,3.6,19.2,6.0,飲品
標準杏仁奶 (1.3份),52.0,1.3,2.6,3.9,飲品
標準綠豆漿 (1.4份),266.0,15.4,35.0,7.0,飲品
標準紅茶 (1.5份),7.5,0.0,1.5,0.0,飲品
標準綠茶 (1.6份),3.2,0.0,0.0,0.0,飲品
標準烏龍茶 (1.7份),3.4,0.0,0.0,0.0,飲品
標準無糖綠茶 (1.8份),3.6,0.0,0.0,0.0,飲品
標準檸檬紅茶 (1.9份),190.0,0.0,47.5,0.0,飲品
標準可樂 (2.0份),280.0,0.0,78.0,0.0,飲品
標準汽水 (0.6份),84.0,0.0,23.4,0.0,飲品
標準運動飲料 (0.7份),84.0,0.0,21.0,0.0,飲品
標準無糖氣泡水 (0.8份),0.0,0.0,0.0,0.0,飲品
標準巧克力牛奶 (0.9份),171.0,6.3,27.0,4.5,飲品
標準香蕉牛奶 (1.0份),210.0,7.0,34.0,5.0,飲品
標準抹茶拿鐵 (1.1份),242.0,7.7,29.7,9.9,飲品
標準摩卡 (1.2份),312.0,9.6,38.4,13.2,飲品
標準卡布奇諾 (1.3份),156.0,7.8,13.0,7.8,飲品
標準焦糖瑪奇朵 (1.4份),350.0,9.8,47.6,14.0,飲品
標準可可 (1.5份),315.0,10.5,45.0,10.5,飲品
標準水果茶 (1.6份),256.0,0.0,60.8,0.0,飲品
標準奶茶 (1.7份),374.0,8.5,54.4,13.6,飲品
標準冬瓜茶 (1.8份),270.0,0.0,66.6,0.0,飲品
標準檸檬汁 (1.9份),114.0,0.0,28.5,0.0,飲品
標準白飯 (2.0份),560.0,10.8,122.0,1.2,主食
標準紫米飯 (0.6份),162.0,3.6,34.8,0.7,主食
標準五穀飯 (0.7份),178.5,4.2,37.1,1.4,主食
標準藜麥飯 (0.8份),200.0,6.4,36.8,3.2,主食
標準燕麥飯 (0.9份),220.5,5.4,40.5,3.1,主食
標準玉米 (1.0份),120.0,4.0,27.0,2.0,主食
標準南瓜 (1.1份),77.0,2.2,17.6,0.2,蔬菜
標準馬鈴薯 (1.2份),156.0,3.6,36.0,0.2,主食
標準山藥 (1.3份),156.0,3.9,35.1,0.3,主食
標準芋頭 (1.4份),182.0,2.8,42.0,0.3,主食
標準冬粉 (1.5份),255.0,0.0,63.0,0.0,主食
標準烏龍麵 (1.6份),432.0,14.4,89.6,1.6,麵食
標準拉麵 (1.7份),731.0,25.5,110.5,20.4,麵食
標準蕎麥麵 (1.8份),540.0,23.4,100.8,3.6,麵食
標準米粉 (1.9份),665.0,11.4,152.0,1.9,麵食
標準意麵 (2.0份),760.0,22.0,132.0,18.0,麵食
標準炒飯 (0.6份),372.0,10.2,49.2,13.2,主餐
標準蛋炒飯 (0.7份),406.0,12.6,54.6,14.0,主餐
標準肉絲炒飯 (0.8份),520.0,19.2,64.0,20.0,主餐
標準蝦仁炒飯 (0.9份),558.0,22.5,70.2,19.8,主餐
標準炒麵 (1.0份),550.0,17.0,68.0,23.0,主餐
標準炒烏龍 (1.1份),616.0,19.8,79.2,24.2,主餐
標準鍋燒意麵 (1.2份),624.0,28.8,78.0,20.4,主餐
標準雞肉飯 (1.3份),676.0,35.1,85.8,22.1,主餐
標準魚排飯 (1.4份),910.0,44.8,109.2,32.2,主餐
標準牛丼 (1.5份),1080.0,46.5,129.0,40.5,日式
標準親子丼 (1.6份),1088.0,49.6,124.8,38.4,日式
標準豬排丼 (1.7份),1326.0,57.8,139.4,57.8,日式
標準咖哩飯 (1.8份),1260.0,36.0,158.4,48.6,日式
標準日式豬排飯 (1.9份),1444.0,66.5,161.5,58.9,日式
標準壽司 (2.0份),600.0,20.0,108.0,10.0,日式
標準鮭魚壽司 (0.6份),198.0,9.0,30.0,4.8,日式
標準鮪魚壽司 (0.7份),217.0,11.2,35.0,4.2,日式
標準蝦壽司 (0.8份),232.0,10.4,41.6,3.2,日式
標準玉子燒 (0.9份),162.0,9.0,9.0,9.0,日式
標準味噌湯 (1.0份),55.0,4.0,5.0,2.0,湯品
標準茶碗蒸 (1.1份),121.0,9.9,4.4,6.6,日式
標準烤鯖魚 (1.2份),336.0,30.0,0.0,24.0,海鮮
標準烤鮭魚 (1.3份),312.0,32.5,0.0,19.5,海鮮
標準烤鯛魚 (1.4份),252.0,37.8,0.0,9.8,海鮮
標準清蒸鱈魚 (1.5份),225.0,40.5,0.0,6.0,海鮮
標準蝦仁 (1.6份),160.0,38.4,1.6,0.5,海鮮
標準透抽 (1.7份),187.0,30.6,5.1,3.4,海鮮
標準蛤蜊 (1.8份),144.0,23.4,7.2,2.7,海鮮
標準蚵仔 (1.9份),161.5,17.1,9.5,5.7,海鮮
標準鮪魚 (2.0份),260.0,58.0,0.0,2.0,海鮮
標準鯛魚 (0.6份),78.0,15.6,0.0,1.8,海鮮
標準鯖魚 (0.7份),147.0,14.0,0.0,9.8,海鮮
標準鯷魚 (0.8份),104.0,23.2,0.0,4.0,海鮮
標準雞胸肉 (0.9份),148.5,27.9,0.0,3.2,蛋白質
標準雞腿肉 (1.0份),220.0,25.0,0.0,13.0,蛋白質
標準雞翅 (1.1份),253.0,26.4,0.0,16.5,蛋白質
標準雞里肌 (1.2份),180.0,36.0,0.0,3.6,蛋白質
標準豬里肌 (1.3份),273.0,35.1,0.0,13.0,蛋白質
標準豬梅花 (1.4份),350.0,30.8,0.0,25.2,蛋白質
標準豬五花 (1.5份),585.0,21.0,0.0,55.5,蛋白質
標準牛里肌 (1.6份),336.0,44.8,0.0,16.0,蛋白質
標準牛腱 (1.7份),289.0,47.6,0.0,10.2,蛋白質
標準牛五花 (1.8份),594.0,32.4,0.0,50.4,蛋白質
標準羊肉 (1.9份),475.0,47.5,0.0,30.4,蛋白質
標準培根 (2.0份),1080.0,74.0,2.0,84.0,加工肉
標準火腿 (0.6份),87.0,12.6,1.2,3.6,加工肉
標準香腸 (0.7份),224.0,8.4,3.5,19.6,加工肉
標準德國香腸 (0.8份),240.0,10.4,3.2,20.8,加工肉
標準熱狗 (0.9份),261.0,9.9,3.6,22.5,加工肉
標準雞肉香腸 (1.0份),220.0,16.0,4.0,15.0,加工肉
標準板豆腐 (1.1份),93.5,9.9,2.2,5.5,豆製品
標準嫩豆腐 (1.2份),66.0,6.0,2.4,3.6,豆製品
標準豆干 (1.3份),208.0,26.0,10.4,9.1,豆製品
標準毛豆 (1.4份),196.0,16.8,14.0,8.4,豆製品
標準黑豆 (1.5份),225.0,15.0,40.5,1.5,豆製品
標準鷹嘴豆 (1.6份),264.0,14.4,43.2,4.8,豆製品
標準紅豆 (1.7份),212.5,13.6,37.4,0.9,豆類
標準高麗菜 (1.8份),45.0,2.3,10.8,0.2,蔬菜
標準菠菜 (1.9份),43.7,5.5,6.8,0.8,蔬菜
標準青江菜 (2.0份),26.0,3.0,4.0,0.4,蔬菜
標準花椰菜 (0.6份),20.4,1.7,4.2,0.2,蔬菜
標準白花椰菜 (0.7份),17.5,1.4,3.5,0.2,蔬菜
標準空心菜 (0.8份),16.0,1.6,2.4,0.2,蔬菜
標準地瓜葉 (0.9份),27.0,2.7,4.5,0.3,蔬菜
標準A菜 (1.0份),17.0,1.5,3.0,0.2,蔬菜
標準大陸妹 (1.1份),19.8,1.7,3.3,0.2,蔬菜
標準番茄 (1.2份),21.6,1.1,4.8,0.2,蔬菜
標準小黃瓜 (1.3份),19.5,0.9,4.7,0.1,蔬菜
標準紅蘿蔔 (1.4份),57.4,1.3,14.0,0.3,蔬菜
標準洋蔥 (1.5份),60.0,1.7,13.5,0.2,蔬菜
標準玉米筍 (1.6份),41.6,4.0,8.0,0.3,蔬菜
標準香菇 (1.7份),57.8,5.3,11.9,0.9,蔬菜
標準金針菇 (1.8份),66.6,4.9,12.6,0.5,蔬菜
標準杏鮑菇 (1.9份),66.5,4.8,13.3,0.6,蔬菜
標準木耳 (2.0份),50.0,3.0,12.0,0.4,蔬菜
標準海帶 (0.6份),25.8,1.0,6.0,0.4,蔬菜
標準草莓 (0.7份),22.4,0.5,5.6,0.2,水果
標準藍莓 (0.8份),45.6,0.6,11.2,0.2,水果
標準葡萄 (0.9份),62.1,0.6,16.2,0.2,水果
標準橘子 (1.0份),47.0,0.9,12.0,0.1,水果
標準柳橙 (1.1份),51.7,1.0,13.2,0.1,水果
標準西瓜 (1.2份),36.0,0.7,9.6,0.2,水果
標準鳳梨 (1.3份),65.0,0.7,16.9,0.1,水果
標準芒果 (1.4份),84.0,1.1,21.0,0.6,水果
標準水梨 (1.5份),63.0,0.6,16.5,0.2,水果
標準桃子 (1.6份),62.4,1.4,16.0,0.5,水果
標準火龍果 (1.7份),85.0,1.9,20.4,0.7,水果
標準百香果 (1.8份),174.6,4.0,41.4,1.3,水果
標準酪梨 (1.9份),304.0,3.8,17.1,28.5,水果
標準椰子 (2.0份),708.0,6.6,30.0,66.0,水果
標準柿子 (0.6份),42.0,0.4,11.4,0.1,水果
標準杏仁 (0.7份),405.3,14.7,15.4,34.3,堅果
標準核桃 (0.8份),523.2,12.0,11.2,52.0,堅果
標準腰果 (0.9份),497.7,16.2,27.0,39.6,堅果
標準花生 (1.0份),567.0,26.0,16.0,49.0,堅果
標準開心果 (1.1份),618.2,22.0,30.8,49.5,堅果
標準南瓜子 (1.2份),670.8,36.0,13.2,58.8,堅果
標準葵瓜子 (1.3份),759.2,27.3,26.0,66.3,堅果
標準洋芋片 (1.4份),750.4,9.8,74.2,49.0,零食
標準玉米脆片 (1.5份),750.0,10.5,82.5,42.0,零食
標準爆米花 (1.6份),619.2,20.8,124.8,7.2,零食
標準蘇打餅乾 (1.7份),731.0,15.3,119.0,22.1,零食
標準巧克力餅乾 (1.8份),864.0,10.8,120.6,37.8,零食
標準燕麥餅乾 (1.9份),855.0,13.3,129.2,32.3,零食
標準洋芋薯餅 (2.0份),520.0,6.0,56.0,30.0,零食
標準茶葉蛋 (0.6份),87.0,7.2,1.2,5.4,零食
標準滷蛋 (0.7份),105.0,8.4,1.4,7.0,零食
標準海苔 (0.8份),28.0,4.0,3.2,0.4,零食
標準黑巧克力 (0.9份),540.0,7.2,41.4,38.7,甜點
標準牛奶巧克力 (1.0份),535.0,8.0,59.0,30.0,甜點
標準布朗尼 (1.1份),451.0,5.5,55.0,24.2,甜點
標準乳酪蛋糕 (1.2份),384.0,7.2,32.4,25.2,甜點
標準提拉米蘇 (1.3份),455.0,7.8,40.3,29.9,甜點
標準蛋塔 (1.4份),392.0,8.4,39.2,23.8,甜點
標準奶油泡芙 (1.5份),375.0,7.5,34.5,24.0,甜點
標準可麗露 (1.6份),400.0,6.4,52.8,17.6,甜點
標準鬆餅 (1.7份),612.0,13.6,85.0,23.8,甜點
標準冰淇淋 (1.8份),378.0,7.2,43.2,19.8,甜點
標準芒果冰 (1.9份),627.0,5.7,133.0,11.4,甜點
標準豆花加花生 (2.0份),640.0,20.0,90.0,22.0,甜點
標準紅豆湯 (0.6份),156.0,4.8,27.6,3.0,甜點
標準綠豆湯 (0.7份),168.0,4.9,30.8,2.8,甜點
標準仙草茶 (0.8份),80.0,0.0,20.0,0.0,甜點
標準燒仙草 (0.9份),207.0,4.5,36.0,5.4,甜點
標準薯條 (1.0份),312.0,3.4,41.0,15.0,速食
標準炸雞腿 (1.1份),352.0,24.2,13.2,23.1,速食
標準炸雞翅 (1.2份),348.0,24.0,12.0,22.8,速食
標準起司漢堡 (1.3份),676.0,35.1,54.6,36.4,速食
標準雙層牛肉堡 (1.4份),938.0,49.0,67.2,51.8,速食
標準雞塊 (1.5份),435.0,24.0,24.0,27.0,速食
標準熱狗堡 (1.6份),624.0,24.0,57.6,33.6,速食
標準雞肉捲 (1.7份),816.0,42.5,78.2,35.7,速食
標準墨西哥捲餅 (1.8份),936.0,41.4,100.8,39.6,異國
標準塔可 (1.9份),399.0,19.0,34.2,20.9,異國
標準凱薩沙拉 (2.0份),720.0,36.0,28.0,54.0,西式
標準烤雞沙拉 (0.6份),192.0,19.2,9.0,9.0,西式
標準牛排 (0.7份),315.0,31.5,0.0,19.6,西式
標準雞排 (0.8份),264.0,25.6,9.6,14.4,西式
標準焗烤飯 (0.9份),612.0,21.6,63.0,28.8,西式
標準焗烤義大利麵 (1.0份),720.0,25.0,72.0,34.0,西式
標準番茄義大利麵 (1.1份),528.0,16.5,83.6,13.2,西式
標準奶油義大利麵 (1.2份),780.0,21.6,84.0,36.0,西式
標準青醬義大利麵 (1.3份),806.0,23.4,88.4,36.4,西式
標準白醬燉飯 (1.4份),952.0,23.8,105.0,43.4,西式
標準番茄燉飯 (1.5份),780.0,22.5,114.0,22.5,西式
標準韓式拌飯 (1.6份),992.0,35.2,134.4,35.2,韓式
標準韓式炸雞 (1.7份),1105.0,51.0,76.5,64.6,韓式
標準韓式泡菜 (1.8份),54.0,3.6,9.0,0.9,韓式
標準韓式部隊鍋 (1.9份),1425.0,53.2,123.5,76.0,韓式
標準韓式烤肉 (2.0份),1100.0,70.0,20.0,80.0,韓式
標準韓式冷麵 (0.6份),270.0,8.4,46.8,4.8,韓式
標準日式拉麵 (0.7份),420.0,17.5,52.5,14.0,日式
標準豬排拉麵 (0.8份),624.0,28.0,62.4,28.8,日式
標準牛肉烏龍麵 (0.9份),504.0,23.4,63.0,15.3,日式
標準天婦羅 (1.0份),420.0,16.0,36.0,24.0,日式
標準炸蝦天婦羅 (1.1份),341.0,16.5,22.0,22.0,日式
標準大阪燒 (1.2份),600.0,21.6,60.0,30.0,日式
標準章魚燒 (1.3份),468.0,18.2,57.2,18.2,日式
標準番茄 (1.4份),25.2,1.3,5.6,0.3,蔬菜
標準洋菇 (1.5份),33.0,4.7,4.9,0.4,蔬菜
標準甜椒 (1.6份),49.6,1.6,9.6,0.5,蔬菜
標準茄子 (1.7份),42.5,1.7,10.2,0.3,蔬菜
標準絲瓜 (1.8份),36.0,2.2,7.2,0.4,蔬菜
標準苦瓜 (1.9份),32.3,1.9,7.6,0.4,蔬菜
標準冬瓜 (2.0份),26.0,0.8,6.0,0.4,蔬菜
標準白蘿蔔 (0.6份),10.8,0.4,2.4,0.1,蔬菜
標準秋葵 (0.7份),23.1,1.3,4.9,0.1,蔬菜
標準竹筍 (0.8份),21.6,2.1,4.0,0.2,蔬菜
標準豆芽菜 (0.9份),27.0,2.7,5.4,0.2,蔬菜
標準海帶芽 (1.0份),45.0,3.0,9.0,0.6,蔬菜
高蛋白白吐司 (1.1份),291.5,9.9,53.9,3.5,早餐/主食
高蛋白全麥吐司 (1.2份),296.4,15.6,49.2,5.0,早餐/主食
高蛋白可頌 (1.3份),527.8,10.4,58.5,27.3,早餐/烘焙
高蛋白火腿起司蛋吐司 (1.4份),602.0,30.8,53.2,30.8,早餐
高蛋白鮪魚蛋吐司 (1.5份),615.0,36.0,54.0,30.0,早餐
高蛋白培根蛋吐司 (1.6份),736.0,32.0,56.0,43.2,早餐
高蛋白總匯三明治 (1.7份),884.0,40.8,74.8,45.9,早餐
高蛋白鮪魚三明治 (1.8份),702.0,39.6,75.6,28.8,早餐
高蛋白雞肉三明治 (1.9份),684.0,47.5,72.2,24.7,早餐
高蛋白火腿三明治 (2.0份),700.0,36.0,80.0,28.0,早餐
高蛋白起司蛋餅 (0.6份),234.0,9.6,21.6,12.6,早餐
高蛋白培根蛋餅 (0.7份),301.0,12.6,25.2,17.5,早餐
高蛋白玉米蛋餅 (0.8份),288.0,10.4,34.4,12.8,早餐
高蛋白鮪魚蛋餅 (0.9份),369.0,18.0,33.3,19.8,早餐
高蛋白蘿蔔糕加蛋 (1.0份),300.0,10.0,34.0,14.0,早餐
高蛋白法國吐司 (1.1份),352.0,12.1,46.2,13.2,早餐
高蛋白美式早餐盤 (1.2份),780.0,33.6,54.0,46.8,早餐
高蛋白燕麥粥 (1.3份),286.0,10.4,46.8,7.8,早餐
高蛋白水果燕麥優格 (1.4份),392.0,16.8,60.2,9.8,早餐
高蛋白優格 (1.5份),180.0,10.5,21.0,6.0,乳品
高蛋白希臘優格 (1.6份),224.0,19.2,12.8,9.6,乳品
高蛋白低脂鮮奶 (1.7份),178.5,13.6,20.4,5.1,乳品
高蛋白全脂鮮奶 (1.8份),270.0,14.4,21.6,14.4,乳品
高蛋白無糖優格 (1.9份),180.5,17.1,11.4,7.6,乳品
高蛋白豆漿 (2.0份),340.0,24.0,20.0,14.0,飲品
高蛋白黑豆漿 (0.6份),108.0,7.8,6.0,4.2,飲品
高蛋白燕麥奶 (0.7份),84.0,2.1,11.2,3.5,飲品
高蛋白杏仁奶 (0.8份),32.0,0.8,1.6,2.4,飲品
高蛋白綠豆漿 (0.9份),171.0,9.9,22.5,4.5,飲品
高蛋白紅茶 (1.0份),5.0,0.0,1.0,0.0,飲品
高蛋白綠茶 (1.1份),2.2,0.0,0.0,0.0,飲品
高蛋白烏龍茶 (1.2份),2.4,0.0,0.0,0.0,飲品
高蛋白無糖綠茶 (1.3份),2.6,0.0,0.0,0.0,飲品
高蛋白檸檬紅茶 (1.4份),140.0,0.0,35.0,0.0,飲品
高蛋白可樂 (1.5份),210.0,0.0,58.5,0.0,飲品
高蛋白汽水 (1.6份),224.0,0.0,62.4,0.0,飲品
高蛋白運動飲料 (1.7份),204.0,0.0,51.0,0.0,飲品
高蛋白無糖氣泡水 (1.8份),0.0,0.0,0.0,0.0,飲品
高蛋白巧克力牛奶 (1.9份),361.0,13.3,57.0,9.5,飲品
高蛋白香蕉牛奶 (2.0份),420.0,14.0,68.0,10.0,飲品
高蛋白抹茶拿鐵 (0.6份),132.0,4.2,16.2,5.4,飲品
高蛋白摩卡 (0.7份),182.0,5.6,22.4,7.7,飲品
高蛋白卡布奇諾 (0.8份),96.0,4.8,8.0,4.8,飲品
高蛋白焦糖瑪奇朵 (0.9份),225.0,6.3,30.6,9.0,飲品
高蛋白可可 (1.0份),210.0,7.0,30.0,7.0,飲品
高蛋白水果茶 (1.1份),176.0,0.0,41.8,0.0,飲品
高蛋白奶茶 (1.2份),264.0,6.0,38.4,9.6,飲品
高蛋白冬瓜茶 (1.3份),195.0,0.0,48.1,0.0,飲品
高蛋白檸檬汁 (1.4份),84.0,0.0,21.0,0.0,飲品
高蛋白白飯 (1.5份),420.0,8.1,91.5,0.9,主食
高蛋白紫米飯 (1.6份),432.0,9.6,92.8,1.9,主食
高蛋白五穀飯 (1.7份),433.5,10.2,90.1,3.4,主食
高蛋白藜麥飯 (1.8份),450.0,14.4,82.8,7.2,主食
高蛋白燕麥飯 (1.9份),465.5,11.4,85.5,6.6,主食
高蛋白玉米 (2.0份),240.0,8.0,54.0,4.0,主食
高蛋白南瓜 (0.6份),42.0,1.2,9.6,0.1,蔬菜
高蛋白馬鈴薯 (0.7份),91.0,2.1,21.0,0.1,主食
高蛋白山藥 (0.8份),96.0,2.4,21.6,0.2,主食
高蛋白芋頭 (0.9份),117.0,1.8,27.0,0.2,主食
高蛋白冬粉 (1.0份),170.0,0.0,42.0,0.0,主食
高蛋白烏龍麵 (1.1份),297.0,9.9,61.6,1.1,麵食
高蛋白拉麵 (1.2份),516.0,18.0,78.0,14.4,麵食
高蛋白蕎麥麵 (1.3份),390.0,16.9,72.8,2.6,麵食
高蛋白米粉 (1.4份),490.0,8.4,112.0,1.4,麵食
高蛋白意麵 (1.5份),570.0,16.5,99.0,13.5,麵食
高蛋白炒飯 (1.6份),992.0,27.2,131.2,35.2,主餐
高蛋白蛋炒飯 (1.7份),986.0,30.6,132.6,34.0,主餐
高蛋白肉絲炒飯 (1.8份),1170.0,43.2,144.0,45.0,主餐
高蛋白蝦仁炒飯 (1.9份),1178.0,47.5,148.2,41.8,主餐
高蛋白炒麵 (2.0份),1100.0,34.0,136.0,46.0,主餐
高蛋白炒烏龍 (0.6份),336.0,10.8,43.2,13.2,主餐
高蛋白鍋燒意麵 (0.7份),364.0,16.8,45.5,11.9,主餐
高蛋白雞肉飯 (0.8份),416.0,21.6,52.8,13.6,主餐
高蛋白魚排飯 (0.9份),585.0,28.8,70.2,20.7,主餐
高蛋白牛丼 (1.0份),720.0,31.0,86.0,27.0,日式
高蛋白親子丼 (1.1份),748.0,34.1,85.8,26.4,日式
高蛋白豬排丼 (1.2份),936.0,40.8,98.4,40.8,日式
高蛋白咖哩飯 (1.3份),910.0,26.0,114.4,35.1,日式
高蛋白日式豬排飯 (1.4份),1064.0,49.0,119.0,43.4,日式
高蛋白壽司 (1.5份),450.0,15.0,81.0,7.5,日式
高蛋白鮭魚壽司 (1.6份),528.0,24.0,80.0,12.8,日式
高蛋白鮪魚壽司 (1.7份),527.0,27.2,85.0,10.2,日式
高蛋白蝦壽司 (1.8份),522.0,23.4,93.6,7.2,日式
高蛋白玉子燒 (1.9份),342.0,19.0,19.0,19.0,日式
高蛋白味噌湯 (2.0份),110.0,8.0,10.0,4.0,湯品
高蛋白茶碗蒸 (0.6份),66.0,5.4,2.4,3.6,日式
高蛋白烤鯖魚 (0.7份),196.0,17.5,0.0,14.0,海鮮
高蛋白烤鮭魚 (0.8份),192.0,20.0,0.0,12.0,海鮮
高蛋白烤鯛魚 (0.9份),162.0,24.3,0.0,6.3,海鮮
高蛋白清蒸鱈魚 (1.0份),150.0,27.0,0.0,4.0,海鮮
高蛋白蝦仁 (1.1份),110.0,26.4,1.1,0.3,海鮮
高蛋白透抽 (1.2份),132.0,21.6,3.6,2.4,海鮮
高蛋白蛤蜊 (1.3份),104.0,16.9,5.2,2.0,海鮮
高蛋白蚵仔 (1.4份),119.0,12.6,7.0,4.2,海鮮
高蛋白鮪魚 (1.5份),195.0,43.5,0.0,1.5,海鮮
高蛋白鯛魚 (1.6份),208.0,41.6,0.0,4.8,海鮮
高蛋白鯖魚 (1.7份),357.0,34.0,0.0,23.8,海鮮
高蛋白鯷魚 (1.8份),234.0,52.2,0.0,9.0,海鮮
高蛋白雞胸肉 (1.9份),313.5,58.9,0.0,6.8,蛋白質
高蛋白雞腿肉 (2.0份),440.0,50.0,0.0,26.0,蛋白質
高蛋白雞翅 (0.6份),138.0,14.4,0.0,9.0,蛋白質
高蛋白雞里肌 (0.7份),105.0,21.0,0.0,2.1,蛋白質
高蛋白豬里肌 (0.8份),168.0,21.6,0.0,8.0,蛋白質
高蛋白豬梅花 (0.9份),225.0,19.8,0.0,16.2,蛋白質
高蛋白豬五花 (1.0份),390.0,14.0,0.0,37.0,蛋白質
高蛋白牛里肌 (1.1份),231.0,30.8,0.0,11.0,蛋白質
高蛋白牛腱 (1.2份),204.0,33.6,0.0,7.2,蛋白質
高蛋白牛五花 (1.3份),429.0,23.4,0.0,36.4,蛋白質
高蛋白羊肉 (1.4份),350.0,35.0,0.0,22.4,蛋白質
高蛋白培根 (1.5份),810.0,55.5,1.5,63.0,加工肉
高蛋白火腿 (1.6份),232.0,33.6,3.2,9.6,加工肉
高蛋白香腸 (1.7份),544.0,20.4,8.5,47.6,加工肉
高蛋白德國香腸 (1.8份),540.0,23.4,7.2,46.8,加工肉
高蛋白熱狗 (1.9份),551.0,20.9,7.6,47.5,加工肉
高蛋白雞肉香腸 (2.0份),440.0,32.0,8.0,30.0,加工肉
高蛋白板豆腐 (0.6份),51.0,5.4,1.2,3.0,豆製品
高蛋白嫩豆腐 (0.7份),38.5,3.5,1.4,2.1,豆製品
高蛋白豆干 (0.8份),128.0,16.0,6.4,5.6,豆製品
高蛋白毛豆 (0.9份),126.0,10.8,9.0,5.4,豆製品
高蛋白黑豆 (1.0份),150.0,10.0,27.0,1.0,豆製品
高蛋白鷹嘴豆 (1.1份),181.5,9.9,29.7,3.3,豆製品
高蛋白紅豆 (1.2份),150.0,9.6,26.4,0.6,豆類
高蛋白高麗菜 (1.3份),32.5,1.7,7.8,0.1,蔬菜
高蛋白菠菜 (1.4份),32.2,4.1,5.0,0.6,蔬菜
高蛋白青江菜 (1.5份),19.5,2.2,3.0,0.3,蔬菜
高蛋白花椰菜 (1.6份),54.4,4.5,11.2,0.6,蔬菜
高蛋白白花椰菜 (1.7份),42.5,3.4,8.5,0.5,蔬菜
高蛋白空心菜 (1.8份),36.0,3.6,5.4,0.5,蔬菜
高蛋白地瓜葉 (1.9份),57.0,5.7,9.5,0.6,蔬菜
高蛋白A菜 (2.0份),34.0,3.0,6.0,0.4,蔬菜
高蛋白大陸妹 (0.6份),10.8,0.9,1.8,0.1,蔬菜
高蛋白番茄 (0.7份),12.6,0.6,2.8,0.1,蔬菜
高蛋白小黃瓜 (0.8份),12.0,0.6,2.9,0.1,蔬菜
高蛋白紅蘿蔔 (0.9份),36.9,0.8,9.0,0.2,蔬菜
高蛋白洋蔥 (1.0份),40.0,1.1,9.0,0.1,蔬菜
高蛋白玉米筍 (1.1份),28.6,2.8,5.5,0.2,蔬菜
高蛋白香菇 (1.2份),40.8,3.7,8.4,0.6,蔬菜
高蛋白金針菇 (1.3份),48.1,3.5,9.1,0.4,蔬菜
高蛋白杏鮑菇 (1.4份),49.0,3.5,9.8,0.4,蔬菜
高蛋白木耳 (1.5份),37.5,2.2,9.0,0.3,蔬菜
高蛋白海帶 (1.6份),68.8,2.7,16.0,1.0,蔬菜
高蛋白草莓 (1.7份),54.4,1.2,13.6,0.5,水果
高蛋白藍莓 (1.8份),102.6,1.3,25.2,0.5,水果
高蛋白葡萄 (1.9份),131.1,1.3,34.2,0.4,水果
高蛋白橘子 (2.0份),94.0,1.8,24.0,0.2,水果
高蛋白柳橙 (0.6份),28.2,0.5,7.2,0.1,水果
高蛋白西瓜 (0.7份),21.0,0.4,5.6,0.1,水果
高蛋白鳳梨 (0.8份),40.0,0.4,10.4,0.1,水果
高蛋白芒果 (0.9份),54.0,0.7,13.5,0.4,水果
高蛋白水梨 (1.0份),42.0,0.4,11.0,0.1,水果
高蛋白桃子 (1.1份),42.9,1.0,11.0,0.3,水果
高蛋白火龍果 (1.2份),60.0,1.3,14.4,0.5,水果
高蛋白百香果 (1.3份),126.1,2.9,29.9,0.9,水果
高蛋白酪梨 (1.4份),224.0,2.8,12.6,21.0,水果
高蛋白椰子 (1.5份),531.0,4.9,22.5,49.5,水果
高蛋白柿子 (1.6份),112.0,1.0,30.4,0.3,水果
高蛋白杏仁 (1.7份),984.3,35.7,37.4,83.3,堅果
高蛋白核桃 (1.8份),1177.2,27.0,25.2,117.0,堅果
高蛋白腰果 (1.9份),1050.7,34.2,57.0,83.6,堅果
高蛋白花生 (2.0份),1134.0,52.0,32.0,98.0,堅果
高蛋白開心果 (0.6份),337.2,12.0,16.8,27.0,堅果
高蛋白南瓜子 (0.7份),391.3,21.0,7.7,34.3,堅果
高蛋白葵瓜子 (0.8份),467.2,16.8,16.0,40.8,堅果
高蛋白洋芋片 (0.9份),482.4,6.3,47.7,31.5,零食
高蛋白玉米脆片 (1.0份),500.0,7.0,55.0,28.0,零食
高蛋白爆米花 (1.1份),425.7,14.3,85.8,5.0,零食
高蛋白蘇打餅乾 (1.2份),516.0,10.8,84.0,15.6,零食
高蛋白巧克力餅乾 (1.3份),624.0,7.8,87.1,27.3,零食
高蛋白燕麥餅乾 (1.4份),630.0,9.8,95.2,23.8,零食
高蛋白洋芋薯餅 (1.5份),390.0,4.5,42.0,22.5,零食
高蛋白茶葉蛋 (1.6份),232.0,19.2,3.2,14.4,零食
高蛋白滷蛋 (1.7份),255.0,20.4,3.4,17.0,零食
高蛋白海苔 (1.8份),63.0,9.0,7.2,0.9,零食
高蛋白黑巧克力 (1.9份),1140.0,15.2,87.4,81.7,甜點
高蛋白牛奶巧克力 (2.0份),1070.0,16.0,118.0,60.0,甜點
高蛋白布朗尼 (0.6份),246.0,3.0,30.0,13.2,甜點
高蛋白乳酪蛋糕 (0.7份),224.0,4.2,18.9,14.7,甜點
高蛋白提拉米蘇 (0.8份),280.0,4.8,24.8,18.4,甜點
高蛋白蛋塔 (0.9份),252.0,5.4,25.2,15.3,甜點
高蛋白奶油泡芙 (1.0份),250.0,5.0,23.0,16.0,甜點
高蛋白可麗露 (1.1份),275.0,4.4,36.3,12.1,甜點
高蛋白鬆餅 (1.2份),432.0,9.6,60.0,16.8,甜點
高蛋白冰淇淋 (1.3份),273.0,5.2,31.2,14.3,甜點
高蛋白芒果冰 (1.4份),462.0,4.2,98.0,8.4,甜點
高蛋白豆花加花生 (1.5份),480.0,15.0,67.5,16.5,甜點
高蛋白紅豆湯 (1.6份),416.0,12.8,73.6,8.0,甜點
高蛋白綠豆湯 (1.7份),408.0,11.9,74.8,6.8,甜點
高蛋白仙草茶 (1.8份),180.0,0.0,45.0,0.0,甜點
高蛋白燒仙草 (1.9份),437.0,9.5,76.0,11.4,甜點
高蛋白薯條 (2.0份),624.0,6.8,82.0,30.0,速食
高蛋白炸雞腿 (0.6份),192.0,13.2,7.2,12.6,速食
高蛋白炸雞翅 (0.7份),203.0,14.0,7.0,13.3,速食
高蛋白起司漢堡 (0.8份),416.0,21.6,33.6,22.4,速食
高蛋白雙層牛肉堡 (0.9份),603.0,31.5,43.2,33.3,速食
高蛋白雞塊 (1.0份),290.0,16.0,16.0,18.0,速食
高蛋白熱狗堡 (1.1份),429.0,16.5,39.6,23.1,速食
高蛋白雞肉捲 (1.2份),576.0,30.0,55.2,25.2,速食
高蛋白墨西哥捲餅 (1.3份),676.0,29.9,72.8,28.6,異國
高蛋白塔可 (1.4份),294.0,14.0,25.2,15.4,異國
高蛋白凱薩沙拉 (1.5份),540.0,27.0,21.0,40.5,西式
高蛋白烤雞沙拉 (1.6份),512.0,51.2,24.0,24.0,西式
高蛋白牛排 (1.7份),765.0,76.5,0.0,47.6,西式
高蛋白雞排 (1.8份),594.0,57.6,21.6,32.4,西式
高蛋白焗烤飯 (1.9份),1292.0,45.6,133.0,60.8,西式
高蛋白焗烤義大利麵 (2.0份),1440.0,50.0,144.0,68.0,西式
高蛋白番茄義大利麵 (0.6份),288.0,9.0,45.6,7.2,西式
高蛋白奶油義大利麵 (0.7份),455.0,12.6,49.0,21.0,西式
高蛋白青醬義大利麵 (0.8份),496.0,14.4,54.4,22.4,西式
高蛋白白醬燉飯 (0.9份),612.0,15.3,67.5,27.9,西式
高蛋白番茄燉飯 (1.0份),520.0,15.0,76.0,15.0,西式
高蛋白韓式拌飯 (1.1份),682.0,24.2,92.4,24.2,韓式
高蛋白韓式炸雞 (1.2份),780.0,36.0,54.0,45.6,韓式
高蛋白韓式泡菜 (1.3份),39.0,2.6,6.5,0.7,韓式
高蛋白韓式部隊鍋 (1.4份),1050.0,39.2,91.0,56.0,韓式
高蛋白韓式烤肉 (1.5份),825.0,52.5,15.0,60.0,韓式
高蛋白韓式冷麵 (1.6份),720.0,22.4,124.8,12.8,韓式
高蛋白日式拉麵 (1.7份),1020.0,42.5,127.5,34.0,日式
高蛋白豬排拉麵 (1.8份),1404.0,63.0,140.4,64.8,日式
高蛋白牛肉烏龍麵 (1.9份),1064.0,49.4,133.0,32.3,日式
高蛋白天婦羅 (2.0份),840.0,32.0,72.0,48.0,日式
高蛋白炸蝦天婦羅 (0.6份),186.0,9.0,12.0,12.0,日式
高蛋白大阪燒 (0.7份),350.0,12.6,35.0,17.5,日式
高蛋白章魚燒 (0.8份),288.0,11.2,35.2,11.2,日式
高蛋白番茄 (0.9份),16.2,0.8,3.6,0.2,蔬菜
高蛋白洋菇 (1.0份),22.0,3.1,3.3,0.3,蔬菜
高蛋白甜椒 (1.1份),34.1,1.1,6.6,0.3,蔬菜
高蛋白茄子 (1.2份),30.0,1.2,7.2,0.2,蔬菜
高蛋白絲瓜 (1.3份),26.0,1.6,5.2,0.3,蔬菜
高蛋白苦瓜 (1.4份),23.8,1.4,5.6,0.3,蔬菜
高蛋白冬瓜 (1.5份),19.5,0.6,4.5,0.3,蔬菜
高蛋白白蘿蔔 (1.6份),28.8,1.0,6.4,0.2,蔬菜
高蛋白秋葵 (1.7份),56.1,3.2,11.9,0.3,蔬菜
高蛋白竹筍 (1.8份),48.6,4.7,9.0,0.5,蔬菜
高蛋白豆芽菜 (1.9份),57.0,5.7,11.4,0.4,蔬菜
高蛋白海帶芽 (2.0份),90.0,6.0,18.0,1.2,蔬菜
早餐版白吐司 (0.6份),159.0,5.4,29.4,1.9,早餐/主食
早餐版全麥吐司 (0.7份),172.9,9.1,28.7,2.9,早餐/主食
早餐版可頌 (0.8份),324.8,6.4,36.0,16.8,早餐/烘焙
早餐版火腿起司蛋吐司 (0.9份),387.0,19.8,34.2,19.8,早餐
早餐版鮪魚蛋吐司 (1.0份),410.0,24.0,36.0,20.0,早餐
早餐版培根蛋吐司 (1.1份),506.0,22.0,38.5,29.7,早餐
早餐版總匯三明治 (1.2份),624.0,28.8,52.8,32.4,早餐
早餐版鮪魚三明治 (1.3份),507.0,28.6,54.6,20.8,早餐
早餐版雞肉三明治 (1.4份),504.0,35.0,53.2,18.2,早餐
早餐版火腿三明治 (1.5份),525.0,27.0,60.0,21.0,早餐
早餐版起司蛋餅 (1.6份),624.0,25.6,57.6,33.6,早餐
早餐版培根蛋餅 (1.7份),731.0,30.6,61.2,42.5,早餐
早餐版玉米蛋餅 (1.8份),648.0,23.4,77.4,28.8,早餐
早餐版鮪魚蛋餅 (1.9份),779.0,38.0,70.3,41.8,早餐
早餐版蘿蔔糕加蛋 (2.0份),600.0,20.0,68.0,28.0,早餐
早餐版法國吐司 (0.6份),192.0,6.6,25.2,7.2,早餐
早餐版美式早餐盤 (0.7份),455.0,19.6,31.5,27.3,早餐
早餐版燕麥粥 (0.8份),176.0,6.4,28.8,4.8,早餐
早餐版水果燕麥優格 (0.9份),252.0,10.8,38.7,6.3,早餐
早餐版優格 (1.0份),120.0,7.0,14.0,4.0,乳品
早餐版希臘優格 (1.1份),154.0,13.2,8.8,6.6,乳品
早餐版低脂鮮奶 (1.2份),126.0,9.6,14.4,3.6,乳品
早餐版全脂鮮奶 (1.3份),195.0,10.4,15.6,10.4,乳品
早餐版無糖優格 (1.4份),133.0,12.6,8.4,5.6,乳品
早餐版豆漿 (1.5份),255.0,18.0,15.0,10.5,飲品
早餐版黑豆漿 (1.6份),288.0,20.8,16.0,11.2,飲品
早餐版燕麥奶 (1.7份),204.0,5.1,27.2,8.5,飲品
早餐版杏仁奶 (1.8份),72.0,1.8,3.6,5.4,飲品
早餐版綠豆漿 (1.9份),361.0,20.9,47.5,9.5,飲品
早餐版紅茶 (2.0份),10.0,0.0,2.0,0.0,飲品
早餐版綠茶 (0.6份),1.2,0.0,0.0,0.0,飲品
早餐版烏龍茶 (0.7份),1.4,0.0,0.0,0.0,飲品
早餐版無糖綠茶 (0.8份),1.6,0.0,0.0,0.0,飲品
早餐版檸檬紅茶 (0.9份),90.0,0.0,22.5,0.0,飲品
早餐版可樂 (1.0份),140.0,0.0,39.0,0.0,飲品
早餐版汽水 (1.1份),154.0,0.0,42.9,0.0,飲品
早餐版運動飲料 (1.2份),144.0,0.0,36.0,0.0,飲品
早餐版無糖氣泡水 (1.3份),0.0,0.0,0.0,0.0,飲品
早餐版巧克力牛奶 (1.4份),266.0,9.8,42.0,7.0,飲品
早餐版香蕉牛奶 (1.5份),315.0,10.5,51.0,7.5,飲品
早餐版抹茶拿鐵 (1.6份),352.0,11.2,43.2,14.4,飲品
早餐版摩卡 (1.7份),442.0,13.6,54.4,18.7,飲品
早餐版卡布奇諾 (1.8份),216.0,10.8,18.0,10.8,飲品
早餐版焦糖瑪奇朵 (1.9份),475.0,13.3,64.6,19.0,飲品
早餐版可可 (2.0份),420.0,14.0,60.0,14.0,飲品
早餐版水果茶 (0.6份),96.0,0.0,22.8,0.0,飲品
早餐版奶茶 (0.7份),154.0,3.5,22.4,5.6,飲品
早餐版冬瓜茶 (0.8份),120.0,0.0,29.6,0.0,飲品
早餐版檸檬汁 (0.9份),54.0,0.0,13.5,0.0,飲品
早餐版白飯 (1.0份),280.0,5.4,61.0,0.6,主食
早餐版紫米飯 (1.1份),297.0,6.6,63.8,1.3,主食
早餐版五穀飯 (1.2份),306.0,7.2,63.6,2.4,主食
早餐版藜麥飯 (1.3份),325.0,10.4,59.8,5.2,主食
早餐版燕麥飯 (1.4份),343.0,8.4,63.0,4.9,主食
早餐版玉米 (1.5份),180.0,6.0,40.5,3.0,主食
早餐版南瓜 (1.6份),112.0,3.2,25.6,0.3,蔬菜
早餐版馬鈴薯 (1.7份),221.0,5.1,51.0,0.3,主食
早餐版山藥 (1.8份),216.0,5.4,48.6,0.4,主食
早餐版芋頭 (1.9份),247.0,3.8,57.0,0.4,主食
早餐版冬粉 (2.0份),340.0,0.0,84.0,0.0,主食
早餐版烏龍麵 (0.6份),162.0,5.4,33.6,0.6,麵食
早餐版拉麵 (0.7份),301.0,10.5,45.5,8.4,麵食
早餐版蕎麥麵 (0.8份),240.0,10.4,44.8,1.6,麵食
早餐版米粉 (0.9份),315.0,5.4,72.0,0.9,麵食
早餐版意麵 (1.0份),380.0,11.0,66.0,9.0,麵食
早餐版炒飯 (1.1份),682.0,18.7,90.2,24.2,主餐
早餐版蛋炒飯 (1.2份),696.0,21.6,93.6,24.0,主餐
早餐版肉絲炒飯 (1.3份),845.0,31.2,104.0,32.5,主餐
早餐版蝦仁炒飯 (1.4份),868.0,35.0,109.2,30.8,主餐
早餐版炒麵 (1.5份),825.0,25.5,102.0,34.5,主餐
早餐版炒烏龍 (1.6份),896.0,28.8,115.2,35.2,主餐
早餐版鍋燒意麵 (1.7份),884.0,40.8,110.5,28.9,主餐
早餐版雞肉飯 (1.8份),936.0,48.6,118.8,30.6,主餐
早餐版魚排飯 (1.9份),1235.0,60.8,148.2,43.7,主餐
早餐版牛丼 (2.0份),1440.0,62.0,172.0,54.0,日式
早餐版親子丼 (0.6份),408.0,18.6,46.8,14.4,日式
早餐版豬排丼 (0.7份),546.0,23.8,57.4,23.8,日式
早餐版咖哩飯 (0.8份),560.0,16.0,70.4,21.6,日式
早餐版日式豬排飯 (0.9份),684.0,31.5,76.5,27.9,日式
早餐版壽司 (1.0份),300.0,10.0,54.0,5.0,日式
早餐版鮭魚壽司 (1.1份),363.0,16.5,55.0,8.8,日式
早餐版鮪魚壽司 (1.2份),372.0,19.2,60.0,7.2,日式
早餐版蝦壽司 (1.3份),377.0,16.9,67.6,5.2,日式
早餐版玉子燒 (1.4份),252.0,14.0,14.0,14.0,日式
早餐版味噌湯 (1.5份),82.5,6.0,7.5,3.0,湯品
早餐版茶碗蒸 (1.6份),176.0,14.4,6.4,9.6,日式
早餐版烤鯖魚 (1.7份),476.0,42.5,0.0,34.0,海鮮
早餐版烤鮭魚 (1.8份),432.0,45.0,0.0,27.0,海鮮
早餐版烤鯛魚 (1.9份),342.0,51.3,0.0,13.3,海鮮
早餐版清蒸鱈魚 (2.0份),300.0,54.0,0.0,8.0,海鮮
早餐版蝦仁 (0.6份),60.0,14.4,0.6,0.2,海鮮
早餐版透抽 (0.7份),77.0,12.6,2.1,1.4,海鮮
早餐版蛤蜊 (0.8份),64.0,10.4,3.2,1.2,海鮮
早餐版蚵仔 (0.9份),76.5,8.1,4.5,2.7,海鮮
早餐版鮪魚 (1.0份),130.0,29.0,0.0,1.0,海鮮
早餐版鯛魚 (1.1份),143.0,28.6,0.0,3.3,海鮮
早餐版鯖魚 (1.2份),252.0,24.0,0.0,16.8,海鮮
早餐版鯷魚 (1.3份),169.0,37.7,0.0,6.5,海鮮
早餐版雞胸肉 (1.4份),231.0,43.4,0.0,5.0,蛋白質
早餐版雞腿肉 (1.5份),330.0,37.5,0.0,19.5,蛋白質
早餐版雞翅 (1.6份),368.0,38.4,0.0,24.0,蛋白質
早餐版雞里肌 (1.7份),255.0,51.0,0.0,5.1,蛋白質
早餐版豬里肌 (1.8份),378.0,48.6,0.0,18.0,蛋白質
早餐版豬梅花 (1.9份),475.0,41.8,0.0,34.2,蛋白質
早餐版豬五花 (2.0份),780.0,28.0,0.0,74.0,蛋白質
早餐版牛里肌 (0.6份),126.0,16.8,0.0,6.0,蛋白質
早餐版牛腱 (0.7份),119.0,19.6,0.0,4.2,蛋白質
早餐版牛五花 (0.8份),264.0,14.4,0.0,22.4,蛋白質
早餐版羊肉 (0.9份),225.0,22.5,0.0,14.4,蛋白質
早餐版培根 (1.0份),540.0,37.0,1.0,42.0,加工肉
早餐版火腿 (1.1份),159.5,23.1,2.2,6.6,加工肉
早餐版香腸 (1.2份),384.0,14.4,6.0,33.6,加工肉
早餐版德國香腸 (1.3份),390.0,16.9,5.2,33.8,加工肉
早餐版熱狗 (1.4份),406.0,15.4,5.6,35.0,加工肉
早餐版雞肉香腸 (1.5份),330.0,24.0,6.0,22.5,加工肉
早餐版板豆腐 (1.6份),136.0,14.4,3.2,8.0,豆製品
早餐版嫩豆腐 (1.7份),93.5,8.5,3.4,5.1,豆製品
早餐版豆干 (1.8份),288.0,36.0,14.4,12.6,豆製品
早餐版毛豆 (1.9份),266.0,22.8,19.0,11.4,豆製品
早餐版黑豆 (2.0份),300.0,20.0,54.0,2.0,豆製品
早餐版鷹嘴豆 (0.6份),99.0,5.4,16.2,1.8,豆製品
早餐版紅豆 (0.7份),87.5,5.6,15.4,0.3,豆類
早餐版高麗菜 (0.8份),20.0,1.0,4.8,0.1,蔬菜
早餐版菠菜 (0.9份),20.7,2.6,3.2,0.4,蔬菜
早餐版青江菜 (1.0份),13.0,1.5,2.0,0.2,蔬菜
早餐版花椰菜 (1.1份),37.4,3.1,7.7,0.4,蔬菜
早餐版白花椰菜 (1.2份),30.0,2.4,6.0,0.4,蔬菜
早餐版空心菜 (1.3份),26.0,2.6,3.9,0.4,蔬菜
早餐版地瓜葉 (1.4份),42.0,4.2,7.0,0.4,蔬菜
早餐版A菜 (1.5份),25.5,2.2,4.5,0.3,蔬菜
早餐版大陸妹 (1.6份),28.8,2.4,4.8,0.3,蔬菜
早餐版番茄 (1.7份),30.6,1.5,6.8,0.3,蔬菜
早餐版小黃瓜 (1.8份),27.0,1.3,6.5,0.2,蔬菜
早餐版紅蘿蔔 (1.9份),77.9,1.7,19.0,0.4,蔬菜
早餐版洋蔥 (2.0份),80.0,2.2,18.0,0.2,蔬菜
早餐版玉米筍 (0.6份),15.6,1.5,3.0,0.1,蔬菜
早餐版香菇 (0.7份),23.8,2.2,4.9,0.3,蔬菜
早餐版金針菇 (0.8份),29.6,2.2,5.6,0.2,蔬菜
早餐版杏鮑菇 (0.9份),31.5,2.2,6.3,0.3,蔬菜
早餐版木耳 (1.0份),25.0,1.5,6.0,0.2,蔬菜
早餐版海帶 (1.1份),47.3,1.9,11.0,0.7,蔬菜
早餐版草莓 (1.2份),38.4,0.8,9.6,0.4,水果
早餐版藍莓 (1.3份),74.1,0.9,18.2,0.4,水果
早餐版葡萄 (1.4份),96.6,1.0,25.2,0.3,水果
早餐版橘子 (1.5份),70.5,1.4,18.0,0.2,水果
早餐版柳橙 (1.6份),75.2,1.4,19.2,0.2,水果
早餐版西瓜 (1.7份),51.0,1.0,13.6,0.3,水果
早餐版鳳梨 (1.8份),90.0,0.9,23.4,0.2,水果
早餐版芒果 (1.9份),114.0,1.5,28.5,0.8,水果
早餐版水梨 (2.0份),84.0,0.8,22.0,0.2,水果
早餐版桃子 (0.6份),23.4,0.5,6.0,0.2,水果
早餐版火龍果 (0.7份),35.0,0.8,8.4,0.3,水果
早餐版百香果 (0.8份),77.6,1.8,18.4,0.6,水果
早餐版酪梨 (0.9份),144.0,1.8,8.1,13.5,水果
早餐版椰子 (1.0份),354.0,3.3,15.0,33.0,水果
早餐版柿子 (1.1份),77.0,0.7,20.9,0.2,水果
早餐版杏仁 (1.2份),694.8,25.2,26.4,58.8,堅果
早餐版核桃 (1.3份),850.2,19.5,18.2,84.5,堅果
早餐版腰果 (1.4份),774.2,25.2,42.0,61.6,堅果
早餐版花生 (1.5份),850.5,39.0,24.0,73.5,堅果
早餐版開心果 (1.6份),899.2,32.0,44.8,72.0,堅果
早餐版南瓜子 (1.7份),950.3,51.0,18.7,83.3,堅果
早餐版葵瓜子 (1.8份),1051.2,37.8,36.0,91.8,堅果
早餐版洋芋片 (1.9份),1018.4,13.3,100.7,66.5,零食
早餐版玉米脆片 (2.0份),1000.0,14.0,110.0,56.0,零食
早餐版爆米花 (0.6份),232.2,7.8,46.8,2.7,零食
早餐版蘇打餅乾 (0.7份),301.0,6.3,49.0,9.1,零食
早餐版巧克力餅乾 (0.8份),384.0,4.8,53.6,16.8,零食
早餐版燕麥餅乾 (0.9份),405.0,6.3,61.2,15.3,零食
早餐版洋芋薯餅 (1.0份),260.0,3.0,28.0,15.0,零食
早餐版茶葉蛋 (1.1份),159.5,13.2,2.2,9.9,零食
早餐版滷蛋 (1.2份),180.0,14.4,2.4,12.0,零食
早餐版海苔 (1.3份),45.5,6.5,5.2,0.7,零食
早餐版黑巧克力 (1.4份),840.0,11.2,64.4,60.2,甜點
早餐版牛奶巧克力 (1.5份),802.5,12.0,88.5,45.0,甜點
早餐版布朗尼 (1.6份),656.0,8.0,80.0,35.2,甜點
早餐版乳酪蛋糕 (1.7份),544.0,10.2,45.9,35.7,甜點
早餐版提拉米蘇 (1.8份),630.0,10.8,55.8,41.4,甜點
早餐版蛋塔 (1.9份),532.0,11.4,53.2,32.3,甜點
早餐版奶油泡芙 (2.0份),500.0,10.0,46.0,32.0,甜點
早餐版可麗露 (0.6份),150.0,2.4,19.8,6.6,甜點
早餐版鬆餅 (0.7份),252.0,5.6,35.0,9.8,甜點
早餐版冰淇淋 (0.8份),168.0,3.2,19.2,8.8,甜點
早餐版芒果冰 (0.9份),297.0,2.7,63.0,5.4,甜點
早餐版豆花加花生 (1.0份),320.0,10.0,45.0,11.0,甜點
早餐版紅豆湯 (1.1份),286.0,8.8,50.6,5.5,甜點
早餐版綠豆湯 (1.2份),288.0,8.4,52.8,4.8,甜點
早餐版仙草茶 (1.3份),130.0,0.0,32.5,0.0,甜點
早餐版燒仙草 (1.4份),322.0,7.0,56.0,8.4,甜點
早餐版薯條 (1.5份),468.0,5.1,61.5,22.5,速食
早餐版炸雞腿 (1.6份),512.0,35.2,19.2,33.6,速食
早餐版炸雞翅 (1.7份),493.0,34.0,17.0,32.3,速食
早餐版起司漢堡 (1.8份),936.0,48.6,75.6,50.4,速食
早餐版雙層牛肉堡 (1.9份),1273.0,66.5,91.2,70.3,速食
早餐版雞塊 (2.0份),580.0,32.0,32.0,36.0,速食
早餐版熱狗堡 (0.6份),234.0,9.0,21.6,12.6,速食
早餐版雞肉捲 (0.7份),336.0,17.5,32.2,14.7,速食
早餐版墨西哥捲餅 (0.8份),416.0,18.4,44.8,17.6,異國
早餐版塔可 (0.9份),189.0,9.0,16.2,9.9,異國
早餐版凱薩沙拉 (1.0份),360.0,18.0,14.0,27.0,西式
早餐版烤雞沙拉 (1.1份),352.0,35.2,16.5,16.5,西式
早餐版牛排 (1.2份),540.0,54.0,0.0,33.6,西式
早餐版雞排 (1.3份),429.0,41.6,15.6,23.4,西式
早餐版焗烤飯 (1.4份),952.0,33.6,98.0,44.8,西式
早餐版焗烤義大利麵 (1.5份),1080.0,37.5,108.0,51.0,西式
早餐版番茄義大利麵 (1.6份),768.0,24.0,121.6,19.2,西式
早餐版奶油義大利麵 (1.7份),1105.0,30.6,119.0,51.0,西式
早餐版青醬義大利麵 (1.8份),1116.0,32.4,122.4,50.4,西式
早餐版白醬燉飯 (1.9份),1292.0,32.3,142.5,58.9,西式
早餐版番茄燉飯 (2.0份),1040.0,30.0,152.0,30.0,西式
早餐版韓式拌飯 (0.6份),372.0,13.2,50.4,13.2,韓式
早餐版韓式炸雞 (0.7份),455.0,21.0,31.5,26.6,韓式
早餐版韓式泡菜 (0.8份),24.0,1.6,4.0,0.4,韓式
早餐版韓式部隊鍋 (0.9份),675.0,25.2,58.5,36.0,韓式
早餐版韓式烤肉 (1.0份),550.0,35.0,10.0,40.0,韓式
早餐版韓式冷麵 (1.1份),495.0,15.4,85.8,8.8,韓式
早餐版日式拉麵 (1.2份),720.0,30.0,90.0,24.0,日式
早餐版豬排拉麵 (1.3份),1014.0,45.5,101.4,46.8,日式
早餐版牛肉烏龍麵 (1.4份),784.0,36.4,98.0,23.8,日式
早餐版天婦羅 (1.5份),630.0,24.0,54.0,36.0,日式
早餐版炸蝦天婦羅 (1.6份),496.0,24.0,32.0,32.0,日式
早餐版大阪燒 (1.7份),850.0,30.6,85.0,42.5,日式
早餐版章魚燒 (1.8份),648.0,25.2,79.2,25.2,日式
早餐版番茄 (1.9份),34.2,1.7,7.6,0.4,蔬菜
早餐版洋菇 (2.0份),44.0,6.2,6.6,0.6,蔬菜
早餐版甜椒 (0.6份),18.6,0.6,3.6,0.2,蔬菜
早餐版茄子 (0.7份),17.5,0.7,4.2,0.1,蔬菜
早餐版絲瓜 (0.8份),16.0,1.0,3.2,0.2,蔬菜
早餐版苦瓜 (0.9份),15.3,0.9,3.6,0.2,蔬菜
早餐版冬瓜 (1.0份),13.0,0.4,3.0,0.2,蔬菜
早餐版白蘿蔔 (1.1份),19.8,0.7,4.4,0.1,蔬菜
早餐版秋葵 (1.2份),39.6,2.3,8.4,0.2,蔬菜
早餐版竹筍 (1.3份),35.1,3.4,6.5,0.4,蔬菜
早餐版豆芽菜 (1.4份),42.0,4.2,8.4,0.3,蔬菜
早餐版海帶芽 (1.5份),67.5,4.5,13.5,0.9,蔬菜
午餐版白吐司 (1.6份),424.0,14.4,78.4,5.1,早餐/主食
午餐版全麥吐司 (1.7份),419.9,22.1,69.7,7.1,早餐/主食
午餐版可頌 (1.8份),730.8,14.4,81.0,37.8,早餐/烘焙
午餐版火腿起司蛋吐司 (1.9份),817.0,41.8,72.2,41.8,早餐
午餐版鮪魚蛋吐司 (2.0份),820.0,48.0,72.0,40.0,早餐
午餐版培根蛋吐司 (0.6份),276.0,12.0,21.0,16.2,早餐
午餐版總匯三明治 (0.7份),364.0,16.8,30.8,18.9,早餐
午餐版鮪魚三明治 (0.8份),312.0,17.6,33.6,12.8,早餐
午餐版雞肉三明治 (0.9份),324.0,22.5,34.2,11.7,早餐
午餐版火腿三明治 (1.0份),350.0,18.0,40.0,14.0,早餐
午餐版起司蛋餅 (1.1份),429.0,17.6,39.6,23.1,早餐
午餐版培根蛋餅 (1.2份),516.0,21.6,43.2,30.0,早餐
午餐版玉米蛋餅 (1.3份),468.0,16.9,55.9,20.8,早餐
午餐版鮪魚蛋餅 (1.4份),574.0,28.0,51.8,30.8,早餐
午餐版蘿蔔糕加蛋 (1.5份),450.0,15.0,51.0,21.0,早餐
午餐版法國吐司 (1.6份),512.0,17.6,67.2,19.2,早餐
午餐版美式早餐盤 (1.7份),1105.0,47.6,76.5,66.3,早餐
午餐版燕麥粥 (1.8份),396.0,14.4,64.8,10.8,早餐
午餐版水果燕麥優格 (1.9份),532.0,22.8,81.7,13.3,早餐
午餐版優格 (2.0份),240.0,14.0,28.0,8.0,乳品
午餐版希臘優格 (0.6份),84.0,7.2,4.8,3.6,乳品
午餐版低脂鮮奶 (0.7份),73.5,5.6,8.4,2.1,乳品
午餐版全脂鮮奶 (0.8份),120.0,6.4,9.6,6.4,乳品
午餐版無糖優格 (0.9份),85.5,8.1,5.4,3.6,乳品
午餐版豆漿 (1.0份),170.0,12.0,10.0,7.0,飲品
午餐版黑豆漿 (1.1份),198.0,14.3,11.0,7.7,飲品
午餐版燕麥奶 (1.2份),144.0,3.6,19.2,6.0,飲品
午餐版杏仁奶 (1.3份),52.0,1.3,2.6,3.9,飲品
午餐版綠豆漿 (1.4份),266.0,15.4,35.0,7.0,飲品
午餐版紅茶 (1.5份),7.5,0.0,1.5,0.0,飲品
午餐版綠茶 (1.6份),3.2,0.0,0.0,0.0,飲品
午餐版烏龍茶 (1.7份),3.4,0.0,0.0,0.0,飲品
午餐版無糖綠茶 (1.8份),3.6,0.0,0.0,0.0,飲品
午餐版檸檬紅茶 (1.9份),190.0,0.0,47.5,0.0,飲品
午餐版可樂 (2.0份),280.0,0.0,78.0,0.0,飲品
午餐版汽水 (0.6份),84.0,0.0,23.4,0.0,飲品
午餐版運動飲料 (0.7份),84.0,0.0,21.0,0.0,飲品
午餐版無糖氣泡水 (0.8份),0.0,0.0,0.0,0.0,飲品
午餐版巧克力牛奶 (0.9份),171.0,6.3,27.0,4.5,飲品
午餐版香蕉牛奶 (1.0份),210.0,7.0,34.0,5.0,飲品
午餐版抹茶拿鐵 (1.1份),242.0,7.7,29.7,9.9,飲品
午餐版摩卡 (1.2份),312.0,9.6,38.4,13.2,飲品
午餐版卡布奇諾 (1.3份),156.0,7.8,13.0,7.8,飲品
午餐版焦糖瑪奇朵 (1.4份),350.0,9.8,47.6,14.0,飲品
午餐版可可 (1.5份),315.0,10.5,45.0,10.5,飲品
午餐版水果茶 (1.6份),256.0,0.0,60.8,0.0,飲品
午餐版奶茶 (1.7份),374.0,8.5,54.4,13.6,飲品
午餐版冬瓜茶 (1.8份),270.0,0.0,66.6,0.0,飲品
午餐版檸檬汁 (1.9份),114.0,0.0,28.5,0.0,飲品
午餐版白飯 (2.0份),560.0,10.8,122.0,1.2,主食
午餐版紫米飯 (0.6份),162.0,3.6,34.8,0.7,主食
午餐版五穀飯 (0.7份),178.5,4.2,37.1,1.4,主食
午餐版藜麥飯 (0.8份),200.0,6.4,36.8,3.2,主食
午餐版燕麥飯 (0.9份),220.5,5.4,40.5,3.1,主食
午餐版玉米 (1.0份),120.0,4.0,27.0,2.0,主食
午餐版南瓜 (1.1份),77.0,2.2,17.6,0.2,蔬菜
午餐版馬鈴薯 (1.2份),156.0,3.6,36.0,0.2,主食
午餐版山藥 (1.3份),156.0,3.9,35.1,0.3,主食
午餐版芋頭 (1.4份),182.0,2.8,42.0,0.3,主食
午餐版冬粉 (1.5份),255.0,0.0,63.0,0.0,主食
午餐版烏龍麵 (1.6份),432.0,14.4,89.6,1.6,麵食
午餐版拉麵 (1.7份),731.0,25.5,110.5,20.4,麵食
午餐版蕎麥麵 (1.8份),540.0,23.4,100.8,3.6,麵食
午餐版米粉 (1.9份),665.0,11.4,152.0,1.9,麵食
午餐版意麵 (2.0份),760.0,22.0,132.0,18.0,麵食
午餐版炒飯 (0.6份),372.0,10.2,49.2,13.2,主餐
午餐版蛋炒飯 (0.7份),406.0,12.6,54.6,14.0,主餐
午餐版肉絲炒飯 (0.8份),520.0,19.2,64.0,20.0,主餐
午餐版蝦仁炒飯 (0.9份),558.0,22.5,70.2,19.8,主餐
午餐版炒麵 (1.0份),550.0,17.0,68.0,23.0,主餐
午餐版炒烏龍 (1.1份),616.0,19.8,79.2,24.2,主餐
午餐版鍋燒意麵 (1.2份),624.0,28.8,78.0,20.4,主餐
午餐版雞肉飯 (1.3份),676.0,35.1,85.8,22.1,主餐
午餐版魚排飯 (1.4份),910.0,44.8,109.2,32.2,主餐
午餐版牛丼 (1.5份),1080.0,46.5,129.0,40.5,日式
午餐版親子丼 (1.6份),1088.0,49.6,124.8,38.4,日式
午餐版豬排丼 (1.7份),1326.0,57.8,139.4,57.8,日式
午餐版咖哩飯 (1.8份),1260.0,36.0,158.4,48.6,日式
午餐版日式豬排飯 (1.9份),1444.0,66.5,161.5,58.9,日式
午餐版壽司 (2.0份),600.0,20.0,108.0,10.0,日式
午餐版鮭魚壽司 (0.6份),198.0,9.0,30.0,4.8,日式
午餐版鮪魚壽司 (0.7份),217.0,11.2,35.0,4.2,日式
午餐版蝦壽司 (0.8份),232.0,10.4,41.6,3.2,日式
午餐版玉子燒 (0.9份),162.0,9.0,9.0,9.0,日式
午餐版味噌湯 (1.0份),55.0,4.0,5.0,2.0,湯品
午餐版茶碗蒸 (1.1份),121.0,9.9,4.4,6.6,日式
午餐版烤鯖魚 (1.2份),336.0,30.0,0.0,24.0,海鮮
午餐版烤鮭魚 (1.3份),312.0,32.5,0.0,19.5,海鮮
午餐版烤鯛魚 (1.4份),252.0,37.8,0.0,9.8,海鮮
午餐版清蒸鱈魚 (1.5份),225.0,40.5,0.0,6.0,海鮮
午餐版蝦仁 (1.6份),160.0,38.4,1.6,0.5,海鮮
午餐版透抽 (1.7份),187.0,30.6,5.1,3.4,海鮮
午餐版蛤蜊 (1.8份),144.0,23.4,7.2,2.7,海鮮
午餐版蚵仔 (1.9份),161.5,17.1,9.5,5.7,海鮮
午餐版鮪魚 (2.0份),260.0,58.0,0.0,2.0,海鮮
午餐版鯛魚 (0.6份),78.0,15.6,0.0,1.8,海鮮
午餐版鯖魚 (0.7份),147.0,14.0,0.0,9.8,海鮮
午餐版鯷魚 (0.8份),104.0,23.2,0.0,4.0,海鮮
午餐版雞胸肉 (0.9份),148.5,27.9,0.0,3.2,蛋白質
午餐版雞腿肉 (1.0份),220.0,25.0,0.0,13.0,蛋白質
午餐版雞翅 (1.1份),253.0,26.4,0.0,16.5,蛋白質
午餐版雞里肌 (1.2份),180.0,36.0,0.0,3.6,蛋白質
午餐版豬里肌 (1.3份),273.0,35.1,0.0,13.0,蛋白質
午餐版豬梅花 (1.4份),350.0,30.8,0.0,25.2,蛋白質
午餐版豬五花 (1.5份),585.0,21.0,0.0,55.5,蛋白質
午餐版牛里肌 (1.6份),336.0,44.8,0.0,16.0,蛋白質
午餐版牛腱 (1.7份),289.0,47.6,0.0,10.2,蛋白質
午餐版牛五花 (1.8份),594.0,32.4,0.0,50.4,蛋白質
午餐版羊肉 (1.9份),475.0,47.5,0.0,30.4,蛋白質
午餐版培根 (2.0份),1080.0,74.0,2.0,84.0,加工肉
午餐版火腿 (0.6份),87.0,12.6,1.2,3.6,加工肉
午餐版香腸 (0.7份),224.0,8.4,3.5,19.6,加工肉
午餐版德國香腸 (0.8份),240.0,10.4,3.2,20.8,加工肉
午餐版熱狗 (0.9份),261.0,9.9,3.6,22.5,加工肉
午餐版雞肉香腸 (1.0份),220.0,16.0,4.0,15.0,加工肉
午餐版板豆腐 (1.1份),93.5,9.9,2.2,5.5,豆製品
午餐版嫩豆腐 (1.2份),66.0,6.0,2.4,3.6,豆製品
午餐版豆干 (1.3份),208.0,26.0,10.4,9.1,豆製品
午餐版毛豆 (1.4份),196.0,16.8,14.0,8.4,豆製品
午餐版黑豆 (1.5份),225.0,15.0,40.5,1.5,豆製品
午餐版鷹嘴豆 (1.6份),264.0,14.4,43.2,4.8,豆製品
午餐版紅豆 (1.7份),212.5,13.6,37.4,0.9,豆類
午餐版高麗菜 (1.8份),45.0,2.3,10.8,0.2,蔬菜
午餐版菠菜 (1.9份),43.7,5.5,6.8,0.8,蔬菜
午餐版青江菜 (2.0份),26.0,3.0,4.0,0.4,蔬菜
午餐版花椰菜 (0.6份),20.4,1.7,4.2,0.2,蔬菜
午餐版白花椰菜 (0.7份),17.5,1.4,3.5,0.2,蔬菜
午餐版空心菜 (0.8份),16.0,1.6,2.4,0.2,蔬菜
午餐版地瓜葉 (0.9份),27.0,2.7,4.5,0.3,蔬菜
午餐版A菜 (1.0份),17.0,1.5,3.0,0.2,蔬菜
午餐版大陸妹 (1.1份),19.8,1.7,3.3,0.2,蔬菜
午餐版番茄 (1.2份),21.6,1.1,4.8,0.2,蔬菜
午餐版小黃瓜 (1.3份),19.5,0.9,4.7,0.1,蔬菜
午餐版紅蘿蔔 (1.4份),57.4,1.3,14.0,0.3,蔬菜
午餐版洋蔥 (1.5份),60.0,1.7,13.5,0.2,蔬菜
午餐版玉米筍 (1.6份),41.6,4.0,8.0,0.3,蔬菜
午餐版香菇 (1.7份),57.8,5.3,11.9,0.9,蔬菜
午餐版金針菇 (1.8份),66.6,4.9,12.6,0.5,蔬菜
午餐版杏鮑菇 (1.9份),66.5,4.8,13.3,0.6,蔬菜
午餐版木耳 (2.0份),50.0,3.0,12.0,0.4,蔬菜
午餐版海帶 (0.6份),25.8,1.0,6.0,0.4,蔬菜
午餐版草莓 (0.7份),22.4,0.5,5.6,0.2,水果
午餐版藍莓 (0.8份),45.6,0.6,11.2,0.2,水果
午餐版葡萄 (0.9份),62.1,0.6,16.2,0.2,水果
午餐版橘子 (1.0份),47.0,0.9,12.0,0.1,水果
午餐版柳橙 (1.1份),51.7,1.0,13.2,0.1,水果
午餐版西瓜 (1.2份),36.0,0.7,9.6,0.2,水果
午餐版鳳梨 (1.3份),65.0,0.7,16.9,0.1,水果
午餐版芒果 (1.4份),84.0,1.1,21.0,0.6,水果
午餐版水梨 (1.5份),63.0,0.6,16.5,0.2,水果
午餐版桃子 (1.6份),62.4,1.4,16.0,0.5,水果
午餐版火龍果 (1.7份),85.0,1.9,20.4,0.7,水果
午餐版百香果 (1.8份),174.6,4.0,41.4,1.3,水果
午餐版酪梨 (1.9份),304.0,3.8,17.1,28.5,水果
午餐版椰子 (2.0份),708.0,6.6,30.0,66.0,水果
午餐版柿子 (0.6份),42.0,0.4,11.4,0.1,水果
午餐版杏仁 (0.7份),405.3,14.7,15.4,34.3,堅果
午餐版核桃 (0.8份),523.2,12.0,11.2,52.0,堅果
午餐版腰果 (0.9份),497.7,16.2,27.0,39.6,堅果
午餐版花生 (1.0份),567.0,26.0,16.0,49.0,堅果
午餐版開心果 (1.1份),618.2,22.0,30.8,49.5,堅果
午餐版南瓜子 (1.2份),670.8,36.0,13.2,58.8,堅果
午餐版葵瓜子 (1.3份),759.2,27.3,26.0,66.3,堅果
午餐版洋芋片 (1.4份),750.4,9.8,74.2,49.0,零食
午餐版玉米脆片 (1.5份),750.0,10.5,82.5,42.0,零食
午餐版爆米花 (1.6份),619.2,20.8,124.8,7.2,零食
午餐版蘇打餅乾 (1.7份),731.0,15.3,119.0,22.1,零食
午餐版巧克力餅乾 (1.8份),864.0,10.8,120.6,37.8,零食
午餐版燕麥餅乾 (1.9份),855.0,13.3,129.2,32.3,零食
午餐版洋芋薯餅 (2.0份),520.0,6.0,56.0,30.0,零食
午餐版茶葉蛋 (0.6份),87.0,7.2,1.2,5.4,零食
午餐版滷蛋 (0.7份),105.0,8.4,1.4,7.0,零食
午餐版海苔 (0.8份),28.0,4.0,3.2,0.4,零食
午餐版黑巧克力 (0.9份),540.0,7.2,41.4,38.7,甜點
午餐版牛奶巧克力 (1.0份),535.0,8.0,59.0,30.0,甜點
午餐版布朗尼 (1.1份),451.0,5.5,55.0,24.2,甜點
午餐版乳酪蛋糕 (1.2份),384.0,7.2,32.4,25.2,甜點
午餐版提拉米蘇 (1.3份),455.0,7.8,40.3,29.9,甜點
午餐版蛋塔 (1.4份),392.0,8.4,39.2,23.8,甜點
午餐版奶油泡芙 (1.5份),375.0,7.5,34.5,24.0,甜點
午餐版可麗露 (1.6份),400.0,6.4,52.8,17.6,甜點
午餐版鬆餅 (1.7份),612.0,13.6,85.0,23.8,甜點
午餐版冰淇淋 (1.8份),378.0,7.2,43.2,19.8,甜點
午餐版芒果冰 (1.9份),627.0,5.7,133.0,11.4,甜點
午餐版豆花加花生 (2.0份),640.0,20.0,90.0,22.0,甜點
午餐版紅豆湯 (0.6份),156.0,4.8,27.6,3.0,甜點
午餐版綠豆湯 (0.7份),168.0,4.9,30.8,2.8,甜點
午餐版仙草茶 (0.8份),80.0,0.0,20.0,0.0,甜點
午餐版燒仙草 (0.9份),207.0,4.5,36.0,5.4,甜點
午餐版薯條 (1.0份),312.0,3.4,41.0,15.0,速食
午餐版炸雞腿 (1.1份),352.0,24.2,13.2,23.1,速食
午餐版炸雞翅 (1.2份),348.0,24.0,12.0,22.8,速食
午餐版起司漢堡 (1.3份),676.0,35.1,54.6,36.4,速食
午餐版雙層牛肉堡 (1.4份),938.0,49.0,67.2,51.8,速食
午餐版雞塊 (1.5份),435.0,24.0,24.0,27.0,速食
午餐版熱狗堡 (1.6份),624.0,24.0,57.6,33.6,速食
午餐版雞肉捲 (1.7份),816.0,42.5,78.2,35.7,速食
午餐版墨西哥捲餅 (1.8份),936.0,41.4,100.8,39.6,異國
午餐版塔可 (1.9份),399.0,19.0,34.2,20.9,異國
午餐版凱薩沙拉 (2.0份),720.0,36.0,28.0,54.0,西式
午餐版烤雞沙拉 (0.6份),192.0,19.2,9.0,9.0,西式
午餐版牛排 (0.7份),315.0,31.5,0.0,19.6,西式
午餐版雞排 (0.8份),264.0,25.6,9.6,14.4,西式
午餐版焗烤飯 (0.9份),612.0,21.6,63.0,28.8,西式
午餐版焗烤義大利麵 (1.0份),720.0,25.0,72.0,34.0,西式
午餐版番茄義大利麵 (1.1份),528.0,16.5,83.6,13.2,西式
午餐版奶油義大利麵 (1.2份),780.0,21.6,84.0,36.0,西式
午餐版青醬義大利麵 (1.3份),806.0,23.4,88.4,36.4,西式
午餐版白醬燉飯 (1.4份),952.0,23.8,105.0,43.4,西式
午餐版番茄燉飯 (1.5份),780.0,22.5,114.0,22.5,西式
午餐版韓式拌飯 (1.6份),992.0,35.2,134.4,35.2,韓式
午餐版韓式炸雞 (1.7份),1105.0,51.0,76.5,64.6,韓式
午餐版韓式泡菜 (1.8份),54.0,3.6,9.0,0.9,韓式
午餐版韓式部隊鍋 (1.9份),1425.0,53.2,123.5,76.0,韓式
午餐版韓式烤肉 (2.0份),1100.0,70.0,20.0,80.0,韓式
午餐版韓式冷麵 (0.6份),270.0,8.4,46.8,4.8,韓式
午餐版日式拉麵 (0.7份),420.0,17.5,52.5,14.0,日式
午餐版豬排拉麵 (0.8份),624.0,28.0,62.4,28.8,日式
午餐版牛肉烏龍麵 (0.9份),504.0,23.4,63.0,15.3,日式
午餐版天婦羅 (1.0份),420.0,16.0,36.0,24.0,日式
午餐版炸蝦天婦羅 (1.1份),341.0,16.5,22.0,22.0,日式
午餐版大阪燒 (1.2份),600.0,21.6,60.0,30.0,日式
午餐版章魚燒 (1.3份),468.0,18.2,57.2,18.2,日式
午餐版番茄 (1.4份),25.2,1.3,5.6,0.3,蔬菜
午餐版洋菇 (1.5份),33.0,4.7,4.9,0.4,蔬菜
午餐版甜椒 (1.6份),49.6,1.6,9.6,0.5,蔬菜
午餐版茄子 (1.7份),42.5,1.7,10.2,0.3,蔬菜
午餐版絲瓜 (1.8份),36.0,2.2,7.2,0.4,蔬菜
午餐版苦瓜 (1.9份),32.3,1.9,7.6,0.4,蔬菜
午餐版冬瓜 (2.0份),26.0,0.8,6.0,0.4,蔬菜
午餐版白蘿蔔 (0.6份),10.8,0.4,2.4,0.1,蔬菜
午餐版秋葵 (0.7份),23.1,1.3,4.9,0.1,蔬菜
午餐版竹筍 (0.8份),21.6,2.1,4.0,0.2,蔬菜
午餐版豆芽菜 (0.9份),27.0,2.7,5.4,0.2,蔬菜
午餐版海帶芽 (1.0份),45.0,3.0,9.0,0.6,蔬菜
晚餐版白吐司 (1.1份),291.5,9.9,53.9,3.5,早餐/主食
晚餐版全麥吐司 (1.2份),296.4,15.6,49.2,5.0,早餐/主食
晚餐版可頌 (1.3份),527.8,10.4,58.5,27.3,早餐/烘焙
晚餐版火腿起司蛋吐司 (1.4份),602.0,30.8,53.2,30.8,早餐
晚餐版鮪魚蛋吐司 (1.5份),615.0,36.0,54.0,30.0,早餐
晚餐版培根蛋吐司 (1.6份),736.0,32.0,56.0,43.2,早餐
晚餐版總匯三明治 (1.7份),884.0,40.8,74.8,45.9,早餐
晚餐版鮪魚三明治 (1.8份),702.0,39.6,75.6,28.8,早餐
晚餐版雞肉三明治 (1.9份),684.0,47.5,72.2,24.7,早餐
晚餐版火腿三明治 (2.0份),700.0,36.0,80.0,28.0,早餐
晚餐版起司蛋餅 (0.6份),234.0,9.6,21.6,12.6,早餐
晚餐版培根蛋餅 (0.7份),301.0,12.6,25.2,17.5,早餐
晚餐版玉米蛋餅 (0.8份),288.0,10.4,34.4,12.8,早餐
晚餐版鮪魚蛋餅 (0.9份),369.0,18.0,33.3,19.8,早餐
晚餐版蘿蔔糕加蛋 (1.0份),300.0,10.0,34.0,14.0,早餐
晚餐版法國吐司 (1.1份),352.0,12.1,46.2,13.2,早餐
晚餐版美式早餐盤 (1.2份),780.0,33.6,54.0,46.8,早餐
晚餐版燕麥粥 (1.3份),286.0,10.4,46.8,7.8,早餐
晚餐版水果燕麥優格 (1.4份),392.0,16.8,60.2,9.8,早餐
晚餐版優格 (1.5份),180.0,10.5,21.0,6.0,乳品
晚餐版希臘優格 (1.6份),224.0,19.2,12.8,9.6,乳品
晚餐版低脂鮮奶 (1.7份),178.5,13.6,20.4,5.1,乳品
晚餐版全脂鮮奶 (1.8份),270.0,14.4,21.6,14.4,乳品
晚餐版無糖優格 (1.9份),180.5,17.1,11.4,7.6,乳品
晚餐版豆漿 (2.0份),340.0,24.0,20.0,14.0,飲品
晚餐版黑豆漿 (0.6份),108.0,7.8,6.0,4.2,飲品
晚餐版燕麥奶 (0.7份),84.0,2.1,11.2,3.5,飲品
晚餐版杏仁奶 (0.8份),32.0,0.8,1.6,2.4,飲品
晚餐版綠豆漿 (0.9份),171.0,9.9,22.5,4.5,飲品
晚餐版紅茶 (1.0份),5.0,0.0,1.0,0.0,飲品
晚餐版綠茶 (1.1份),2.2,0.0,0.0,0.0,飲品
晚餐版烏龍茶 (1.2份),2.4,0.0,0.0,0.0,飲品
晚餐版無糖綠茶 (1.3份),2.6,0.0,0.0,0.0,飲品
晚餐版檸檬紅茶 (1.4份),140.0,0.0,35.0,0.0,飲品
晚餐版可樂 (1.5份),210.0,0.0,58.5,0.0,飲品
晚餐版汽水 (1.6份),224.0,0.0,62.4,0.0,飲品
晚餐版運動飲料 (1.7份),204.0,0.0,51.0,0.0,飲品
晚餐版無糖氣泡水 (1.8份),0.0,0.0,0.0,0.0,飲品
晚餐版巧克力牛奶 (1.9份),361.0,13.3,57.0,9.5,飲品
晚餐版香蕉牛奶 (2.0份),420.0,14.0,68.0,10.0,飲品
晚餐版抹茶拿鐵 (0.6份),132.0,4.2,16.2,5.4,飲品
晚餐版摩卡 (0.7份),182.0,5.6,22.4,7.7,飲品
晚餐版卡布奇諾 (0.8份),96.0,4.8,8.0,4.8,飲品
晚餐版焦糖瑪奇朵 (0.9份),225.0,6.3,30.6,9.0,飲品
晚餐版可可 (1.0份),210.0,7.0,30.0,7.0,飲品
晚餐版水果茶 (1.1份),176.0,0.0,41.8,0.0,飲品
晚餐版奶茶 (1.2份),264.0,6.0,38.4,9.6,飲品
晚餐版冬瓜茶 (1.3份),195.0,0.0,48.1,0.0,飲品
晚餐版檸檬汁 (1.4份),84.0,0.0,21.0,0.0,飲品
晚餐版白飯 (1.5份),420.0,8.1,91.5,0.9,主食
晚餐版紫米飯 (1.6份),432.0,9.6,92.8,1.9,主食
晚餐版五穀飯 (1.7份),433.5,10.2,90.1,3.4,主食
晚餐版藜麥飯 (1.8份),450.0,14.4,82.8,7.2,主食
晚餐版燕麥飯 (1.9份),465.5,11.4,85.5,6.6,主食
晚餐版玉米 (2.0份),240.0,8.0,54.0,4.0,主食
晚餐版南瓜 (0.6份),42.0,1.2,9.6,0.1,蔬菜
晚餐版馬鈴薯 (0.7份),91.0,2.1,21.0,0.1,主食
晚餐版山藥 (0.8份),96.0,2.4,21.6,0.2,主食
晚餐版芋頭 (0.9份),117.0,1.8,27.0,0.2,主食
晚餐版冬粉 (1.0份),170.0,0.0,42.0,0.0,主食
晚餐版烏龍麵 (1.1份),297.0,9.9,61.6,1.1,麵食
晚餐版拉麵 (1.2份),516.0,18.0,78.0,14.4,麵食
晚餐版蕎麥麵 (1.3份),390.0,16.9,72.8,2.6,麵食
晚餐版米粉 (1.4份),490.0,8.4,112.0,1.4,麵食
晚餐版意麵 (1.5份),570.0,16.5,99.0,13.5,麵食
晚餐版炒飯 (1.6份),992.0,27.2,131.2,35.2,主餐
晚餐版蛋炒飯 (1.7份),986.0,30.6,132.6,34.0,主餐
晚餐版肉絲炒飯 (1.8份),1170.0,43.2,144.0,45.0,主餐
晚餐版蝦仁炒飯 (1.9份),1178.0,47.5,148.2,41.8,主餐
晚餐版炒麵 (2.0份),1100.0,34.0,136.0,46.0,主餐
晚餐版炒烏龍 (0.6份),336.0,10.8,43.2,13.2,主餐
晚餐版鍋燒意麵 (0.7份),364.0,16.8,45.5,11.9,主餐
晚餐版雞肉飯 (0.8份),416.0,21.6,52.8,13.6,主餐
晚餐版魚排飯 (0.9份),585.0,28.8,70.2,20.7,主餐
晚餐版牛丼 (1.0份),720.0,31.0,86.0,27.0,日式
晚餐版親子丼 (1.1份),748.0,34.1,85.8,26.4,日式
晚餐版豬排丼 (1.2份),936.0,40.8,98.4,40.8,日式
晚餐版咖哩飯 (1.3份),910.0,26.0,114.4,35.1,日式
晚餐版日式豬排飯 (1.4份),1064.0,49.0,119.0,43.4,日式
晚餐版壽司 (1.5份),450.0,15.0,81.0,7.5,日式
晚餐版鮭魚壽司 (1.6份),528.0,24.0,80.0,12.8,日式
晚餐版鮪魚壽司 (1.7份),527.0,27.2,85.0,10.2,日式
晚餐版蝦壽司 (1.8份),522.0,23.4,93.6,7.2,日式
晚餐版玉子燒 (1.9份),342.0,19.0,19.0,19.0,日式
晚餐版味噌湯 (2.0份),110.0,8.0,10.0,4.0,湯品
晚餐版茶碗蒸 (0.6份),66.0,5.4,2.4,3.6,日式
晚餐版烤鯖魚 (0.7份),196.0,17.5,0.0,14.0,海鮮
晚餐版烤鮭魚 (0.8份),192.0,20.0,0.0,12.0,海鮮
晚餐版烤鯛魚 (0.9份),162.0,24.3,0.0,6.3,海鮮
晚餐版清蒸鱈魚 (1.0份),150.0,27.0,0.0,4.0,海鮮
晚餐版蝦仁 (1.1份),110.0,26.4,1.1,0.3,海鮮
晚餐版透抽 (1.2份),132.0,21.6,3.6,2.4,海鮮
晚餐版蛤蜊 (1.3份),104.0,16.9,5.2,2.0,海鮮
晚餐版蚵仔 (1.4份),119.0,12.6,7.0,4.2,海鮮
晚餐版鮪魚 (1.5份),195.0,43.5,0.0,1.5,海鮮
晚餐版鯛魚 (1.6份),208.0,41.6,0.0,4.8,海鮮
晚餐版鯖魚 (1.7份),357.0,34.0,0.0,23.8,海鮮
晚餐版鯷魚 (1.8份),234.0,52.2,0.0,9.0,海鮮
晚餐版雞胸肉 (1.9份),313.5,58.9,0.0,6.8,蛋白質
晚餐版雞腿肉 (2.0份),440.0,50.0,0.0,26.0,蛋白質
晚餐版雞翅 (0.6份),138.0,14.4,0.0,9.0,蛋白質
晚餐版雞里肌 (0.7份),105.0,21.0,0.0,2.1,蛋白質
晚餐版豬里肌 (0.8份),168.0,21.6,0.0,8.0,蛋白質
晚餐版豬梅花 (0.9份),225.0,19.8,0.0,16.2,蛋白質
晚餐版豬五花 (1.0份),390.0,14.0,0.0,37.0,蛋白質
晚餐版牛里肌 (1.1份),231.0,30.8,0.0,11.0,蛋白質
晚餐版牛腱 (1.2份),204.0,33.6,0.0,7.2,蛋白質
晚餐版牛五花 (1.3份),429.0,23.4,0.0,36.4,蛋白質
晚餐版羊肉 (1.4份),350.0,35.0,0.0,22.4,蛋白質
晚餐版培根 (1.5份),810.0,55.5,1.5,63.0,加工肉
晚餐版火腿 (1.6份),232.0,33.6,3.2,9.6,加工肉
晚餐版香腸 (1.7份),544.0,20.4,8.5,47.6,加工肉
晚餐版德國香腸 (1.8份),540.0,23.4,7.2,46.8,加工肉
晚餐版熱狗 (1.9份),551.0,20.9,7.6,47.5,加工肉
晚餐版雞肉香腸 (2.0份),440.0,32.0,8.0,30.0,加工肉
晚餐版板豆腐 (0.6份),51.0,5.4,1.2,3.0,豆製品
晚餐版嫩豆腐 (0.7份),38.5,3.5,1.4,2.1,豆製品
晚餐版豆干 (0.8份),128.0,16.0,6.4,5.6,豆製品
晚餐版毛豆 (0.9份),126.0,10.8,9.0,5.4,豆製品
晚餐版黑豆 (1.0份),150.0,10.0,27.0,1.0,豆製品
晚餐版鷹嘴豆 (1.1份),181.5,9.9,29.7,3.3,豆製品
晚餐版紅豆 (1.2份),150.0,9.6,26.4,0.6,豆類
晚餐版高麗菜 (1.3份),32.5,1.7,7.8,0.1,蔬菜
晚餐版菠菜 (1.4份),32.2,4.1,5.0,0.6,蔬菜
晚餐版青江菜 (1.5份),19.5,2.2,3.0,0.3,蔬菜
晚餐版花椰菜 (1.6份),54.4,4.5,11.2,0.6,蔬菜
晚餐版白花椰菜 (1.7份),42.5,3.4,8.5,0.5,蔬菜
晚餐版空心菜 (1.8份),36.0,3.6,5.4,0.5,蔬菜
晚餐版地瓜葉 (1.9份),57.0,5.7,9.5,0.6,蔬菜
晚餐版A菜 (2.0份),34.0,3.0,6.0,0.4,蔬菜
晚餐版大陸妹 (0.6份),10.8,0.9,1.8,0.1,蔬菜
晚餐版番茄 (0.7份),12.6,0.6,2.8,0.1,蔬菜
晚餐版小黃瓜 (0.8份),12.0,0.6,2.9,0.1,蔬菜
晚餐版紅蘿蔔 (0.9份),36.9,0.8,9.0,0.2,蔬菜
晚餐版洋蔥 (1.0份),40.0,1.1,9.0,0.1,蔬菜
晚餐版玉米筍 (1.1份),28.6,2.8,5.5,0.2,蔬菜
晚餐版香菇 (1.2份),40.8,3.7,8.4,0.6,蔬菜
晚餐版金針菇 (1.3份),48.1,3.5,9.1,0.4,蔬菜
晚餐版杏鮑菇 (1.4份),49.0,3.5,9.8,0.4,蔬菜
晚餐版木耳 (1.5份),37.5,2.2,9.0,0.3,蔬菜
晚餐版海帶 (1.6份),68.8,2.7,16.0,1.0,蔬菜
晚餐版草莓 (1.7份),54.4,1.2,13.6,0.5,水果
晚餐版藍莓 (1.8份),102.6,1.3,25.2,0.5,水果
晚餐版葡萄 (1.9份),131.1,1.3,34.2,0.4,水果
晚餐版橘子 (2.0份),94.0,1.8,24.0,0.2,水果
晚餐版柳橙 (0.6份),28.2,0.5,7.2,0.1,水果
晚餐版西瓜 (0.7份),21.0,0.4,5.6,0.1,水果
晚餐版鳳梨 (0.8份),40.0,0.4,10.4,0.1,水果
晚餐版芒果 (0.9份),54.0,0.7,13.5,0.4,水果
晚餐版水梨 (1.0份),42.0,0.4,11.0,0.1,水果
晚餐版桃子 (1.1份),42.9,1.0,11.0,0.3,水果
晚餐版火龍果 (1.2份),60.0,1.3,14.4,0.5,水果
晚餐版百香果 (1.3份),126.1,2.9,29.9,0.9,水果
晚餐版酪梨 (1.4份),224.0,2.8,12.6,21.0,水果
晚餐版椰子 (1.5份),531.0,4.9,22.5,49.5,水果
晚餐版柿子 (1.6份),112.0,1.0,30.4,0.3,水果
晚餐版杏仁 (1.7份),984.3,35.7,37.4,83.3,堅果
晚餐版核桃 (1.8份),1177.2,27.0,25.2,117.0,堅果
晚餐版腰果 (1.9份),1050.7,34.2,57.0,83.6,堅果
晚餐版花生 (2.0份),1134.0,52.0,32.0,98.0,堅果
晚餐版開心果 (0.6份),337.2,12.0,16.8,27.0,堅果
晚餐版南瓜子 (0.7份),391.3,21.0,7.7,34.3,堅果
晚餐版葵瓜子 (0.8份),467.2,16.8,16.0,40.8,堅果
晚餐版洋芋片 (0.9份),482.4,6.3,47.7,31.5,零食
晚餐版玉米脆片 (1.0份),500.0,7.0,55.0,28.0,零食
晚餐版爆米花 (1.1份),425.7,14.3,85.8,5.0,零食
晚餐版蘇打餅乾 (1.2份),516.0,10.8,84.0,15.6,零食
晚餐版巧克力餅乾 (1.3份),624.0,7.8,87.1,27.3,零食
晚餐版燕麥餅乾 (1.4份),630.0,9.8,95.2,23.8,零食
晚餐版洋芋薯餅 (1.5份),390.0,4.5,42.0,22.5,零食
晚餐版茶葉蛋 (1.6份),232.0,19.2,3.2,14.4,零食
晚餐版滷蛋 (1.7份),255.0,20.4,3.4,17.0,零食
晚餐版海苔 (1.8份),63.0,9.0,7.2,0.9,零食
晚餐版黑巧克力 (1.9份),1140.0,15.2,87.4,81.7,甜點
晚餐版牛奶巧克力 (2.0份),1070.0,16.0,118.0,60.0,甜點
晚餐版布朗尼 (0.6份),246.0,3.0,30.0,13.2,甜點
晚餐版乳酪蛋糕 (0.7份),224.0,4.2,18.9,14.7,甜點
晚餐版提拉米蘇 (0.8份),280.0,4.8,24.8,18.4,甜點
晚餐版蛋塔 (0.9份),252.0,5.4,25.2,15.3,甜點
晚餐版奶油泡芙 (1.0份),250.0,5.0,23.0,16.0,甜點
晚餐版可麗露 (1.1份),275.0,4.4,36.3,12.1,甜點
晚餐版鬆餅 (1.2份),432.0,9.6,60.0,16.8,甜點
晚餐版冰淇淋 (1.3份),273.0,5.2,31.2,14.3,甜點
晚餐版芒果冰 (1.4份),462.0,4.2,98.0,8.4,甜點
晚餐版豆花加花生 (1.5份),480.0,15.0,67.5,16.5,甜點
晚餐版紅豆湯 (1.6份),416.0,12.8,73.6,8.0,甜點
晚餐版綠豆湯 (1.7份),408.0,11.9,74.8,6.8,甜點
晚餐版仙草茶 (1.8份),180.0,0.0,45.0,0.0,甜點
晚餐版燒仙草 (1.9份),437.0,9.5,76.0,11.4,甜點
晚餐版薯條 (2.0份),624.0,6.8,82.0,30.0,速食
晚餐版炸雞腿 (0.6份),192.0,13.2,7.2,12.6,速食
晚餐版炸雞翅 (0.7份),203.0,14.0,7.0,13.3,速食
晚餐版起司漢堡 (0.8份),416.0,21.6,33.6,22.4,速食
晚餐版雙層牛肉堡 (0.9份),603.0,31.5,43.2,33.3,速食
晚餐版雞塊 (1.0份),290.0,16.0,16.0,18.0,速食
晚餐版熱狗堡 (1.1份),429.0,16.5,39.6,23.1,速食
晚餐版雞肉捲 (1.2份),576.0,30.0,55.2,25.2,速食
晚餐版墨西哥捲餅 (1.3份),676.0,29.9,72.8,28.6,異國
晚餐版塔可 (1.4份),294.0,14.0,25.2,15.4,異國
晚餐版凱薩沙拉 (1.5份),540.0,27.0,21.0,40.5,西式
晚餐版烤雞沙拉 (1.6份),512.0,51.2,24.0,24.0,西式
晚餐版牛排 (1.7份),765.0,76.5,0.0,47.6,西式
晚餐版雞排 (1.8份),594.0,57.6,21.6,32.4,西式
晚餐版焗烤飯 (1.9份),1292.0,45.6,133.0,60.8,西式
晚餐版焗烤義大利麵 (2.0份),1440.0,50.0,144.0,68.0,西式
晚餐版番茄義大利麵 (0.6份),288.0,9.0,45.6,7.2,西式
晚餐版奶油義大利麵 (0.7份),455.0,12.6,49.0,21.0,西式
晚餐版青醬義大利麵 (0.8份),496.0,14.4,54.4,22.4,西式
晚餐版白醬燉飯 (0.9份),612.0,15.3,67.5,27.9,西式
晚餐版番茄燉飯 (1.0份),520.0,15.0,76.0,15.0,西式
晚餐版韓式拌飯 (1.1份),682.0,24.2,92.4,24.2,韓式
晚餐版韓式炸雞 (1.2份),780.0,36.0,54.0,45.6,韓式
晚餐版韓式泡菜 (1.3份),39.0,2.6,6.5,0.7,韓式
晚餐版韓式部隊鍋 (1.4份),1050.0,39.2,91.0,56.0,韓式
晚餐版韓式烤肉 (1.5份),825.0,52.5,15.0,60.0,韓式
晚餐版韓式冷麵 (1.6份),720.0,22.4,124.8,12.8,韓式
晚餐版日式拉麵 (1.7份),1020.0,42.5,127.5,34.0,日式
晚餐版豬排拉麵 (1.8份),1404.0,63.0,140.4,64.8,日式
晚餐版牛肉烏龍麵 (1.9份),1064.0,49.4,133.0,32.3,日式
晚餐版天婦羅 (2.0份),840.0,32.0,72.0,48.0,日式
晚餐版炸蝦天婦羅 (0.6份),186.0,9.0,12.0,12.0,日式
晚餐版大阪燒 (0.7份),350.0,12.6,35.0,17.5,日式
晚餐版章魚燒 (0.8份),288.0,11.2,35.2,11.2,日式
晚餐版番茄 (0.9份),16.2,0.8,3.6,0.2,蔬菜
晚餐版洋菇 (1.0份),22.0,3.1,3.3,0.3,蔬菜
晚餐版甜椒 (1.1份),34.1,1.1,6.6,0.3,蔬菜
晚餐版茄子 (1.2份),30.0,1.2,7.2,0.2,蔬菜
晚餐版絲瓜 (1.3份),26.0,1.6,5.2,0.3,蔬菜
晚餐版苦瓜 (1.4份),23.8,1.4,5.6,0.3,蔬菜
晚餐版冬瓜 (1.5份),19.5,0.6,4.5,0.3,蔬菜
晚餐版白蘿蔔 (1.6份),28.8,1.0,6.4,0.2,蔬菜
晚餐版秋葵 (1.7份),56.1,3.2,11.9,0.3,蔬菜
晚餐版竹筍 (1.8份),48.6,4.7,9.0,0.5,蔬菜
晚餐版豆芽菜 (1.9份),57.0,5.7,11.4,0.4,蔬菜
晚餐版海帶芽 (2.0份),90.0,6.0,18.0,1.2,蔬菜
輕食版白吐司 (0.6份),159.0,5.4,29.4,1.9,早餐/主食
輕食版全麥吐司 (0.7份),172.9,9.1,28.7,2.9,早餐/主食
輕食版可頌 (0.8份),324.8,6.4,36.0,16.8,早餐/烘焙
輕食版火腿起司蛋吐司 (0.9份),387.0,19.8,34.2,19.8,早餐
輕食版鮪魚蛋吐司 (1.0份),410.0,24.0,36.0,20.0,早餐
輕食版培根蛋吐司 (1.1份),506.0,22.0,38.5,29.7,早餐
輕食版總匯三明治 (1.2份),624.0,28.8,52.8,32.4,早餐
輕食版鮪魚三明治 (1.3份),507.0,28.6,54.6,20.8,早餐
輕食版雞肉三明治 (1.4份),504.0,35.0,53.2,18.2,早餐
輕食版火腿三明治 (1.5份),525.0,27.0,60.0,21.0,早餐
輕食版起司蛋餅 (1.6份),624.0,25.6,57.6,33.6,早餐
輕食版培根蛋餅 (1.7份),731.0,30.6,61.2,42.5,早餐
輕食版玉米蛋餅 (1.8份),648.0,23.4,77.4,28.8,早餐
輕食版鮪魚蛋餅 (1.9份),779.0,38.0,70.3,41.8,早餐
輕食版蘿蔔糕加蛋 (2.0份),600.0,20.0,68.0,28.0,早餐
輕食版法國吐司 (0.6份),192.0,6.6,25.2,7.2,早餐
輕食版美式早餐盤 (0.7份),455.0,19.6,31.5,27.3,早餐
輕食版燕麥粥 (0.8份),176.0,6.4,28.8,4.8,早餐
輕食版水果燕麥優格 (0.9份),252.0,10.8,38.7,6.3,早餐
輕食版優格 (1.0份),120.0,7.0,14.0,4.0,乳品
輕食版希臘優格 (1.1份),154.0,13.2,8.8,6.6,乳品
輕食版低脂鮮奶 (1.2份),126.0,9.6,14.4,3.6,乳品
輕食版全脂鮮奶 (1.3份),195.0,10.4,15.6,10.4,乳品
輕食版無糖優格 (1.4份),133.0,12.6,8.4,5.6,乳品
輕食版豆漿 (1.5份),255.0,18.0,15.0,10.5,飲品
輕食版黑豆漿 (1.6份),288.0,20.8,16.0,11.2,飲品
輕食版燕麥奶 (1.7份),204.0,5.1,27.2,8.5,飲品
輕食版杏仁奶 (1.8份),72.0,1.8,3.6,5.4,飲品
輕食版綠豆漿 (1.9份),361.0,20.9,47.5,9.5,飲品
輕食版紅茶 (2.0份),10.0,0.0,2.0,0.0,飲品
輕食版綠茶 (0.6份),1.2,0.0,0.0,0.0,飲品
輕食版烏龍茶 (0.7份),1.4,0.0,0.0,0.0,飲品
輕食版無糖綠茶 (0.8份),1.6,0.0,0.0,0.0,飲品
輕食版檸檬紅茶 (0.9份),90.0,0.0,22.5,0.0,飲品
輕食版可樂 (1.0份),140.0,0.0,39.0,0.0,飲品
輕食版汽水 (1.1份),154.0,0.0,42.9,0.0,飲品
輕食版運動飲料 (1.2份),144.0,0.0,36.0,0.0,飲品
輕食版無糖氣泡水 (1.3份),0.0,0.0,0.0,0.0,飲品
輕食版巧克力牛奶 (1.4份),266.0,9.8,42.0,7.0,飲品
輕食版香蕉牛奶 (1.5份),315.0,10.5,51.0,7.5,飲品
輕食版抹茶拿鐵 (1.6份),352.0,11.2,43.2,14.4,飲品
輕食版摩卡 (1.7份),442.0,13.6,54.4,18.7,飲品
輕食版卡布奇諾 (1.8份),216.0,10.8,18.0,10.8,飲品
輕食版焦糖瑪奇朵 (1.9份),475.0,13.3,64.6,19.0,飲品
輕食版可可 (2.0份),420.0,14.0,60.0,14.0,飲品
輕食版水果茶 (0.6份),96.0,0.0,22.8,0.0,飲品
輕食版奶茶 (0.7份),154.0,3.5,22.4,5.6,飲品
輕食版冬瓜茶 (0.8份),120.0,0.0,29.6,0.0,飲品
輕食版檸檬汁 (0.9份),54.0,0.0,13.5,0.0,飲品
輕食版白飯 (1.0份),280.0,5.4,61.0,0.6,主食
輕食版紫米飯 (1.1份),297.0,6.6,63.8,1.3,主食
輕食版五穀飯 (1.2份),306.0,7.2,63.6,2.4,主食
輕食版藜麥飯 (1.3份),325.0,10.4,59.8,5.2,主食
輕食版燕麥飯 (1.4份),343.0,8.4,63.0,4.9,主食
輕食版玉米 (1.5份),180.0,6.0,40.5,3.0,主食
輕食版南瓜 (1.6份),112.0,3.2,25.6,0.3,蔬菜
輕食版馬鈴薯 (1.7份),221.0,5.1,51.0,0.3,主食
輕食版山藥 (1.8份),216.0,5.4,48.6,0.4,主食
輕食版芋頭 (1.9份),247.0,3.8,57.0,0.4,主食
輕食版冬粉 (2.0份),340.0,0.0,84.0,0.0,主食
輕食版烏龍麵 (0.6份),162.0,5.4,33.6,0.6,麵食
輕食版拉麵 (0.7份),301.0,10.5,45.5,8.4,麵食
輕食版蕎麥麵 (0.8份),240.0,10.4,44.8,1.6,麵食
輕食版米粉 (0.9份),315.0,5.4,72.0,0.9,麵食
輕食版意麵 (1.0份),380.0,11.0,66.0,9.0,麵食
輕食版炒飯 (1.1份),682.0,18.7,90.2,24.2,主餐
輕食版蛋炒飯 (1.2份),696.0,21.6,93.6,24.0,主餐
輕食版肉絲炒飯 (1.3份),845.0,31.2,104.0,32.5,主餐
輕食版蝦仁炒飯 (1.4份),868.0,35.0,109.2,30.8,主餐
輕食版炒麵 (1.5份),825.0,25.5,102.0,34.5,主餐
輕食版炒烏龍 (1.6份),896.0,28.8,115.2,35.2,主餐
輕食版鍋燒意麵 (1.7份),884.0,40.8,110.5,28.9,主餐
輕食版雞肉飯 (1.8份),936.0,48.6,118.8,30.6,主餐
輕食版魚排飯 (1.9份),1235.0,60.8,148.2,43.7,主餐
輕食版牛丼 (2.0份),1440.0,62.0,172.0,54.0,日式
輕食版親子丼 (0.6份),408.0,18.6,46.8,14.4,日式
輕食版豬排丼 (0.7份),546.0,23.8,57.4,23.8,日式
輕食版咖哩飯 (0.8份),560.0,16.0,70.4,21.6,日式
輕食版日式豬排飯 (0.9份),684.0,31.5,76.5,27.9,日式
輕食版壽司 (1.0份),300.0,10.0,54.0,5.0,日式
輕食版鮭魚壽司 (1.1份),363.0,16.5,55.0,8.8,日式
輕食版鮪魚壽司 (1.2份),372.0,19.2,60.0,7.2,日式
輕食版蝦壽司 (1.3份),377.0,16.9,67.6,5.2,日式
輕食版玉子燒 (1.4份),252.0,14.0,14.0,14.0,日式
輕食版味噌湯 (1.5份),82.5,6.0,7.5,3.0,湯品
輕食版茶碗蒸 (1.6份),176.0,14.4,6.4,9.6,日式
輕食版烤鯖魚 (1.7份),476.0,42.5,0.0,34.0,海鮮
輕食版烤鮭魚 (1.8份),432.0,45.0,0.0,27.0,海鮮
輕食版烤鯛魚 (1.9份),342.0,51.3,0.0,13.3,海鮮
輕食版清蒸鱈魚 (2.0份),300.0,54.0,0.0,8.0,海鮮
輕食版蝦仁 (0.6份),60.0,14.4,0.6,0.2,海鮮
輕食版透抽 (0.7份),77.0,12.6,2.1,1.4,海鮮
輕食版蛤蜊 (0.8份),64.0,10.4,3.2,1.2,海鮮
輕食版蚵仔 (0.9份),76.5,8.1,4.5,2.7,海鮮
輕食版鮪魚 (1.0份),130.0,29.0,0.0,1.0,海鮮
輕食版鯛魚 (1.1份),143.0,28.6,0.0,3.3,海鮮
輕食版鯖魚 (1.2份),252.0,24.0,0.0,16.8,海鮮
輕食版鯷魚 (1.3份),169.0,37.7,0.0,6.5,海鮮
輕食版雞胸肉 (1.4份),231.0,43.4,0.0,5.0,蛋白質
輕食版雞腿肉 (1.5份),330.0,37.5,0.0,19.5,蛋白質
輕食版雞翅 (1.6份),368.0,38.4,0.0,24.0,蛋白質
輕食版雞里肌 (1.7份),255.0,51.0,0.0,5.1,蛋白質
輕食版豬里肌 (1.8份),378.0,48.6,0.0,18.0,蛋白質
輕食版豬梅花 (1.9份),475.0,41.8,0.0,34.2,蛋白質
輕食版豬五花 (2.0份),780.0,28.0,0.0,74.0,蛋白質
輕食版牛里肌 (0.6份),126.0,16.8,0.0,6.0,蛋白質
輕食版牛腱 (0.7份),119.0,19.6,0.0,4.2,蛋白質
輕食版牛五花 (0.8份),264.0,14.4,0.0,22.4,蛋白質
輕食版羊肉 (0.9份),225.0,22.5,0.0,14.4,蛋白質
輕食版培根 (1.0份),540.0,37.0,1.0,42.0,加工肉
輕食版火腿 (1.1份),159.5,23.1,2.2,6.6,加工肉
輕食版香腸 (1.2份),384.0,14.4,6.0,33.6,加工肉
輕食版德國香腸 (1.3份),390.0,16.9,5.2,33.8,加工肉
輕食版熱狗 (1.4份),406.0,15.4,5.6,35.0,加工肉
輕食版雞肉香腸 (1.5份),330.0,24.0,6.0,22.5,加工肉
輕食版板豆腐 (1.6份),136.0,14.4,3.2,8.0,豆製品
輕食版嫩豆腐 (1.7份),93.5,8.5,3.4,5.1,豆製品
輕食版豆干 (1.8份),288.0,36.0,14.4,12.6,豆製品
輕食版毛豆 (1.9份),266.0,22.8,19.0,11.4,豆製品
輕食版黑豆 (2.0份),300.0,20.0,54.0,2.0,豆製品
輕食版鷹嘴豆 (0.6份),99.0,5.4,16.2,1.8,豆製品
輕食版紅豆 (0.7份),87.5,5.6,15.4,0.3,豆類
輕食版高麗菜 (0.8份),20.0,1.0,4.8,0.1,蔬菜
輕食版菠菜 (0.9份),20.7,2.6,3.2,0.4,蔬菜
輕食版青江菜 (1.0份),13.0,1.5,2.0,0.2,蔬菜
輕食版花椰菜 (1.1份),37.4,3.1,7.7,0.4,蔬菜
輕食版白花椰菜 (1.2份),30.0,2.4,6.0,0.4,蔬菜
輕食版空心菜 (1.3份),26.0,2.6,3.9,0.4,蔬菜
輕食版地瓜葉 (1.4份),42.0,4.2,7.0,0.4,蔬菜
輕食版A菜 (1.5份),25.5,2.2,4.5,0.3,蔬菜
輕食版大陸妹 (1.6份),28.8,2.4,4.8,0.3,蔬菜
輕食版番茄 (1.7份),30.6,1.5,6.8,0.3,蔬菜
輕食版小黃瓜 (1.8份),27.0,1.3,6.5,0.2,蔬菜
輕食版紅蘿蔔 (1.9份),77.9,1.7,19.0,0.4,蔬菜
輕食版洋蔥 (2.0份),80.0,2.2,18.0,0.2,蔬菜
輕食版玉米筍 (0.6份),15.6,1.5,3.0,0.1,蔬菜
輕食版香菇 (0.7份),23.8,2.2,4.9,0.3,蔬菜
輕食版金針菇 (0.8份),29.6,2.2,5.6,0.2,蔬菜
輕食版杏鮑菇 (0.9份),31.5,2.2,6.3,0.3,蔬菜
輕食版木耳 (1.0份),25.0,1.5,6.0,0.2,蔬菜
輕食版海帶 (1.1份),47.3,1.9,11.0,0.7,蔬菜
輕食版草莓 (1.2份),38.4,0.8,9.6,0.4,水果
輕食版藍莓 (1.3份),74.1,0.9,18.2,0.4,水果
輕食版葡萄 (1.4份),96.6,1.0,25.2,0.3,水果
輕食版橘子 (1.5份),70.5,1.4,18.0,0.2,水果
輕食版柳橙 (1.6份),75.2,1.4,19.2,0.2,水果
輕食版西瓜 (1.7份),51.0,1.0,13.6,0.3,水果
輕食版鳳梨 (1.8份),90.0,0.9,23.4,0.2,水果
輕食版芒果 (1.9份),114.0,1.5,28.5,0.8,水果
輕食版水梨 (2.0份),84.0,0.8,22.0,0.2,水果
輕食版桃子 (0.6份),23.4,0.5,6.0,0.2,水果
輕食版火龍果 (0.7份),35.0,0.8,8.4,0.3,水果
輕食版百香果 (0.8份),77.6,1.8,18.4,0.6,水果
輕食版酪梨 (0.9份),144.0,1.8,8.1,13.5,水果
輕食版椰子 (1.0份),354.0,3.3,15.0,33.0,水果
輕食版柿子 (1.1份),77.0,0.7,20.9,0.2,水果
輕食版杏仁 (1.2份),694.8,25.2,26.4,58.8,堅果
輕食版核桃 (1.3份),850.2,19.5,18.2,84.5,堅果
輕食版腰果 (1.4份),774.2,25.2,42.0,61.6,堅果
輕食版花生 (1.5份),850.5,39.0,24.0,73.5,堅果
輕食版開心果 (1.6份),899.2,32.0,44.8,72.0,堅果
輕食版南瓜子 (1.7份),950.3,51.0,18.7,83.3,堅果
輕食版葵瓜子 (1.8份),1051.2,37.8,36.0,91.8,堅果
輕食版洋芋片 (1.9份),1018.4,13.3,100.7,66.5,零食
輕食版玉米脆片 (2.0份),1000.0,14.0,110.0,56.0,零食
輕食版爆米花 (0.6份),232.2,7.8,46.8,2.7,零食
輕食版蘇打餅乾 (0.7份),301.0,6.3,49.0,9.1,零食
輕食版巧克力餅乾 (0.8份),384.0,4.8,53.6,16.8,零食
輕食版燕麥餅乾 (0.9份),405.0,6.3,61.2,15.3,零食
輕食版洋芋薯餅 (1.0份),260.0,3.0,28.0,15.0,零食
輕食版茶葉蛋 (1.1份),159.5,13.2,2.2,9.9,零食
輕食版滷蛋 (1.2份),180.0,14.4,2.4,12.0,零食
輕食版海苔 (1.3份),45.5,6.5,5.2,0.7,零食
輕食版黑巧克力 (1.4份),840.0,11.2,64.4,60.2,甜點
輕食版牛奶巧克力 (1.5份),802.5,12.0,88.5,45.0,甜點
輕食版布朗尼 (1.6份),656.0,8.0,80.0,35.2,甜點
輕食版乳酪蛋糕 (1.7份),544.0,10.2,45.9,35.7,甜點
輕食版提拉米蘇 (1.8份),630.0,10.8,55.8,41.4,甜點
輕食版蛋塔 (1.9份),532.0,11.4,53.2,32.3,甜點
輕食版奶油泡芙 (2.0份),500.0,10.0,46.0,32.0,甜點
輕食版可麗露 (0.6份),150.0,2.4,19.8,6.6,甜點
輕食版鬆餅 (0.7份),252.0,5.6,35.0,9.8,甜點
輕食版冰淇淋 (0.8份),168.0,3.2,19.2,8.8,甜點
輕食版芒果冰 (0.9份),297.0,2.7,63.0,5.4,甜點
輕食版豆花加花生 (1.0份),320.0,10.0,45.0,11.0,甜點
輕食版紅豆湯 (1.1份),286.0,8.8,50.6,5.5,甜點
輕食版綠豆湯 (1.2份),288.0,8.4,52.8,4.8,甜點
輕食版仙草茶 (1.3份),130.0,0.0,32.5,0.0,甜點
輕食版燒仙草 (1.4份),322.0,7.0,56.0,8.4,甜點
輕食版薯條 (1.5份),468.0,5.1,61.5,22.5,速食
輕食版炸雞腿 (1.6份),512.0,35.2,19.2,33.6,速食
輕食版炸雞翅 (1.7份),493.0,34.0,17.0,32.3,速食
輕食版起司漢堡 (1.8份),936.0,48.6,75.6,50.4,速食
輕食版雙層牛肉堡 (1.9份),1273.0,66.5,91.2,70.3,速食
輕食版雞塊 (2.0份),580.0,32.0,32.0,36.0,速食
輕食版熱狗堡 (0.6份),234.0,9.0,21.6,12.6,速食
輕食版雞肉捲 (0.7份),336.0,17.5,32.2,14.7,速食
輕食版墨西哥捲餅 (0.8份),416.0,18.4,44.8,17.6,異國
輕食版塔可 (0.9份),189.0,9.0,16.2,9.9,異國
輕食版凱薩沙拉 (1.0份),360.0,18.0,14.0,27.0,西式
輕食版烤雞沙拉 (1.1份),352.0,35.2,16.5,16.5,西式
輕食版牛排 (1.2份),540.0,54.0,0.0,33.6,西式
輕食版雞排 (1.3份),429.0,41.6,15.6,23.4,西式
輕食版焗烤飯 (1.4份),952.0,33.6,98.0,44.8,西式
輕食版焗烤義大利麵 (1.5份),1080.0,37.5,108.0,51.0,西式
輕食版番茄義大利麵 (1.6份),768.0,24.0,121.6,19.2,西式
輕食版奶油義大利麵 (1.7份),1105.0,30.6,119.0,51.0,西式
輕食版青醬義大利麵 (1.8份),1116.0,32.4,122.4,50.4,西式
輕食版白醬燉飯 (1.9份),1292.0,32.3,142.5,58.9,西式
輕食版番茄燉飯 (2.0份),1040.0,30.0,152.0,30.0,西式
輕食版韓式拌飯 (0.6份),372.0,13.2,50.4,13.2,韓式
輕食版韓式炸雞 (0.7份),455.0,21.0,31.5,26.6,韓式
輕食版韓式泡菜 (0.8份),24.0,1.6,4.0,0.4,韓式
輕食版韓式部隊鍋 (0.9份),675.0,25.2,58.5,36.0,韓式
輕食版韓式烤肉 (1.0份),550.0,35.0,10.0,40.0,韓式
輕食版韓式冷麵 (1.1份),495.0,15.4,85.8,8.8,韓式
輕食版日式拉麵 (1.2份),720.0,30.0,90.0,24.0,日式
輕食版豬排拉麵 (1.3份),1014.0,45.5,101.4,46.8,日式
輕食版牛肉烏龍麵 (1.4份),784.0,36.4,98.0,23.8,日式
輕食版天婦羅 (1.5份),630.0,24.0,54.0,36.0,日式
輕食版炸蝦天婦羅 (1.6份),496.0,24.0,32.0,32.0,日式
輕食版大阪燒 (1.7份),850.0,30.6,85.0,42.5,日式
輕食版章魚燒 (1.8份),648.0,25.2,79.2,25.2,日式
輕食版番茄 (1.9份),34.2,1.7,7.6,0.4,蔬菜
輕食版洋菇 (2.0份),44.0,6.2,6.6,0.6,蔬菜
輕食版甜椒 (0.6份),18.6,0.6,3.6,0.2,蔬菜
輕食版茄子 (0.7份),17.5,0.7,4.2,0.1,蔬菜
輕食版絲瓜 (0.8份),16.0,1.0,3.2,0.2,蔬菜
輕食版苦瓜 (0.9份),15.3,0.9,3.6,0.2,蔬菜
輕食版冬瓜 (1.0份),13.0,0.4,3.0,0.2,蔬菜
輕食版白蘿蔔 (1.1份),19.8,0.7,4.4,0.1,蔬菜
輕食版秋葵 (1.2份),39.6,2.3,8.4,0.2,蔬菜
輕食版竹筍 (1.3份),35.1,3.4,6.5,0.4,蔬菜
輕食版豆芽菜 (1.4份),42.0,4.2,8.4,0.3,蔬菜
輕食版海帶芽 (1.5份),67.5,4.5,13.5,0.9,蔬菜
均衡版白吐司 (1.6份),424.0,14.4,78.4,5.1,早餐/主食
均衡版全麥吐司 (1.7份),419.9,22.1,69.7,7.1,早餐/主食
均衡版可頌 (1.8份),730.8,14.4,81.0,37.8,早餐/烘焙
均衡版火腿起司蛋吐司 (1.9份),817.0,41.8,72.2,41.8,早餐
均衡版鮪魚蛋吐司 (2.0份),820.0,48.0,72.0,40.0,早餐
均衡版培根蛋吐司 (0.6份),276.0,12.0,21.0,16.2,早餐
均衡版總匯三明治 (0.7份),364.0,16.8,30.8,18.9,早餐
均衡版鮪魚三明治 (0.8份),312.0,17.6,33.6,12.8,早餐
均衡版雞肉三明治 (0.9份),324.0,22.5,34.2,11.7,早餐
均衡版火腿三明治 (1.0份),350.0,18.0,40.0,14.0,早餐
均衡版起司蛋餅 (1.1份),429.0,17.6,39.6,23.1,早餐
均衡版培根蛋餅 (1.2份),516.0,21.6,43.2,30.0,早餐
均衡版玉米蛋餅 (1.3份),468.0,16.9,55.9,20.8,早餐
均衡版鮪魚蛋餅 (1.4份),574.0,28.0,51.8,30.8,早餐
均衡版蘿蔔糕加蛋 (1.5份),450.0,15.0,51.0,21.0,早餐
均衡版法國吐司 (1.6份),512.0,17.6,67.2,19.2,早餐
均衡版美式早餐盤 (1.7份),1105.0,47.6,76.5,66.3,早餐
均衡版燕麥粥 (1.8份),396.0,14.4,64.8,10.8,早餐
均衡版水果燕麥優格 (1.9份),532.0,22.8,81.7,13.3,早餐
均衡版優格 (2.0份),240.0,14.0,28.0,8.0,乳品
均衡版希臘優格 (0.6份),84.0,7.2,4.8,3.6,乳品
均衡版低脂鮮奶 (0.7份),73.5,5.6,8.4,2.1,乳品
均衡版全脂鮮奶 (0.8份),120.0,6.4,9.6,6.4,乳品
均衡版無糖優格 (0.9份),85.5,8.1,5.4,3.6,乳品
均衡版豆漿 (1.0份),170.0,12.0,10.0,7.0,飲品
均衡版黑豆漿 (1.1份),198.0,14.3,11.0,7.7,飲品
均衡版燕麥奶 (1.2份),144.0,3.6,19.2,6.0,飲品
均衡版杏仁奶 (1.3份),52.0,1.3,2.6,3.9,飲品
均衡版綠豆漿 (1.4份),266.0,15.4,35.0,7.0,飲品
均衡版紅茶 (1.5份),7.5,0.0,1.5,0.0,飲品
均衡版綠茶 (1.6份),3.2,0.0,0.0,0.0,飲品
均衡版烏龍茶 (1.7份),3.4,0.0,0.0,0.0,飲品
均衡版無糖綠茶 (1.8份),3.6,0.0,0.0,0.0,飲品
均衡版檸檬紅茶 (1.9份),190.0,0.0,47.5,0.0,飲品
均衡版可樂 (2.0份),280.0,0.0,78.0,0.0,飲品
均衡版汽水 (0.6份),84.0,0.0,23.4,0.0,飲品
均衡版運動飲料 (0.7份),84.0,0.0,21.0,0.0,飲品
均衡版無糖氣泡水 (0.8份),0.0,0.0,0.0,0.0,飲品
均衡版巧克力牛奶 (0.9份),171.0,6.3,27.0,4.5,飲品
均衡版香蕉牛奶 (1.0份),210.0,7.0,34.0,5.0,飲品
均衡版抹茶拿鐵 (1.1份),242.0,7.7,29.7,9.9,飲品
均衡版摩卡 (1.2份),312.0,9.6,38.4,13.2,飲品
均衡版卡布奇諾 (1.3份),156.0,7.8,13.0,7.8,飲品
均衡版焦糖瑪奇朵 (1.4份),350.0,9.8,47.6,14.0,飲品
均衡版可可 (1.5份),315.0,10.5,45.0,10.5,飲品
均衡版水果茶 (1.6份),256.0,0.0,60.8,0.0,飲品
均衡版奶茶 (1.7份),374.0,8.5,54.4,13.6,飲品
均衡版冬瓜茶 (1.8份),270.0,0.0,66.6,0.0,飲品
均衡版檸檬汁 (1.9份),114.0,0.0,28.5,0.0,飲品
均衡版白飯 (2.0份),560.0,10.8,122.0,1.2,主食
均衡版紫米飯 (0.6份),162.0,3.6,34.8,0.7,主食
均衡版五穀飯 (0.7份),178.5,4.2,37.1,1.4,主食
均衡版藜麥飯 (0.8份),200.0,6.4,36.8,3.2,主食
均衡版燕麥飯 (0.9份),220.5,5.4,40.5,3.1,主食
均衡版玉米 (1.0份),120.0,4.0,27.0,2.0,主食
均衡版南瓜 (1.1份),77.0,2.2,17.6,0.2,蔬菜
均衡版馬鈴薯 (1.2份),156.0,3.6,36.0,0.2,主食
均衡版山藥 (1.3份),156.0,3.9,35.1,0.3,主食
均衡版芋頭 (1.4份),182.0,2.8,42.0,0.3,主食
均衡版冬粉 (1.5份),255.0,0.0,63.0,0.0,主食
均衡版烏龍麵 (1.6份),432.0,14.4,89.6,1.6,麵食
均衡版拉麵 (1.7份),731.0,25.5,110.5,20.4,麵食
均衡版蕎麥麵 (1.8份),540.0,23.4,100.8,3.6,麵食
均衡版米粉 (1.9份),665.0,11.4,152.0,1.9,麵食
均衡版意麵 (2.0份),760.0,22.0,132.0,18.0,麵食
均衡版炒飯 (0.6份),372.0,10.2,49.2,13.2,主餐
均衡版蛋炒飯 (0.7份),406.0,12.6,54.6,14.0,主餐
均衡版肉絲炒飯 (0.8份),520.0,19.2,64.0,20.0,主餐
均衡版蝦仁炒飯 (0.9份),558.0,22.5,70.2,19.8,主餐
均衡版炒麵 (1.0份),550.0,17.0,68.0,23.0,主餐
均衡版炒烏龍 (1.1份),616.0,19.8,79.2,24.2,主餐
均衡版鍋燒意麵 (1.2份),624.0,28.8,78.0,20.4,主餐
均衡版雞肉飯 (1.3份),676.0,35.1,85.8,22.1,主餐
均衡版魚排飯 (1.4份),910.0,44.8,109.2,32.2,主餐
均衡版牛丼 (1.5份),1080.0,46.5,129.0,40.5,日式
均衡版親子丼 (1.6份),1088.0,49.6,124.8,38.4,日式
均衡版豬排丼 (1.7份),1326.0,57.8,139.4,57.8,日式
均衡版咖哩飯 (1.8份),1260.0,36.0,158.4,48.6,日式
均衡版日式豬排飯 (1.9份),1444.0,66.5,161.5,58.9,日式
均衡版壽司 (2.0份),600.0,20.0,108.0,10.0,日式
均衡版鮭魚壽司 (0.6份),198.0,9.0,30.0,4.8,日式
均衡版鮪魚壽司 (0.7份),217.0,11.2,35.0,4.2,日式
均衡版蝦壽司 (0.8份),232.0,10.4,41.6,3.2,日式
均衡版玉子燒 (0.9份),162.0,9.0,9.0,9.0,日式
均衡版味噌湯 (1.0份),55.0,4.0,5.0,2.0,湯品
均衡版茶碗蒸 (1.1份),121.0,9.9,4.4,6.6,日式
均衡版烤鯖魚 (1.2份),336.0,30.0,0.0,24.0,海鮮
均衡版烤鮭魚 (1.3份),312.0,32.5,0.0,19.5,海鮮
均衡版烤鯛魚 (1.4份),252.0,37.8,0.0,9.8,海鮮
均衡版清蒸鱈魚 (1.5份),225.0,40.5,0.0,6.0,海鮮
均衡版蝦仁 (1.6份),160.0,38.4,1.6,0.5,海鮮
均衡版透抽 (1.7份),187.0,30.6,5.1,3.4,海鮮
均衡版蛤蜊 (1.8份),144.0,23.4,7.2,2.7,海鮮
均衡版蚵仔 (1.9份),161.5,17.1,9.5,5.7,海鮮
均衡版鮪魚 (2.0份),260.0,58.0,0.0,2.0,海鮮
均衡版鯛魚 (0.6份),78.0,15.6,0.0,1.8,海鮮
均衡版鯖魚 (0.7份),147.0,14.0,0.0,9.8,海鮮
均衡版鯷魚 (0.8份),104.0,23.2,0.0,4.0,海鮮
均衡版雞胸肉 (0.9份),148.5,27.9,0.0,3.2,蛋白質
均衡版雞腿肉 (1.0份),220.0,25.0,0.0,13.0,蛋白質
均衡版雞翅 (1.1份),253.0,26.4,0.0,16.5,蛋白質
均衡版雞里肌 (1.2份),180.0,36.0,0.0,3.6,蛋白質
均衡版豬里肌 (1.3份),273.0,35.1,0.0,13.0,蛋白質
均衡版豬梅花 (1.4份),350.0,30.8,0.0,25.2,蛋白質
均衡版豬五花 (1.5份),585.0,21.0,0.0,55.5,蛋白質
均衡版牛里肌 (1.6份),336.0,44.8,0.0,16.0,蛋白質
均衡版牛腱 (1.7份),289.0,47.6,0.0,10.2,蛋白質
均衡版牛五花 (1.8份),594.0,32.4,0.0,50.4,蛋白質
均衡版羊肉 (1.9份),475.0,47.5,0.0,30.4,蛋白質
均衡版培根 (2.0份),1080.0,74.0,2.0,84.0,加工肉
均衡版火腿 (0.6份),87.0,12.6,1.2,3.6,加工肉
均衡版香腸 (0.7份),224.0,8.4,3.5,19.6,加工肉
均衡版德國香腸 (0.8份),240.0,10.4,3.2,20.8,加工肉
均衡版熱狗 (0.9份),261.0,9.9,3.6,22.5,加工肉
均衡版雞肉香腸 (1.0份),220.0,16.0,4.0,15.0,加工肉
均衡版板豆腐 (1.1份),93.5,9.9,2.2,5.5,豆製品
均衡版嫩豆腐 (1.2份),66.0,6.0,2.4,3.6,豆製品
均衡版豆干 (1.3份),208.0,26.0,10.4,9.1,豆製品
均衡版毛豆 (1.4份),196.0,16.8,14.0,8.4,豆製品
均衡版黑豆 (1.5份),225.0,15.0,40.5,1.5,豆製品
均衡版鷹嘴豆 (1.6份),264.0,14.4,43.2,4.8,豆製品
均衡版紅豆 (1.7份),212.5,13.6,37.4,0.9,豆類
均衡版高麗菜 (1.8份),45.0,2.3,10.8,0.2,蔬菜
均衡版菠菜 (1.9份),43.7,5.5,6.8,0.8,蔬菜
均衡版青江菜 (2.0份),26.0,3.0,4.0,0.4,蔬菜
均衡版花椰菜 (0.6份),20.4,1.7,4.2,0.2,蔬菜
均衡版白花椰菜 (0.7份),17.5,1.4,3.5,0.2,蔬菜
均衡版空心菜 (0.8份),16.0,1.6,2.4,0.2,蔬菜
均衡版地瓜葉 (0.9份),27.0,2.7,4.5,0.3,蔬菜
均衡版A菜 (1.0份),17.0,1.5,3.0,0.2,蔬菜
均衡版大陸妹 (1.1份),19.8,1.7,3.3,0.2,蔬菜
均衡版番茄 (1.2份),21.6,1.1,4.8,0.2,蔬菜
均衡版小黃瓜 (1.3份),19.5,0.9,4.7,0.1,蔬菜
均衡版紅蘿蔔 (1.4份),57.4,1.3,14.0,0.3,蔬菜
均衡版洋蔥 (1.5份),60.0,1.7,13.5,0.2,蔬菜
均衡版玉米筍 (1.6份),41.6,4.0,8.0,0.3,蔬菜
均衡版香菇 (1.7份),57.8,5.3,11.9,0.9,蔬菜
均衡版金針菇 (1.8份),66.6,4.9,12.6,0.5,蔬菜
均衡版杏鮑菇 (1.9份),66.5,4.8,13.3,0.6,蔬菜
均衡版木耳 (2.0份),50.0,3.0,12.0,0.4,蔬菜
均衡版海帶 (0.6份),25.8,1.0,6.0,0.4,蔬菜
均衡版草莓 (0.7份),22.4,0.5,5.6,0.2,水果
均衡版藍莓 (0.8份),45.6,0.6,11.2,0.2,水果
均衡版葡萄 (0.9份),62.1,0.6,16.2,0.2,水果
均衡版橘子 (1.0份),47.0,0.9,12.0,0.1,水果
均衡版柳橙 (1.1份),51.7,1.0,13.2,0.1,水果
均衡版西瓜 (1.2份),36.0,0.7,9.6,0.2,水果
均衡版鳳梨 (1.3份),65.0,0.7,16.9,0.1,水果
均衡版芒果 (1.4份),84.0,1.1,21.0,0.6,水果
均衡版水梨 (1.5份),63.0,0.6,16.5,0.2,水果
均衡版桃子 (1.6份),62.4,1.4,16.0,0.5,水果
均衡版火龍果 (1.7份),85.0,1.9,20.4,0.7,水果
均衡版百香果 (1.8份),174.6,4.0,41.4,1.3,水果
均衡版酪梨 (1.9份),304.0,3.8,17.1,28.5,水果
均衡版椰子 (2.0份),708.0,6.6,30.0,66.0,水果
均衡版柿子 (0.6份),42.0,0.4,11.4,0.1,水果
均衡版杏仁 (0.7份),405.3,14.7,15.4,34.3,堅果
均衡版核桃 (0.8份),523.2,12.0,11.2,52.0,堅果
均衡版腰果 (0.9份),497.7,16.2,27.0,39.6,堅果
均衡版花生 (1.0份),567.0,26.0,16.0,49.0,堅果
均衡版開心果 (1.1份),618.2,22.0,30.8,49.5,堅果
均衡版南瓜子 (1.2份),670.8,36.0,13.2,58.8,堅果
均衡版葵瓜子 (1.3份),759.2,27.3,26.0,66.3,堅果
均衡版洋芋片 (1.4份),750.4,9.8,74.2,49.0,零食
均衡版玉米脆片 (1.5份),750.0,10.5,82.5,42.0,零食
均衡版爆米花 (1.6份),619.2,20.8,124.8,7.2,零食
均衡版蘇打餅乾 (1.7份),731.0,15.3,119.0,22.1,零食
均衡版巧克力餅乾 (1.8份),864.0,10.8,120.6,37.8,零食
均衡版燕麥餅乾 (1.9份),855.0,13.3,129.2,32.3,零食
均衡版洋芋薯餅 (2.0份),520.0,6.0,56.0,30.0,零食
均衡版茶葉蛋 (0.6份),87.0,7.2,1.2,5.4,零食
均衡版滷蛋 (0.7份),105.0,8.4,1.4,7.0,零食
均衡版海苔 (0.8份),28.0,4.0,3.2,0.4,零食
均衡版黑巧克力 (0.9份),540.0,7.2,41.4,38.7,甜點
均衡版牛奶巧克力 (1.0份),535.0,8.0,59.0,30.0,甜點
均衡版布朗尼 (1.1份),451.0,5.5,55.0,24.2,甜點
均衡版乳酪蛋糕 (1.2份),384.0,7.2,32.4,25.2,甜點
均衡版提拉米蘇 (1.3份),455.0,7.8,40.3,29.9,甜點
均衡版蛋塔 (1.4份),392.0,8.4,39.2,23.8,甜點
均衡版奶油泡芙 (1.5份),375.0,7.5,34.5,24.0,甜點
均衡版可麗露 (1.6份),400.0,6.4,52.8,17.6,甜點
均衡版鬆餅 (1.7份),612.0,13.6,85.0,23.8,甜點
均衡版冰淇淋 (1.8份),378.0,7.2,43.2,19.8,甜點
均衡版芒果冰 (1.9份),627.0,5.7,133.0,11.4,甜點
均衡版豆花加花生 (2.0份),640.0,20.0,90.0,22.0,甜點
均衡版紅豆湯 (0.6份),156.0,4.8,27.6,3.0,甜點
均衡版綠豆湯 (0.7份),168.0,4.9,30.8,2.8,甜點
均衡版仙草茶 (0.8份),80.0,0.0,20.0,0.0,甜點
均衡版燒仙草 (0.9份),207.0,4.5,36.0,5.4,甜點
均衡版薯條 (1.0份),312.0,3.4,41.0,15.0,速食
均衡版炸雞腿 (1.1份),352.0,24.2,13.2,23.1,速食
均衡版炸雞翅 (1.2份),348.0,24.0,12.0,22.8,速食
均衡版起司漢堡 (1.3份),676.0,35.1,54.6,36.4,速食
均衡版雙層牛肉堡 (1.4份),938.0,49.0,67.2,51.8,速食
均衡版雞塊 (1.5份),435.0,24.0,24.0,27.0,速食
均衡版熱狗堡 (1.6份),624.0,24.0,57.6,33.6,速食
均衡版雞肉捲 (1.7份),816.0,42.5,78.2,35.7,速食
均衡版墨西哥捲餅 (1.8份),936.0,41.4,100.8,39.6,異國
均衡版塔可 (1.9份),399.0,19.0,34.2,20.9,異國
均衡版凱薩沙拉 (2.0份),720.0,36.0,28.0,54.0,西式
均衡版烤雞沙拉 (0.6份),192.0,19.2,9.0,9.0,西式
均衡版牛排 (0.7份),315.0,31.5,0.0,19.6,西式
均衡版雞排 (0.8份),264.0,25.6,9.6,14.4,西式
均衡版焗烤飯 (0.9份),612.0,21.6,63.0,28.8,西式
均衡版焗烤義大利麵 (1.0份),720.0,25.0,72.0,34.0,西式
均衡版番茄義大利麵 (1.1份),528.0,16.5,83.6,13.2,西式
均衡版奶油義大利麵 (1.2份),780.0,21.6,84.0,36.0,西式
均衡版青醬義大利麵 (1.3份),806.0,23.4,88.4,36.4,西式
均衡版白醬燉飯 (1.4份),952.0,23.8,105.0,43.4,西式
均衡版番茄燉飯 (1.5份),780.0,22.5,114.0,22.5,西式
均衡版韓式拌飯 (1.6份),992.0,35.2,134.4,35.2,韓式
均衡版韓式炸雞 (1.7份),1105.0,51.0,76.5,64.6,韓式
均衡版韓式泡菜 (1.8份),54.0,3.6,9.0,0.9,韓式
均衡版韓式部隊鍋 (1.9份),1425.0,53.2,123.5,76.0,韓式
均衡版韓式烤肉 (2.0份),1100.0,70.0,20.0,80.0,韓式
均衡版韓式冷麵 (0.6份),270.0,8.4,46.8,4.8,韓式
均衡版日式拉麵 (0.7份),420.0,17.5,52.5,14.0,日式
均衡版豬排拉麵 (0.8份),624.0,28.0,62.4,28.8,日式
均衡版牛肉烏龍麵 (0.9份),504.0,23.4,63.0,15.3,日式
均衡版天婦羅 (1.0份),420.0,16.0,36.0,24.0,日式
均衡版炸蝦天婦羅 (1.1份),341.0,16.5,22.0,22.0,日式
均衡版大阪燒 (1.2份),600.0,21.6,60.0,30.0,日式
均衡版章魚燒 (1.3份),468.0,18.2,57.2,18.2,日式
均衡版番茄 (1.4份),25.2,1.3,5.6,0.3,蔬菜
均衡版洋菇 (1.5份),33.0,4.7,4.9,0.4,蔬菜
均衡版甜椒 (1.6份),49.6,1.6,9.6,0.5,蔬菜
均衡版茄子 (1.7份),42.5,1.7,10.2,0.3,蔬菜
均衡版絲瓜 (1.8份),36.0,2.2,7.2,0.4,蔬菜
均衡版苦瓜 (1.9份),32.3,1.9,7.6,0.4,蔬菜
均衡版冬瓜 (2.0份),26.0,0.8,6.0,0.4,蔬菜
均衡版白蘿蔔 (0.6份),10.8,0.4,2.4,0.1,蔬菜
均衡版秋葵 (0.7份),23.1,1.3,4.9,0.1,蔬菜
均衡版竹筍 (0.8份),21.6,2.1,4.0,0.2,蔬菜
均衡版豆芽菜 (0.9份),27.0,2.7,5.4,0.2,蔬菜
均衡版海帶芽 (1.0份),45.0,3.0,9.0,0.6,蔬菜
外帶版白吐司 (1.1份),291.5,9.9,53.9,3.5,早餐/主食
外帶版全麥吐司 (1.2份),296.4,15.6,49.2,5.0,早餐/主食
外帶版可頌 (1.3份),527.8,10.4,58.5,27.3,早餐/烘焙
外帶版火腿起司蛋吐司 (1.4份),602.0,30.8,53.2,30.8,早餐
外帶版鮪魚蛋吐司 (1.5份),615.0,36.0,54.0,30.0,早餐
外帶版培根蛋吐司 (1.6份),736.0,32.0,56.0,43.2,早餐
外帶版總匯三明治 (1.7份),884.0,40.8,74.8,45.9,早餐
外帶版鮪魚三明治 (1.8份),702.0,39.6,75.6,28.8,早餐
外帶版雞肉三明治 (1.9份),684.0,47.5,72.2,24.7,早餐
外帶版火腿三明治 (2.0份),700.0,36.0,80.0,28.0,早餐
外帶版起司蛋餅 (0.6份),234.0,9.6,21.6,12.6,早餐
外帶版培根蛋餅 (0.7份),301.0,12.6,25.2,17.5,早餐
外帶版玉米蛋餅 (0.8份),288.0,10.4,34.4,12.8,早餐
外帶版鮪魚蛋餅 (0.9份),369.0,18.0,33.3,19.8,早餐
外帶版蘿蔔糕加蛋 (1.0份),300.0,10.0,34.0,14.0,早餐
外帶版法國吐司 (1.1份),352.0,12.1,46.2,13.2,早餐
外帶版美式早餐盤 (1.2份),780.0,33.6,54.0,46.8,早餐
外帶版燕麥粥 (1.3份),286.0,10.4,46.8,7.8,早餐
外帶版水果燕麥優格 (1.4份),392.0,16.8,60.2,9.8,早餐
外帶版優格 (1.5份),180.0,10.5,21.0,6.0,乳品
外帶版希臘優格 (1.6份),224.0,19.2,12.8,9.6,乳品
外帶版低脂鮮奶 (1.7份),178.5,13.6,20.4,5.1,乳品
外帶版全脂鮮奶 (1.8份),270.0,14.4,21.6,14.4,乳品
外帶版無糖優格 (1.9份),180.5,17.1,11.4,7.6,乳品
外帶版豆漿 (2.0份),340.0,24.0,20.0,14.0,飲品
外帶版黑豆漿 (0.6份),108.0,7.8,6.0,4.2,飲品
外帶版燕麥奶 (0.7份),84.0,2.1,11.2,3.5,飲品
外帶版杏仁奶 (0.8份),32.0,0.8,1.6,2.4,飲品
外帶版綠豆漿 (0.9份),171.0,9.9,22.5,4.5,飲品
外帶版紅茶 (1.0份),5.0,0.0,1.0,0.0,飲品
外帶版綠茶 (1.1份),2.2,0.0,0.0,0.0,飲品
外帶版烏龍茶 (1.2份),2.4,0.0,0.0,0.0,飲品
外帶版無糖綠茶 (1.3份),2.6,0.0,0.0,0.0,飲品
外帶版檸檬紅茶 (1.4份),140.0,0.0,35.0,0.0,飲品
外帶版可樂 (1.5份),210.0,0.0,58.5,0.0,飲品
外帶版汽水 (1.6份),224.0,0.0,62.4,0.0,飲品
外帶版運動飲料 (1.7份),204.0,0.0,51.0,0.0,飲品
外帶版無糖氣泡水 (1.8份),0.0,0.0,0.0,0.0,飲品
外帶版巧克力牛奶 (1.9份),361.0,13.3,57.0,9.5,飲品
外帶版香蕉牛奶 (2.0份),420.0,14.0,68.0,10.0,飲品
外帶版抹茶拿鐵 (0.6份),132.0,4.2,16.2,5.4,飲品
外帶版摩卡 (0.7份),182.0,5.6,22.4,7.7,飲品
外帶版卡布奇諾 (0.8份),96.0,4.8,8.0,4.8,飲品
外帶版焦糖瑪奇朵 (0.9份),225.0,6.3,30.6,9.0,飲品
外帶版可可 (1.0份),210.0,7.0,30.0,7.0,飲品
外帶版水果茶 (1.1份),176.0,0.0,41.8,0.0,飲品
外帶版奶茶 (1.2份),264.0,6.0,38.4,9.6,飲品
外帶版冬瓜茶 (1.3份),195.0,0.0,48.1,0.0,飲品
外帶版檸檬汁 (1.4份),84.0,0.0,21.0,0.0,飲品
外帶版白飯 (1.5份),420.0,8.1,91.5,0.9,主食
外帶版紫米飯 (1.6份),432.0,9.6,92.8,1.9,主食
外帶版五穀飯 (1.7份),433.5,10.2,90.1,3.4,主食
外帶版藜麥飯 (1.8份),450.0,14.4,82.8,7.2,主食
外帶版燕麥飯 (1.9份),465.5,11.4,85.5,6.6,主食
外帶版玉米 (2.0份),240.0,8.0,54.0,4.0,主食
外帶版南瓜 (0.6份),42.0,1.2,9.6,0.1,蔬菜
外帶版馬鈴薯 (0.7份),91.0,2.1,21.0,0.1,主食
外帶版山藥 (0.8份),96.0,2.4,21.6,0.2,主食
外帶版芋頭 (0.9份),117.0,1.8,27.0,0.2,主食
外帶版冬粉 (1.0份),170.0,0.0,42.0,0.0,主食
外帶版烏龍麵 (1.1份),297.0,9.9,61.6,1.1,麵食
外帶版拉麵 (1.2份),516.0,18.0,78.0,14.4,麵食
外帶版蕎麥麵 (1.3份),390.0,16.9,72.8,2.6,麵食
外帶版米粉 (1.4份),490.0,8.4,112.0,1.4,麵食
外帶版意麵 (1.5份),570.0,16.5,99.0,13.5,麵食
外帶版炒飯 (1.6份),992.0,27.2,131.2,35.2,主餐
外帶版蛋炒飯 (1.7份),986.0,30.6,132.6,34.0,主餐
外帶版肉絲炒飯 (1.8份),1170.0,43.2,144.0,45.0,主餐
外帶版蝦仁炒飯 (1.9份),1178.0,47.5,148.2,41.8,主餐
外帶版炒麵 (2.0份),1100.0,34.0,136.0,46.0,主餐
外帶版炒烏龍 (0.6份),336.0,10.8,43.2,13.2,主餐
外帶版鍋燒意麵 (0.7份),364.0,16.8,45.5,11.9,主餐
外帶版雞肉飯 (0.8份),416.0,21.6,52.8,13.6,主餐
外帶版魚排飯 (0.9份),585.0,28.8,70.2,20.7,主餐
外帶版牛丼 (1.0份),720.0,31.0,86.0,27.0,日式
外帶版親子丼 (1.1份),748.0,34.1,85.8,26.4,日式
外帶版豬排丼 (1.2份),936.0,40.8,98.4,40.8,日式
外帶版咖哩飯 (1.3份),910.0,26.0,114.4,35.1,日式
外帶版日式豬排飯 (1.4份),1064.0,49.0,119.0,43.4,日式
外帶版壽司 (1.5份),450.0,15.0,81.0,7.5,日式
外帶版鮭魚壽司 (1.6份),528.0,24.0,80.0,12.8,日式
外帶版鮪魚壽司 (1.7份),527.0,27.2,85.0,10.2,日式
外帶版蝦壽司 (1.8份),522.0,23.4,93.6,7.2,日式
外帶版玉子燒 (1.9份),342.0,19.0,19.0,19.0,日式
外帶版味噌湯 (2.0份),110.0,8.0,10.0,4.0,湯品
外帶版茶碗蒸 (0.6份),66.0,5.4,2.4,3.6,日式
外帶版烤鯖魚 (0.7份),196.0,17.5,0.0,14.0,海鮮
外帶版烤鮭魚 (0.8份),192.0,20.0,0.0,12.0,海鮮
外帶版烤鯛魚 (0.9份),162.0,24.3,0.0,6.3,海鮮
外帶版清蒸鱈魚 (1.0份),150.0,27.0,0.0,4.0,海鮮
外帶版蝦仁 (1.1份),110.0,26.4,1.1,0.3,海鮮
外帶版透抽 (1.2份),132.0,21.6,3.6,2.4,海鮮
外帶版蛤蜊 (1.3份),104.0,16.9,5.2,2.0,海鮮
外帶版蚵仔 (1.4份),119.0,12.6,7.0,4.2,海鮮
外帶版鮪魚 (1.5份),195.0,43.5,0.0,1.5,海鮮
外帶版鯛魚 (1.6份),208.0,41.6,0.0,4.8,海鮮
外帶版鯖魚 (1.7份),357.0,34.0,0.0,23.8,海鮮
外帶版鯷魚 (1.8份),234.0,52.2,0.0,9.0,海鮮
外帶版雞胸肉 (1.9份),313.5,58.9,0.0,6.8,蛋白質
外帶版雞腿肉 (2.0份),440.0,50.0,0.0,26.0,蛋白質
外帶版雞翅 (0.6份),138.0,14.4,0.0,9.0,蛋白質
外帶版雞里肌 (0.7份),105.0,21.0,0.0,2.1,蛋白質
外帶版豬里肌 (0.8份),168.0,21.6,0.0,8.0,蛋白質
外帶版豬梅花 (0.9份),225.0,19.8,0.0,16.2,蛋白質
外帶版豬五花 (1.0份),390.0,14.0,0.0,37.0,蛋白質
外帶版牛里肌 (1.1份),231.0,30.8,0.0,11.0,蛋白質
外帶版牛腱 (1.2份),204.0,33.6,0.0,7.2,蛋白質
外帶版牛五花 (1.3份),429.0,23.4,0.0,36.4,蛋白質
外帶版羊肉 (1.4份),350.0,35.0,0.0,22.4,蛋白質
外帶版培根 (1.5份),810.0,55.5,1.5,63.0,加工肉
外帶版火腿 (1.6份),232.0,33.6,3.2,9.6,加工肉
外帶版香腸 (1.7份),544.0,20.4,8.5,47.6,加工肉
外帶版德國香腸 (1.8份),540.0,23.4,7.2,46.8,加工肉
外帶版熱狗 (1.9份),551.0,20.9,7.6,47.5,加工肉
外帶版雞肉香腸 (2.0份),440.0,32.0,8.0,30.0,加工肉
外帶版板豆腐 (0.6份),51.0,5.4,1.2,3.0,豆製品
外帶版嫩豆腐 (0.7份),38.5,3.5,1.4,2.1,豆製品
外帶版豆干 (0.8份),128.0,16.0,6.4,5.6,豆製品
外帶版毛豆 (0.9份),126.0,10.8,9.0,5.4,豆製品
外帶版黑豆 (1.0份),150.0,10.0,27.0,1.0,豆製品
外帶版鷹嘴豆 (1.1份),181.5,9.9,29.7,3.3,豆製品
外帶版紅豆 (1.2份),150.0,9.6,26.4,0.6,豆類
外帶版高麗菜 (1.3份),32.5,1.7,7.8,0.1,蔬菜
外帶版菠菜 (1.4份),32.2,4.1,5.0,0.6,蔬菜
外帶版青江菜 (1.5份),19.5,2.2,3.0,0.3,蔬菜
外帶版花椰菜 (1.6份),54.4,4.5,11.2,0.6,蔬菜
外帶版白花椰菜 (1.7份),42.5,3.4,8.5,0.5,蔬菜
外帶版空心菜 (1.8份),36.0,3.6,5.4,0.5,蔬菜
外帶版地瓜葉 (1.9份),57.0,5.7,9.5,0.6,蔬菜
外帶版A菜 (2.0份),34.0,3.0,6.0,0.4,蔬菜
外帶版大陸妹 (0.6份),10.8,0.9,1.8,0.1,蔬菜
外帶版番茄 (0.7份),12.6,0.6,2.8,0.1,蔬菜
外帶版小黃瓜 (0.8份),12.0,0.6,2.9,0.1,蔬菜
外帶版紅蘿蔔 (0.9份),36.9,0.8,9.0,0.2,蔬菜
外帶版洋蔥 (1.0份),40.0,1.1,9.0,0.1,蔬菜
外帶版玉米筍 (1.1份),28.6,2.8,5.5,0.2,蔬菜
外帶版香菇 (1.2份),40.8,3.7,8.4,0.6,蔬菜
外帶版金針菇 (1.3份),48.1,3.5,9.1,0.4,蔬菜
外帶版杏鮑菇 (1.4份),49.0,3.5,9.8,0.4,蔬菜
外帶版木耳 (1.5份),37.5,2.2,9.0,0.3,蔬菜
外帶版海帶 (1.6份),68.8,2.7,16.0,1.0,蔬菜
外帶版草莓 (1.7份),54.4,1.2,13.6,0.5,水果
外帶版藍莓 (1.8份),102.6,1.3,25.2,0.5,水果
外帶版葡萄 (1.9份),131.1,1.3,34.2,0.4,水果
外帶版橘子 (2.0份),94.0,1.8,24.0,0.2,水果
外帶版柳橙 (0.6份),28.2,0.5,7.2,0.1,水果
外帶版西瓜 (0.7份),21.0,0.4,5.6,0.1,水果
外帶版鳳梨 (0.8份),40.0,0.4,10.4,0.1,水果
外帶版芒果 (0.9份),54.0,0.7,13.5,0.4,水果
外帶版水梨 (1.0份),42.0,0.4,11.0,0.1,水果
外帶版桃子 (1.1份),42.9,1.0,11.0,0.3,水果
外帶版火龍果 (1.2份),60.0,1.3,14.4,0.5,水果
外帶版百香果 (1.3份),126.1,2.9,29.9,0.9,水果
外帶版酪梨 (1.4份),224.0,2.8,12.6,21.0,水果
外帶版椰子 (1.5份),531.0,4.9,22.5,49.5,水果
外帶版柿子 (1.6份),112.0,1.0,30.4,0.3,水果
外帶版杏仁 (1.7份),984.3,35.7,37.4,83.3,堅果
外帶版核桃 (1.8份),1177.2,27.0,25.2,117.0,堅果
外帶版腰果 (1.9份),1050.7,34.2,57.0,83.6,堅果
外帶版花生 (2.0份),1134.0,52.0,32.0,98.0,堅果
外帶版開心果 (0.6份),337.2,12.0,16.8,27.0,堅果
外帶版南瓜子 (0.7份),391.3,21.0,7.7,34.3,堅果
外帶版葵瓜子 (0.8份),467.2,16.8,16.0,40.8,堅果
外帶版洋芋片 (0.9份),482.4,6.3,47.7,31.5,零食
外帶版玉米脆片 (1.0份),500.0,7.0,55.0,28.0,零食
外帶版爆米花 (1.1份),425.7,14.3,85.8,5.0,零食
外帶版蘇打餅乾 (1.2份),516.0,10.8,84.0,15.6,零食
外帶版巧克力餅乾 (1.3份),624.0,7.8,87.1,27.3,零食
外帶版燕麥餅乾 (1.4份),630.0,9.8,95.2,23.8,零食
外帶版洋芋薯餅 (1.5份),390.0,4.5,42.0,22.5,零食
外帶版茶葉蛋 (1.6份),232.0,19.2,3.2,14.4,零食
外帶版滷蛋 (1.7份),255.0,20.4,3.4,17.0,零食
外帶版海苔 (1.8份),63.0,9.0,7.2,0.9,零食
外帶版黑巧克力 (1.9份),1140.0,15.2,87.4,81.7,甜點
外帶版牛奶巧克力 (2.0份),1070.0,16.0,118.0,60.0,甜點
外帶版布朗尼 (0.6份),246.0,3.0,30.0,13.2,甜點
外帶版乳酪蛋糕 (0.7份),224.0,4.2,18.9,14.7,甜點
外帶版提拉米蘇 (0.8份),280.0,4.8,24.8,18.4,甜點
外帶版蛋塔 (0.9份),252.0,5.4,25.2,15.3,甜點
外帶版奶油泡芙 (1.0份),250.0,5.0,23.0,16.0,甜點
外帶版可麗露 (1.1份),275.0,4.4,36.3,12.1,甜點
外帶版鬆餅 (1.2份),432.0,9.6,60.0,16.8,甜點
外帶版冰淇淋 (1.3份),273.0,5.2,31.2,14.3,甜點
外帶版芒果冰 (1.4份),462.0,4.2,98.0,8.4,甜點
外帶版豆花加花生 (1.5份),480.0,15.0,67.5,16.5,甜點
外帶版紅豆湯 (1.6份),416.0,12.8,73.6,8.0,甜點
外帶版綠豆湯 (1.7份),408.0,11.9,74.8,6.8,甜點
外帶版仙草茶 (1.8份),180.0,0.0,45.0,0.0,甜點
外帶版燒仙草 (1.9份),437.0,9.5,76.0,11.4,甜點
外帶版薯條 (2.0份),624.0,6.8,82.0,30.0,速食
外帶版炸雞腿 (0.6份),192.0,13.2,7.2,12.6,速食
外帶版炸雞翅 (0.7份),203.0,14.0,7.0,13.3,速食
外帶版起司漢堡 (0.8份),416.0,21.6,33.6,22.4,速食
外帶版雙層牛肉堡 (0.9份),603.0,31.5,43.2,33.3,速食
外帶版雞塊 (1.0份),290.0,16.0,16.0,18.0,速食
外帶版熱狗堡 (1.1份),429.0,16.5,39.6,23.1,速食
外帶版雞肉捲 (1.2份),576.0,30.0,55.2,25.2,速食
外帶版墨西哥捲餅 (1.3份),676.0,29.9,72.8,28.6,異國
外帶版塔可 (1.4份),294.0,14.0,25.2,15.4,異國
外帶版凱薩沙拉 (1.5份),540.0,27.0,21.0,40.5,西式
外帶版烤雞沙拉 (1.6份),512.0,51.2,24.0,24.0,西式
外帶版牛排 (1.7份),765.0,76.5,0.0,47.6,西式
外帶版雞排 (1.8份),594.0,57.6,21.6,32.4,西式
外帶版焗烤飯 (1.9份),1292.0,45.6,133.0,60.8,西式
外帶版焗烤義大利麵 (2.0份),1440.0,50.0,144.0,68.0,西式
外帶版番茄義大利麵 (0.6份),288.0,9.0,45.6,7.2,西式
外帶版奶油義大利麵 (0.7份),455.0,12.6,49.0,21.0,西式
外帶版青醬義大利麵 (0.8份),496.0,14.4,54.4,22.4,西式
外帶版白醬燉飯 (0.9份),612.0,15.3,67.5,27.9,西式
外帶版番茄燉飯 (1.0份),520.0,15.0,76.0,15.0,西式
外帶版韓式拌飯 (1.1份),682.0,24.2,92.4,24.2,韓式
外帶版韓式炸雞 (1.2份),780.0,36.0,54.0,45.6,韓式
外帶版韓式泡菜 (1.3份),39.0,2.6,6.5,0.7,韓式
外帶版韓式部隊鍋 (1.4份),1050.0,39.2,91.0,56.0,韓式
外帶版韓式烤肉 (1.5份),825.0,52.5,15.0,60.0,韓式
外帶版韓式冷麵 (1.6份),720.0,22.4,124.8,12.8,韓式
外帶版日式拉麵 (1.7份),1020.0,42.5,127.5,34.0,日式
外帶版豬排拉麵 (1.8份),1404.0,63.0,140.4,64.8,日式
外帶版牛肉烏龍麵 (1.9份),1064.0,49.4,133.0,32.3,日式
外帶版天婦羅 (2.0份),840.0,32.0,72.0,48.0,日式
外帶版炸蝦天婦羅 (0.6份),186.0,9.0,12.0,12.0,日式
外帶版大阪燒 (0.7份),350.0,12.6,35.0,17.5,日式
外帶版章魚燒 (0.8份),288.0,11.2,35.2,11.2,日式
外帶版番茄 (0.9份),16.2,0.8,3.6,0.2,蔬菜
外帶版洋菇 (1.0份),22.0,3.1,3.3,0.3,蔬菜
外帶版甜椒 (1.1份),34.1,1.1,6.6,0.3,蔬菜
外帶版茄子 (1.2份),30.0,1.2,7.2,0.2,蔬菜
外帶版絲瓜 (1.3份),26.0,1.6,5.2,0.3,蔬菜
外帶版苦瓜 (1.4份),23.8,1.4,5.6,0.3,蔬菜
外帶版冬瓜 (1.5份),19.5,0.6,4.5,0.3,蔬菜
外帶版白蘿蔔 (1.6份),28.8,1.0,6.4,0.2,蔬菜
外帶版秋葵 (1.7份),56.1,3.2,11.9,0.3,蔬菜
外帶版竹筍 (1.8份),48.6,4.7,9.0,0.5,蔬菜
外帶版豆芽菜 (1.9份),57.0,5.7,11.4,0.4,蔬菜
外帶版海帶芽 (2.0份),90.0,6.0,18.0,1.2,蔬菜
家常版白吐司 (0.6份),159.0,5.4,29.4,1.9,早餐/主食
家常版全麥吐司 (0.7份),172.9,9.1,28.7,2.9,早餐/主食
家常版可頌 (0.8份),324.8,6.4,36.0,16.8,早餐/烘焙
家常版火腿起司蛋吐司 (0.9份),387.0,19.8,34.2,19.8,早餐
家常版鮪魚蛋吐司 (1.0份),410.0,24.0,36.0,20.0,早餐
家常版培根蛋吐司 (1.1份),506.0,22.0,38.5,29.7,早餐
家常版總匯三明治 (1.2份),624.0,28.8,52.8,32.4,早餐
家常版鮪魚三明治 (1.3份),507.0,28.6,54.6,20.8,早餐
家常版雞肉三明治 (1.4份),504.0,35.0,53.2,18.2,早餐
家常版火腿三明治 (1.5份),525.0,27.0,60.0,21.0,早餐
家常版起司蛋餅 (1.6份),624.0,25.6,57.6,33.6,早餐
家常版培根蛋餅 (1.7份),731.0,30.6,61.2,42.5,早餐
家常版玉米蛋餅 (1.8份),648.0,23.4,77.4,28.8,早餐
家常版鮪魚蛋餅 (1.9份),779.0,38.0,70.3,41.8,早餐
家常版蘿蔔糕加蛋 (2.0份),600.0,20.0,68.0,28.0,早餐
家常版法國吐司 (0.6份),192.0,6.6,25.2,7.2,早餐
家常版美式早餐盤 (0.7份),455.0,19.6,31.5,27.3,早餐
家常版燕麥粥 (0.8份),176.0,6.4,28.8,4.8,早餐
家常版水果燕麥優格 (0.9份),252.0,10.8,38.7,6.3,早餐
家常版優格 (1.0份),120.0,7.0,14.0,4.0,乳品
家常版希臘優格 (1.1份),154.0,13.2,8.8,6.6,乳品
家常版低脂鮮奶 (1.2份),126.0,9.6,14.4,3.6,乳品
家常版全脂鮮奶 (1.3份),195.0,10.4,15.6,10.4,乳品
家常版無糖優格 (1.4份),133.0,12.6,8.4,5.6,乳品
家常版豆漿 (1.5份),255.0,18.0,15.0,10.5,飲品
家常版黑豆漿 (1.6份),288.0,20.8,16.0,11.2,飲品
家常版燕麥奶 (1.7份),204.0,5.1,27.2,8.5,飲品
家常版杏仁奶 (1.8份),72.0,1.8,3.6,5.4,飲品
家常版綠豆漿 (1.9份),361.0,20.9,47.5,9.5,飲品
家常版紅茶 (2.0份),10.0,0.0,2.0,0.0,飲品
家常版綠茶 (0.6份),1.2,0.0,0.0,0.0,飲品
家常版烏龍茶 (0.7份),1.4,0.0,0.0,0.0,飲品
家常版無糖綠茶 (0.8份),1.6,0.0,0.0,0.0,飲品
家常版檸檬紅茶 (0.9份),90.0,0.0,22.5,0.0,飲品
家常版可樂 (1.0份),140.0,0.0,39.0,0.0,飲品
家常版汽水 (1.1份),154.0,0.0,42.9,0.0,飲品
家常版運動飲料 (1.2份),144.0,0.0,36.0,0.0,飲品
家常版無糖氣泡水 (1.3份),0.0,0.0,0.0,0.0,飲品
家常版巧克力牛奶 (1.4份),266.0,9.8,42.0,7.0,飲品
家常版香蕉牛奶 (1.5份),315.0,10.5,51.0,7.5,飲品
家常版抹茶拿鐵 (1.6份),352.0,11.2,43.2,14.4,飲品
家常版摩卡 (1.7份),442.0,13.6,54.4,18.7,飲品
家常版卡布奇諾 (1.8份),216.0,10.8,18.0,10.8,飲品
家常版焦糖瑪奇朵 (1.9份),475.0,13.3,64.6,19.0,飲品
家常版可可 (2.0份),420.0,14.0,60.0,14.0,飲品
家常版水果茶 (0.6份),96.0,0.0,22.8,0.0,飲品
家常版奶茶 (0.7份),154.0,3.5,22.4,5.6,飲品
家常版冬瓜茶 (0.8份),120.0,0.0,29.6,0.0,飲品
家常版檸檬汁 (0.9份),54.0,0.0,13.5,0.0,飲品
家常版白飯 (1.0份),280.0,5.4,61.0,0.6,主食
家常版紫米飯 (1.1份),297.0,6.6,63.8,1.3,主食
家常版五穀飯 (1.2份),306.0,7.2,63.6,2.4,主食
家常版藜麥飯 (1.3份),325.0,10.4,59.8,5.2,主食
家常版燕麥飯 (1.4份),343.0,8.4,63.0,4.9,主食
家常版玉米 (1.5份),180.0,6.0,40.5,3.0,主食
家常版南瓜 (1.6份),112.0,3.2,25.6,0.3,蔬菜
家常版馬鈴薯 (1.7份),221.0,5.1,51.0,0.3,主食
家常版山藥 (1.8份),216.0,5.4,48.6,0.4,主食
家常版芋頭 (1.9份),247.0,3.8,57.0,0.4,主食
家常版冬粉 (2.0份),340.0,0.0,84.0,0.0,主食
家常版烏龍麵 (0.6份),162.0,5.4,33.6,0.6,麵食
家常版拉麵 (0.7份),301.0,10.5,45.5,8.4,麵食
家常版蕎麥麵 (0.8份),240.0,10.4,44.8,1.6,麵食
家常版米粉 (0.9份),315.0,5.4,72.0,0.9,麵食
家常版意麵 (1.0份),380.0,11.0,66.0,9.0,麵食
家常版炒飯 (1.1份),682.0,18.7,90.2,24.2,主餐
家常版蛋炒飯 (1.2份),696.0,21.6,93.6,24.0,主餐
家常版肉絲炒飯 (1.3份),845.0,31.2,104.0,32.5,主餐
家常版蝦仁炒飯 (1.4份),868.0,35.0,109.2,30.8,主餐
家常版炒麵 (1.5份),825.0,25.5,102.0,34.5,主餐
家常版炒烏龍 (1.6份),896.0,28.8,115.2,35.2,主餐
家常版鍋燒意麵 (1.7份),884.0,40.8,110.5,28.9,主餐
家常版雞肉飯 (1.8份),936.0,48.6,118.8,30.6,主餐
家常版魚排飯 (1.9份),1235.0,60.8,148.2,43.7,主餐
家常版牛丼 (2.0份),1440.0,62.0,172.0,54.0,日式
家常版親子丼 (0.6份),408.0,18.6,46.8,14.4,日式
家常版豬排丼 (0.7份),546.0,23.8,57.4,23.8,日式
家常版咖哩飯 (0.8份),560.0,16.0,70.4,21.6,日式
家常版日式豬排飯 (0.9份),684.0,31.5,76.5,27.9,日式
家常版壽司 (1.0份),300.0,10.0,54.0,5.0,日式
家常版鮭魚壽司 (1.1份),363.0,16.5,55.0,8.8,日式
家常版鮪魚壽司 (1.2份),372.0,19.2,60.0,7.2,日式
家常版蝦壽司 (1.3份),377.0,16.9,67.6,5.2,日式
家常版玉子燒 (1.4份),252.0,14.0,14.0,14.0,日式
家常版味噌湯 (1.5份),82.5,6.0,7.5,3.0,湯品
家常版茶碗蒸 (1.6份),176.0,14.4,6.4,9.6,日式
家常版烤鯖魚 (1.7份),476.0,42.5,0.0,34.0,海鮮
家常版烤鮭魚 (1.8份),432.0,45.0,0.0,27.0,海鮮
家常版烤鯛魚 (1.9份),342.0,51.3,0.0,13.3,海鮮
家常版清蒸鱈魚 (2.0份),300.0,54.0,0.0,8.0,海鮮
家常版蝦仁 (0.6份),60.0,14.4,0.6,0.2,海鮮
家常版透抽 (0.7份),77.0,12.6,2.1,1.4,海鮮
家常版蛤蜊 (0.8份),64.0,10.4,3.2,1.2,海鮮
家常版蚵仔 (0.9份),76.5,8.1,4.5,2.7,海鮮
家常版鮪魚 (1.0份),130.0,29.0,0.0,1.0,海鮮
家常版鯛魚 (1.1份),143.0,28.6,0.0,3.3,海鮮
家常版鯖魚 (1.2份),252.0,24.0,0.0,16.8,海鮮
家常版鯷魚 (1.3份),169.0,37.7,0.0,6.5,海鮮
家常版雞胸肉 (1.4份),231.0,43.4,0.0,5.0,蛋白質
家常版雞腿肉 (1.5份),330.0,37.5,0.0,19.5,蛋白質
家常版雞翅 (1.6份),368.0,38.4,0.0,24.0,蛋白質
家常版雞里肌 (1.7份),255.0,51.0,0.0,5.1,蛋白質
家常版豬里肌 (1.8份),378.0,48.6,0.0,18.0,蛋白質
家常版豬梅花 (1.9份),475.0,41.8,0.0,34.2,蛋白質
家常版豬五花 (2.0份),780.0,28.0,0.0,74.0,蛋白質
家常版牛里肌 (0.6份),126.0,16.8,0.0,6.0,蛋白質
家常版牛腱 (0.7份),119.0,19.6,0.0,4.2,蛋白質
家常版牛五花 (0.8份),264.0,14.4,0.0,22.4,蛋白質
家常版羊肉 (0.9份),225.0,22.5,0.0,14.4,蛋白質
家常版培根 (1.0份),540.0,37.0,1.0,42.0,加工肉
家常版火腿 (1.1份),159.5,23.1,2.2,6.6,加工肉
家常版香腸 (1.2份),384.0,14.4,6.0,33.6,加工肉
家常版德國香腸 (1.3份),390.0,16.9,5.2,33.8,加工肉
家常版熱狗 (1.4份),406.0,15.4,5.6,35.0,加工肉
家常版雞肉香腸 (1.5份),330.0,24.0,6.0,22.5,加工肉
家常版板豆腐 (1.6份),136.0,14.4,3.2,8.0,豆製品
家常版嫩豆腐 (1.7份),93.5,8.5,3.4,5.1,豆製品
家常版豆干 (1.8份),288.0,36.0,14.4,12.6,豆製品
家常版毛豆 (1.9份),266.0,22.8,19.0,11.4,豆製品
家常版黑豆 (2.0份),300.0,20.0,54.0,2.0,豆製品
家常版鷹嘴豆 (0.6份),99.0,5.4,16.2,1.8,豆製品
家常版紅豆 (0.7份),87.5,5.6,15.4,0.3,豆類
家常版高麗菜 (0.8份),20.0,1.0,4.8,0.1,蔬菜
家常版菠菜 (0.9份),20.7,2.6,3.2,0.4,蔬菜
家常版青江菜 (1.0份),13.0,1.5,2.0,0.2,蔬菜
家常版花椰菜 (1.1份),37.4,3.1,7.7,0.4,蔬菜
家常版白花椰菜 (1.2份),30.0,2.4,6.0,0.4,蔬菜
家常版空心菜 (1.3份),26.0,2.6,3.9,0.4,蔬菜
家常版地瓜葉 (1.4份),42.0,4.2,7.0,0.4,蔬菜
家常版A菜 (1.5份),25.5,2.2,4.5,0.3,蔬菜
家常版大陸妹 (1.6份),28.8,2.4,4.8,0.3,蔬菜
家常版番茄 (1.7份),30.6,1.5,6.8,0.3,蔬菜
家常版小黃瓜 (1.8份),27.0,1.3,6.5,0.2,蔬菜
家常版紅蘿蔔 (1.9份),77.9,1.7,19.0,0.4,蔬菜
家常版洋蔥 (2.0份),80.0,2.2,18.0,0.2,蔬菜
家常版玉米筍 (0.6份),15.6,1.5,3.0,0.1,蔬菜
家常版香菇 (0.7份),23.8,2.2,4.9,0.3,蔬菜
家常版金針菇 (0.8份),29.6,2.2,5.6,0.2,蔬菜
家常版杏鮑菇 (0.9份),31.5,2.2,6.3,0.3,蔬菜
家常版木耳 (1.0份),25.0,1.5,6.0,0.2,蔬菜
家常版海帶 (1.1份),47.3,1.9,11.0,0.7,蔬菜
家常版草莓 (1.2份),38.4,0.8,9.6,0.4,水果
家常版藍莓 (1.3份),74.1,0.9,18.2,0.4,水果
家常版葡萄 (1.4份),96.6,1.0,25.2,0.3,水果
家常版橘子 (1.5份),70.5,1.4,18.0,0.2,水果
家常版柳橙 (1.6份),75.2,1.4,19.2,0.2,水果
家常版西瓜 (1.7份),51.0,1.0,13.6,0.3,水果
家常版鳳梨 (1.8份),90.0,0.9,23.4,0.2,水果
家常版芒果 (1.9份),114.0,1.5,28.5,0.8,水果
家常版水梨 (2.0份),84.0,0.8,22.0,0.2,水果
家常版桃子 (0.6份),23.4,0.5,6.0,0.2,水果
家常版火龍果 (0.7份),35.0,0.8,8.4,0.3,水果
家常版百香果 (0.8份),77.6,1.8,18.4,0.6,水果
家常版酪梨 (0.9份),144.0,1.8,8.1,13.5,水果
家常版椰子 (1.0份),354.0,3.3,15.0,33.0,水果
家常版柿子 (1.1份),77.0,0.7,20.9,0.2,水果
家常版杏仁 (1.2份),694.8,25.2,26.4,58.8,堅果
家常版核桃 (1.3份),850.2,19.5,18.2,84.5,堅果
家常版腰果 (1.4份),774.2,25.2,42.0,61.6,堅果
家常版花生 (1.5份),850.5,39.0,24.0,73.5,堅果
家常版開心果 (1.6份),899.2,32.0,44.8,72.0,堅果
家常版南瓜子 (1.7份),950.3,51.0,18.7,83.3,堅果
家常版葵瓜子 (1.8份),1051.2,37.8,36.0,91.8,堅果
家常版洋芋片 (1.9份),1018.4,13.3,100.7,66.5,零食
家常版玉米脆片 (2.0份),1000.0,14.0,110.0,56.0,零食
家常版爆米花 (0.6份),232.2,7.8,46.8,2.7,零食
家常版蘇打餅乾 (0.7份),301.0,6.3,49.0,9.1,零食
家常版巧克力餅乾 (0.8份),384.0,4.8,53.6,16.8,零食
家常版燕麥餅乾 (0.9份),405.0,6.3,61.2,15.3,零食
家常版洋芋薯餅 (1.0份),260.0,3.0,28.0,15.0,零食
家常版茶葉蛋 (1.1份),159.5,13.2,2.2,9.9,零食
家常版滷蛋 (1.2份),180.0,14.4,2.4,12.0,零食
家常版海苔 (1.3份),45.5,6.5,5.2,0.7,零食
家常版黑巧克力 (1.4份),840.0,11.2,64.4,60.2,甜點
家常版牛奶巧克力 (1.5份),802.5,12.0,88.5,45.0,甜點
家常版布朗尼 (1.6份),656.0,8.0,80.0,35.2,甜點
家常版乳酪蛋糕 (1.7份),544.0,10.2,45.9,35.7,甜點
家常版提拉米蘇 (1.8份),630.0,10.8,55.8,41.4,甜點
家常版蛋塔 (1.9份),532.0,11.4,53.2,32.3,甜點
家常版奶油泡芙 (2.0份),500.0,10.0,46.0,32.0,甜點
家常版可麗露 (0.6份),150.0,2.4,19.8,6.6,甜點
家常版鬆餅 (0.7份),252.0,5.6,35.0,9.8,甜點
家常版冰淇淋 (0.8份),168.0,3.2,19.2,8.8,甜點
家常版芒果冰 (0.9份),297.0,2.7,63.0,5.4,甜點
家常版豆花加花生 (1.0份),320.0,10.0,45.0,11.0,甜點
家常版紅豆湯 (1.1份),286.0,8.8,50.6,5.5,甜點
家常版綠豆湯 (1.2份),288.0,8.4,52.8,4.8,甜點
家常版仙草茶 (1.3份),130.0,0.0,32.5,0.0,甜點
家常版燒仙草 (1.4份),322.0,7.0,56.0,8.4,甜點
家常版薯條 (1.5份),468.0,5.1,61.5,22.5,速食
家常版炸雞腿 (1.6份),512.0,35.2,19.2,33.6,速食
家常版炸雞翅 (1.7份),493.0,34.0,17.0,32.3,速食
家常版起司漢堡 (1.8份),936.0,48.6,75.6,50.4,速食
家常版雙層牛肉堡 (1.9份),1273.0,66.5,91.2,70.3,速食
家常版雞塊 (2.0份),580.0,32.0,32.0,36.0,速食
家常版熱狗堡 (0.6份),234.0,9.0,21.6,12.6,速食
家常版雞肉捲 (0.7份),336.0,17.5,32.2,14.7,速食
家常版墨西哥捲餅 (0.8份),416.0,18.4,44.8,17.6,異國
家常版塔可 (0.9份),189.0,9.0,16.2,9.9,異國
家常版凱薩沙拉 (1.0份),360.0,18.0,14.0,27.0,西式
家常版烤雞沙拉 (1.1份),352.0,35.2,16.5,16.5,西式
家常版牛排 (1.2份),540.0,54.0,0.0,33.6,西式
家常版雞排 (1.3份),429.0,41.6,15.6,23.4,西式
家常版焗烤飯 (1.4份),952.0,33.6,98.0,44.8,西式
家常版焗烤義大利麵 (1.5份),1080.0,37.5,108.0,51.0,西式
家常版番茄義大利麵 (1.6份),768.0,24.0,121.6,19.2,西式
家常版奶油義大利麵 (1.7份),1105.0,30.6,119.0,51.0,西式
家常版青醬義大利麵 (1.8份),1116.0,32.4,122.4,50.4,西式
家常版白醬燉飯 (1.9份),1292.0,32.3,142.5,58.9,西式
家常版番茄燉飯 (2.0份),1040.0,30.0,152.0,30.0,西式
家常版韓式拌飯 (0.6份),372.0,13.2,50.4,13.2,韓式
家常版韓式炸雞 (0.7份),455.0,21.0,31.5,26.6,韓式
家常版韓式泡菜 (0.8份),24.0,1.6,4.0,0.4,韓式
家常版韓式部隊鍋 (0.9份),675.0,25.2,58.5,36.0,韓式
家常版韓式烤肉 (1.0份),550.0,35.0,10.0,40.0,韓式
家常版韓式冷麵 (1.1份),495.0,15.4,85.8,8.8,韓式
家常版日式拉麵 (1.2份),720.0,30.0,90.0,24.0,日式
家常版豬排拉麵 (1.3份),1014.0,45.5,101.4,46.8,日式
家常版牛肉烏龍麵 (1.4份),784.0,36.4,98.0,23.8,日式
家常版天婦羅 (1.5份),630.0,24.0,54.0,36.0,日式
家常版炸蝦天婦羅 (1.6份),496.0,24.0,32.0,32.0,日式
家常版大阪燒 (1.7份),850.0,30.6,85.0,42.5,日式
家常版章魚燒 (1.8份),648.0,25.2,79.2,25.2,日式
家常版番茄 (1.9份),34.2,1.7,7.6,0.4,蔬菜
家常版洋菇 (2.0份),44.0,6.2,6.6,0.6,蔬菜
家常版甜椒 (0.6份),18.6,0.6,3.6,0.2,蔬菜
家常版茄子 (0.7份),17.5,0.7,4.2,0.1,蔬菜
家常版絲瓜 (0.8份),16.0,1.0,3.2,0.2,蔬菜
家常版苦瓜 (0.9份),15.3,0.9,3.6,0.2,蔬菜
家常版冬瓜 (1.0份),13.0,0.4,3.0,0.2,蔬菜
家常版白蘿蔔 (1.1份),19.8,0.7,4.4,0.1,蔬菜
家常版秋葵 (1.2份),39.6,2.3,8.4,0.2,蔬菜
家常版竹筍 (1.3份),35.1,3.4,6.5,0.4,蔬菜
家常版豆芽菜 (1.4份),42.0,4.2,8.4,0.3,蔬菜
家常版海帶芽 (1.5份),67.5,4.5,13.5,0.9,蔬菜
便當版白吐司 (1.6份),424.0,14.4,78.4,5.1,早餐/主食
便當版全麥吐司 (1.7份),419.9,22.1,69.7,7.1,早餐/主食
便當版可頌 (1.8份),730.8,14.4,81.0,37.8,早餐/烘焙
便當版火腿起司蛋吐司 (1.9份),817.0,41.8,72.2,41.8,早餐
便當版鮪魚蛋吐司 (2.0份),820.0,48.0,72.0,40.0,早餐
便當版培根蛋吐司 (0.6份),276.0,12.0,21.0,16.2,早餐
便當版總匯三明治 (0.7份),364.0,16.8,30.8,18.9,早餐
便當版鮪魚三明治 (0.8份),312.0,17.6,33.6,12.8,早餐
便當版雞肉三明治 (0.9份),324.0,22.5,34.2,11.7,早餐
便當版火腿三明治 (1.0份),350.0,18.0,40.0,14.0,早餐
便當版起司蛋餅 (1.1份),429.0,17.6,39.6,23.1,早餐
便當版培根蛋餅 (1.2份),516.0,21.6,43.2,30.0,早餐
便當版玉米蛋餅 (1.3份),468.0,16.9,55.9,20.8,早餐
便當版鮪魚蛋餅 (1.4份),574.0,28.0,51.8,30.8,早餐
便當版蘿蔔糕加蛋 (1.5份),450.0,15.0,51.0,21.0,早餐
便當版法國吐司 (1.6份),512.0,17.6,67.2,19.2,早餐
便當版美式早餐盤 (1.7份),1105.0,47.6,76.5,66.3,早餐
便當版燕麥粥 (1.8份),396.0,14.4,64.8,10.8,早餐
便當版水果燕麥優格 (1.9份),532.0,22.8,81.7,13.3,早餐
便當版優格 (2.0份),240.0,14.0,28.0,8.0,乳品
便當版希臘優格 (0.6份),84.0,7.2,4.8,3.6,乳品
便當版低脂鮮奶 (0.7份),73.5,5.6,8.4,2.1,乳品
便當版全脂鮮奶 (0.8份),120.0,6.4,9.6,6.4,乳品
便當版無糖優格 (0.9份),85.5,8.1,5.4,3.6,乳品
便當版豆漿 (1.0份),170.0,12.0,10.0,7.0,飲品
便當版黑豆漿 (1.1份),198.0,14.3,11.0,7.7,飲品
便當版燕麥奶 (1.2份),144.0,3.6,19.2,6.0,飲品
便當版杏仁奶 (1.3份),52.0,1.3,2.6,3.9,飲品
便當版綠豆漿 (1.4份),266.0,15.4,35.0,7.0,飲品
便當版紅茶 (1.5份),7.5,0.0,1.5,0.0,飲品
便當版綠茶 (1.6份),3.2,0.0,0.0,0.0,飲品
便當版烏龍茶 (1.7份),3.4,0.0,0.0,0.0,飲品
便當版無糖綠茶 (1.8份),3.6,0.0,0.0,0.0,飲品
便當版檸檬紅茶 (1.9份),190.0,0.0,47.5,0.0,飲品
便當版可樂 (2.0份),280.0,0.0,78.0,0.0,飲品
便當版汽水 (0.6份),84.0,0.0,23.4,0.0,飲品
便當版運動飲料 (0.7份),84.0,0.0,21.0,0.0,飲品
便當版無糖氣泡水 (0.8份),0.0,0.0,0.0,0.0,飲品
便當版巧克力牛奶 (0.9份),171.0,6.3,27.0,4.5,飲品
便當版香蕉牛奶 (1.0份),210.0,7.0,34.0,5.0,飲品
便當版抹茶拿鐵 (1.1份),242.0,7.7,29.7,9.9,飲品
便當版摩卡 (1.2份),312.0,9.6,38.4,13.2,飲品
便當版卡布奇諾 (1.3份),156.0,7.8,13.0,7.8,飲品
便當版焦糖瑪奇朵 (1.4份),350.0,9.8,47.6,14.0,飲品
便當版可可 (1.5份),315.0,10.5,45.0,10.5,飲品
便當版水果茶 (1.6份),256.0,0.0,60.8,0.0,飲品
便當版奶茶 (1.7份),374.0,8.5,54.4,13.6,飲品
便當版冬瓜茶 (1.8份),270.0,0.0,66.6,0.0,飲品
便當版檸檬汁 (1.9份),114.0,0.0,28.5,0.0,飲品
便當版白飯 (2.0份),560.0,10.8,122.0,1.2,主食
便當版紫米飯 (0.6份),162.0,3.6,34.8,0.7,主食
便當版五穀飯 (0.7份),178.5,4.2,37.1,1.4,主食
便當版藜麥飯 (0.8份),200.0,6.4,36.8,3.2,主食
便當版燕麥飯 (0.9份),220.5,5.4,40.5,3.1,主食
便當版玉米 (1.0份),120.0,4.0,27.0,2.0,主食
便當版南瓜 (1.1份),77.0,2.2,17.6,0.2,蔬菜
便當版馬鈴薯 (1.2份),156.0,3.6,36.0,0.2,主食
便當版山藥 (1.3份),156.0,3.9,35.1,0.3,主食
便當版芋頭 (1.4份),182.0,2.8,42.0,0.3,主食
便當版冬粉 (1.5份),255.0,0.0,63.0,0.0,主食
便當版烏龍麵 (1.6份),432.0,14.4,89.6,1.6,麵食
便當版拉麵 (1.7份),731.0,25.5,110.5,20.4,麵食
便當版蕎麥麵 (1.8份),540.0,23.4,100.8,3.6,麵食
便當版米粉 (1.9份),665.0,11.4,152.0,1.9,麵食
便當版意麵 (2.0份),760.0,22.0,132.0,18.0,麵食
便當版炒飯 (0.6份),372.0,10.2,49.2,13.2,主餐
便當版蛋炒飯 (0.7份),406.0,12.6,54.6,14.0,主餐
便當版肉絲炒飯 (0.8份),520.0,19.2,64.0,20.0,主餐
便當版蝦仁炒飯 (0.9份),558.0,22.5,70.2,19.8,主餐
便當版炒麵 (1.0份),550.0,17.0,68.0,23.0,主餐
便當版炒烏龍 (1.1份),616.0,19.8,79.2,24.2,主餐
便當版鍋燒意麵 (1.2份),624.0,28.8,78.0,20.4,主餐
便當版雞肉飯 (1.3份),676.0,35.1,85.8,22.1,主餐
便當版魚排飯 (1.4份),910.0,44.8,109.2,32.2,主餐
便當版牛丼 (1.5份),1080.0,46.5,129.0,40.5,日式
便當版親子丼 (1.6份),1088.0,49.6,124.8,38.4,日式
便當版豬排丼 (1.7份),1326.0,57.8,139.4,57.8,日式
便當版咖哩飯 (1.8份),1260.0,36.0,158.4,48.6,日式
便當版日式豬排飯 (1.9份),1444.0,66.5,161.5,58.9,日式
便當版壽司 (2.0份),600.0,20.0,108.0,10.0,日式
便當版鮭魚壽司 (0.6份),198.0,9.0,30.0,4.8,日式
便當版鮪魚壽司 (0.7份),217.0,11.2,35.0,4.2,日式
便當版蝦壽司 (0.8份),232.0,10.4,41.6,3.2,日式
便當版玉子燒 (0.9份),162.0,9.0,9.0,9.0,日式
便當版味噌湯 (1.0份),55.0,4.0,5.0,2.0,湯品
便當版茶碗蒸 (1.1份),121.0,9.9,4.4,6.6,日式
便當版烤鯖魚 (1.2份),336.0,30.0,0.0,24.0,海鮮
便當版烤鮭魚 (1.3份),312.0,32.5,0.0,19.5,海鮮
便當版烤鯛魚 (1.4份),252.0,37.8,0.0,9.8,海鮮
便當版清蒸鱈魚 (1.5份),225.0,40.5,0.0,6.0,海鮮
便當版蝦仁 (1.6份),160.0,38.4,1.6,0.5,海鮮
便當版透抽 (1.7份),187.0,30.6,5.1,3.4,海鮮
便當版蛤蜊 (1.8份),144.0,23.4,7.2,2.7,海鮮
便當版蚵仔 (1.9份),161.5,17.1,9.5,5.7,海鮮
便當版鮪魚 (2.0份),260.0,58.0,0.0,2.0,海鮮
便當版鯛魚 (0.6份),78.0,15.6,0.0,1.8,海鮮
便當版鯖魚 (0.7份),147.0,14.0,0.0,9.8,海鮮
便當版鯷魚 (0.8份),104.0,23.2,0.0,4.0,海鮮
便當版雞胸肉 (0.9份),148.5,27.9,0.0,3.2,蛋白質
便當版雞腿肉 (1.0份),220.0,25.0,0.0,13.0,蛋白質
便當版雞翅 (1.1份),253.0,26.4,0.0,16.5,蛋白質
便當版雞里肌 (1.2份),180.0,36.0,0.0,3.6,蛋白質
便當版豬里肌 (1.3份),273.0,35.1,0.0,13.0,蛋白質
便當版豬梅花 (1.4份),350.0,30.8,0.0,25.2,蛋白質
便當版豬五花 (1.5份),585.0,21.0,0.0,55.5,蛋白質
便當版牛里肌 (1.6份),336.0,44.8,0.0,16.0,蛋白質
便當版牛腱 (1.7份),289.0,47.6,0.0,10.2,蛋白質
便當版牛五花 (1.8份),594.0,32.4,0.0,50.4,蛋白質
便當版羊肉 (1.9份),475.0,47.5,0.0,30.4,蛋白質
便當版培根 (2.0份),1080.0,74.0,2.0,84.0,加工肉
便當版火腿 (0.6份),87.0,12.6,1.2,3.6,加工肉
便當版香腸 (0.7份),224.0,8.4,3.5,19.6,加工肉
便當版德國香腸 (0.8份),240.0,10.4,3.2,20.8,加工肉
便當版熱狗 (0.9份),261.0,9.9,3.6,22.5,加工肉
便當版雞肉香腸 (1.0份),220.0,16.0,4.0,15.0,加工肉
便當版板豆腐 (1.1份),93.5,9.9,2.2,5.5,豆製品
便當版嫩豆腐 (1.2份),66.0,6.0,2.4,3.6,豆製品
便當版豆干 (1.3份),208.0,26.0,10.4,9.1,豆製品
便當版毛豆 (1.4份),196.0,16.8,14.0,8.4,豆製品
便當版黑豆 (1.5份),225.0,15.0,40.5,1.5,豆製品
便當版鷹嘴豆 (1.6份),264.0,14.4,43.2,4.8,豆製品
便當版紅豆 (1.7份),212.5,13.6,37.4,0.9,豆類
便當版高麗菜 (1.8份),45.0,2.3,10.8,0.2,蔬菜
便當版菠菜 (1.9份),43.7,5.5,6.8,0.8,蔬菜
便當版青江菜 (2.0份),26.0,3.0,4.0,0.4,蔬菜
便當版花椰菜 (0.6份),20.4,1.7,4.2,0.2,蔬菜
便當版白花椰菜 (0.7份),17.5,1.4,3.5,0.2,蔬菜
便當版空心菜 (0.8份),16.0,1.6,2.4,0.2,蔬菜
便當版地瓜葉 (0.9份),27.0,2.7,4.5,0.3,蔬菜
便當版A菜 (1.0份),17.0,1.5,3.0,0.2,蔬菜
便當版大陸妹 (1.1份),19.8,1.7,3.3,0.2,蔬菜
便當版番茄 (1.2份),21.6,1.1,4.8,0.2,蔬菜
便當版小黃瓜 (1.3份),19.5,0.9,4.7,0.1,蔬菜
便當版紅蘿蔔 (1.4份),57.4,1.3,14.0,0.3,蔬菜
便當版洋蔥 (1.5份),60.0,1.7,13.5,0.2,蔬菜
便當版玉米筍 (1.6份),41.6,4.0,8.0,0.3,蔬菜
便當版香菇 (1.7份),57.8,5.3,11.9,0.9,蔬菜
便當版金針菇 (1.8份),66.6,4.9,12.6,0.5,蔬菜
便當版杏鮑菇 (1.9份),66.5,4.8,13.3,0.6,蔬菜
便當版木耳 (2.0份),50.0,3.0,12.0,0.4,蔬菜
便當版海帶 (0.6份),25.8,1.0,6.0,0.4,蔬菜
便當版草莓 (0.7份),22.4,0.5,5.6,0.2,水果
便當版藍莓 (0.8份),45.6,0.6,11.2,0.2,水果
便當版葡萄 (0.9份),62.1,0.6,16.2,0.2,水果
便當版橘子 (1.0份),47.0,0.9,12.0,0.1,水果
便當版柳橙 (1.1份),51.7,1.0,13.2,0.1,水果
便當版西瓜 (1.2份),36.0,0.7,9.6,0.2,水果
便當版鳳梨 (1.3份),65.0,0.7,16.9,0.1,水果
便當版芒果 (1.4份),84.0,1.1,21.0,0.6,水果
便當版水梨 (1.5份),63.0,0.6,16.5,0.2,水果
便當版桃子 (1.6份),62.4,1.4,16.0,0.5,水果
便當版火龍果 (1.7份),85.0,1.9,20.4,0.7,水果
便當版百香果 (1.8份),174.6,4.0,41.4,1.3,水果
便當版酪梨 (1.9份),304.0,3.8,17.1,28.5,水果
便當版椰子 (2.0份),708.0,6.6,30.0,66.0,水果
便當版柿子 (0.6份),42.0,0.4,11.4,0.1,水果
便當版杏仁 (0.7份),405.3,14.7,15.4,34.3,堅果
便當版核桃 (0.8份),523.2,12.0,11.2,52.0,堅果
便當版腰果 (0.9份),497.7,16.2,27.0,39.6,堅果
便當版花生 (1.0份),567.0,26.0,16.0,49.0,堅果
便當版開心果 (1.1份),618.2,22.0,30.8,49.5,堅果
便當版南瓜子 (1.2份),670.8,36.0,13.2,58.8,堅果
便當版葵瓜子 (1.3份),759.2,27.3,26.0,66.3,堅果
便當版洋芋片 (1.4份),750.4,9.8,74.2,49.0,零食
便當版玉米脆片 (1.5份),750.0,10.5,82.5,42.0,零食
便當版爆米花 (1.6份),619.2,20.8,124.8,7.2,零食
便當版蘇打餅乾 (1.7份),731.0,15.3,119.0,22.1,零食
便當版巧克力餅乾 (1.8份),864.0,10.8,120.6,37.8,零食
便當版燕麥餅乾 (1.9份),855.0,13.3,129.2,32.3,零食
便當版洋芋薯餅 (2.0份),520.0,6.0,56.0,30.0,零食
便當版茶葉蛋 (0.6份),87.0,7.2,1.2,5.4,零食
便當版滷蛋 (0.7份),105.0,8.4,1.4,7.0,零食
便當版海苔 (0.8份),28.0,4.0,3.2,0.4,零食
便當版黑巧克力 (0.9份),540.0,7.2,41.4,38.7,甜點
便當版牛奶巧克力 (1.0份),535.0,8.0,59.0,30.0,甜點
便當版布朗尼 (1.1份),451.0,5.5,55.0,24.2,甜點
便當版乳酪蛋糕 (1.2份),384.0,7.2,32.4,25.2,甜點
便當版提拉米蘇 (1.3份),455.0,7.8,40.3,29.9,甜點
便當版蛋塔 (1.4份),392.0,8.4,39.2,23.8,甜點
便當版奶油泡芙 (1.5份),375.0,7.5,34.5,24.0,甜點
便當版可麗露 (1.6份),400.0,6.4,52.8,17.6,甜點
便當版鬆餅 (1.7份),612.0,13.6,85.0,23.8,甜點
便當版冰淇淋 (1.8份),378.0,7.2,43.2,19.8,甜點
便當版芒果冰 (1.9份),627.0,5.7,133.0,11.4,甜點
便當版豆花加花生 (2.0份),640.0,20.0,90.0,22.0,甜點
便當版紅豆湯 (0.6份),156.0,4.8,27.6,3.0,甜點
便當版綠豆湯 (0.7份),168.0,4.9,30.8,2.8,甜點
便當版仙草茶 (0.8份),80.0,0.0,20.0,0.0,甜點
便當版燒仙草 (0.9份),207.0,4.5,36.0,5.4,甜點
便當版薯條 (1.0份),312.0,3.4,41.0,15.0,速食
便當版炸雞腿 (1.1份),352.0,24.2,13.2,23.1,速食
便當版炸雞翅 (1.2份),348.0,24.0,12.0,22.8,速食
便當版起司漢堡 (1.3份),676.0,35.1,54.6,36.4,速食
便當版雙層牛肉堡 (1.4份),938.0,49.0,67.2,51.8,速食
便當版雞塊 (1.5份),435.0,24.0,24.0,27.0,速食
便當版熱狗堡 (1.6份),624.0,24.0,57.6,33.6,速食
便當版雞肉捲 (1.7份),816.0,42.5,78.2,35.7,速食
便當版墨西哥捲餅 (1.8份),936.0,41.4,100.8,39.6,異國
便當版塔可 (1.9份),399.0,19.0,34.2,20.9,異國
便當版凱薩沙拉 (2.0份),720.0,36.0,28.0,54.0,西式
便當版烤雞沙拉 (0.6份),192.0,19.2,9.0,9.0,西式
便當版牛排 (0.7份),315.0,31.5,0.0,19.6,西式
便當版雞排 (0.8份),264.0,25.6,9.6,14.4,西式
便當版焗烤飯 (0.9份),612.0,21.6,63.0,28.8,西式
便當版焗烤義大利麵 (1.0份),720.0,25.0,72.0,34.0,西式
便當版番茄義大利麵 (1.1份),528.0,16.5,83.6,13.2,西式
便當版奶油義大利麵 (1.2份),780.0,21.6,84.0,36.0,西式
便當版青醬義大利麵 (1.3份),806.0,23.4,88.4,36.4,西式
便當版白醬燉飯 (1.4份),952.0,23.8,105.0,43.4,西式
便當版番茄燉飯 (1.5份),780.0,22.5,114.0,22.5,西式
便當版韓式拌飯 (1.6份),992.0,35.2,134.4,35.2,韓式
便當版韓式炸雞 (1.7份),1105.0,51.0,76.5,64.6,韓式
便當版韓式泡菜 (1.8份),54.0,3.6,9.0,0.9,韓式
便當版韓式部隊鍋 (1.9份),1425.0,53.2,123.5,76.0,韓式
便當版韓式烤肉 (2.0份),1100.0,70.0,20.0,80.0,韓式
便當版韓式冷麵 (0.6份),270.0,8.4,46.8,4.8,韓式
便當版日式拉麵 (0.7份),420.0,17.5,52.5,14.0,日式
便當版豬排拉麵 (0.8份),624.0,28.0,62.4,28.8,日式
便當版牛肉烏龍麵 (0.9份),504.0,23.4,63.0,15.3,日式
便當版天婦羅 (1.0份),420.0,16.0,36.0,24.0,日式
便當版炸蝦天婦羅 (1.1份),341.0,16.5,22.0,22.0,日式
便當版大阪燒 (1.2份),600.0,21.6,60.0,30.0,日式
便當版章魚燒 (1.3份),468.0,18.2,57.2,18.2,日式
便當版番茄 (1.4份),25.2,1.3,5.6,0.3,蔬菜
便當版洋菇 (1.5份),33.0,4.7,4.9,0.4,蔬菜
便當版甜椒 (1.6份),49.6,1.6,9.6,0.5,蔬菜
便當版茄子 (1.7份),42.5,1.7,10.2,0.3,蔬菜
便當版絲瓜 (1.8份),36.0,2.2,7.2,0.4,蔬菜
便當版苦瓜 (1.9份),32.3,1.9,7.6,0.4,蔬菜
便當版冬瓜 (2.0份),26.0,0.8,6.0,0.4,蔬菜
便當版白蘿蔔 (0.6份),10.8,0.4,2.4,0.1,蔬菜
便當版秋葵 (0.7份),23.1,1.3,4.9,0.1,蔬菜
便當版竹筍 (0.8份),21.6,2.1,4.0,0.2,蔬菜
便當版豆芽菜 (0.9份),27.0,2.7,5.4,0.2,蔬菜
便當版海帶芽 (1.0份),45.0,3.0,9.0,0.6,蔬菜
小資版白吐司 (1.1份),291.5,9.9,53.9,3.5,早餐/主食
小資版全麥吐司 (1.2份),296.4,15.6,49.2,5.0,早餐/主食
小資版可頌 (1.3份),527.8,10.4,58.5,27.3,早餐/烘焙
小資版火腿起司蛋吐司 (1.4份),602.0,30.8,53.2,30.8,早餐
小資版鮪魚蛋吐司 (1.5份),615.0,36.0,54.0,30.0,早餐
小資版培根蛋吐司 (1.6份),736.0,32.0,56.0,43.2,早餐
小資版總匯三明治 (1.7份),884.0,40.8,74.8,45.9,早餐
小資版鮪魚三明治 (1.8份),702.0,39.6,75.6,28.8,早餐
小資版雞肉三明治 (1.9份),684.0,47.5,72.2,24.7,早餐
小資版火腿三明治 (2.0份),700.0,36.0,80.0,28.0,早餐
小資版起司蛋餅 (0.6份),234.0,9.6,21.6,12.6,早餐
小資版培根蛋餅 (0.7份),301.0,12.6,25.2,17.5,早餐
小資版玉米蛋餅 (0.8份),288.0,10.4,34.4,12.8,早餐
小資版鮪魚蛋餅 (0.9份),369.0,18.0,33.3,19.8,早餐
小資版蘿蔔糕加蛋 (1.0份),300.0,10.0,34.0,14.0,早餐
小資版法國吐司 (1.1份),352.0,12.1,46.2,13.2,早餐
小資版美式早餐盤 (1.2份),780.0,33.6,54.0,46.8,早餐
小資版燕麥粥 (1.3份),286.0,10.4,46.8,7.8,早餐
小資版水果燕麥優格 (1.4份),392.0,16.8,60.2,9.8,早餐
小資版優格 (1.5份),180.0,10.5,21.0,6.0,乳品
小資版希臘優格 (1.6份),224.0,19.2,12.8,9.6,乳品
小資版低脂鮮奶 (1.7份),178.5,13.6,20.4,5.1,乳品
小資版全脂鮮奶 (1.8份),270.0,14.4,21.6,14.4,乳品
小資版無糖優格 (1.9份),180.5,17.1,11.4,7.6,乳品
小資版豆漿 (2.0份),340.0,24.0,20.0,14.0,飲品
小資版黑豆漿 (0.6份),108.0,7.8,6.0,4.2,飲品
小資版燕麥奶 (0.7份),84.0,2.1,11.2,3.5,飲品
小資版杏仁奶 (0.8份),32.0,0.8,1.6,2.4,飲品
小資版綠豆漿 (0.9份),171.0,9.9,22.5,4.5,飲品
小資版紅茶 (1.0份),5.0,0.0,1.0,0.0,飲品
小資版綠茶 (1.1份),2.2,0.0,0.0,0.0,飲品
小資版烏龍茶 (1.2份),2.4,0.0,0.0,0.0,飲品
小資版無糖綠茶 (1.3份),2.6,0.0,0.0,0.0,飲品
小資版檸檬紅茶 (1.4份),140.0,0.0,35.0,0.0,飲品
小資版可樂 (1.5份),210.0,0.0,58.5,0.0,飲品
小資版汽水 (1.6份),224.0,0.0,62.4,0.0,飲品
小資版運動飲料 (1.7份),204.0,0.0,51.0,0.0,飲品
小資版無糖氣泡水 (1.8份),0.0,0.0,0.0,0.0,飲品
小資版巧克力牛奶 (1.9份),361.0,13.3,57.0,9.5,飲品
小資版香蕉牛奶 (2.0份),420.0,14.0,68.0,10.0,飲品
小資版抹茶拿鐵 (0.6份),132.0,4.2,16.2,5.4,飲品
小資版摩卡 (0.7份),182.0,5.6,22.4,7.7,飲品
小資版卡布奇諾 (0.8份),96.0,4.8,8.0,4.8,飲品
小資版焦糖瑪奇朵 (0.9份),225.0,6.3,30.6,9.0,飲品
小資版可可 (1.0份),210.0,7.0,30.0,7.0,飲品
小資版水果茶 (1.1份),176.0,0.0,41.8,0.0,飲品
小資版奶茶 (1.2份),264.0,6.0,38.4,9.6,飲品
小資版冬瓜茶 (1.3份),195.0,0.0,48.1,0.0,飲品
小資版檸檬汁 (1.4份),84.0,0.0,21.0,0.0,飲品
小資版白飯 (1.5份),420.0,8.1,91.5,0.9,主食
小資版紫米飯 (1.6份),432.0,9.6,92.8,1.9,主食
小資版五穀飯 (1.7份),433.5,10.2,90.1,3.4,主食
小資版藜麥飯 (1.8份),450.0,14.4,82.8,7.2,主食
小資版燕麥飯 (1.9份),465.5,11.4,85.5,6.6,主食
小資版玉米 (2.0份),240.0,8.0,54.0,4.0,主食
小資版南瓜 (0.6份),42.0,1.2,9.6,0.1,蔬菜
小資版馬鈴薯 (0.7份),91.0,2.1,21.0,0.1,主食
小資版山藥 (0.8份),96.0,2.4,21.6,0.2,主食
小資版芋頭 (0.9份),117.0,1.8,27.0,0.2,主食
小資版冬粉 (1.0份),170.0,0.0,42.0,0.0,主食
小資版烏龍麵 (1.1份),297.0,9.9,61.6,1.1,麵食
小資版拉麵 (1.2份),516.0,18.0,78.0,14.4,麵食
小資版蕎麥麵 (1.3份),390.0,16.9,72.8,2.6,麵食
小資版米粉 (1.4份),490.0,8.4,112.0,1.4,麵食
小資版意麵 (1.5份),570.0,16.5,99.0,13.5,麵食
小資版炒飯 (1.6份),992.0,27.2,131.2,35.2,主餐
小資版蛋炒飯 (1.7份),986.0,30.6,132.6,34.0,主餐
小資版肉絲炒飯 (1.8份),1170.0,43.2,144.0,45.0,主餐
小資版蝦仁炒飯 (1.9份),1178.0,47.5,148.2,41.8,主餐
小資版炒麵 (2.0份),1100.0,34.0,136.0,46.0,主餐
小資版炒烏龍 (0.6份),336.0,10.8,43.2,13.2,主餐
小資版鍋燒意麵 (0.7份),364.0,16.8,45.5,11.9,主餐
小資版雞肉飯 (0.8份),416.0,21.6,52.8,13.6,主餐
小資版魚排飯 (0.9份),585.0,28.8,70.2,20.7,主餐
小資版牛丼 (1.0份),720.0,31.0,86.0,27.0,日式
小資版親子丼 (1.1份),748.0,34.1,85.8,26.4,日式
小資版豬排丼 (1.2份),936.0,40.8,98.4,40.8,日式
小資版咖哩飯 (1.3份),910.0,26.0,114.4,35.1,日式
小資版日式豬排飯 (1.4份),1064.0,49.0,119.0,43.4,日式
小資版壽司 (1.5份),450.0,15.0,81.0,7.5,日式
小資版鮭魚壽司 (1.6份),528.0,24.0,80.0,12.8,日式
小資版鮪魚壽司 (1.7份),527.0,27.2,85.0,10.2,日式
小資版蝦壽司 (1.8份),522.0,23.4,93.6,7.2,日式
小資版玉子燒 (1.9份),342.0,19.0,19.0,19.0,日式
小資版味噌湯 (2.0份),110.0,8.0,10.0,4.0,湯品
小資版茶碗蒸 (0.6份),66.0,5.4,2.4,3.6,日式
小資版烤鯖魚 (0.7份),196.0,17.5,0.0,14.0,海鮮
小資版烤鮭魚 (0.8份),192.0,20.0,0.0,12.0,海鮮
小資版烤鯛魚 (0.9份),162.0,24.3,0.0,6.3,海鮮
小資版清蒸鱈魚 (1.0份),150.0,27.0,0.0,4.0,海鮮
小資版蝦仁 (1.1份),110.0,26.4,1.1,0.3,海鮮
小資版透抽 (1.2份),132.0,21.6,3.6,2.4,海鮮
小資版蛤蜊 (1.3份),104.0,16.9,5.2,2.0,海鮮
小資版蚵仔 (1.4份),119.0,12.6,7.0,4.2,海鮮
小資版鮪魚 (1.5份),195.0,43.5,0.0,1.5,海鮮
小資版鯛魚 (1.6份),208.0,41.6,0.0,4.8,海鮮
小資版鯖魚 (1.7份),357.0,34.0,0.0,23.8,海鮮
小資版鯷魚 (1.8份),234.0,52.2,0.0,9.0,海鮮
小資版雞胸肉 (1.9份),313.5,58.9,0.0,6.8,蛋白質
小資版雞腿肉 (2.0份),440.0,50.0,0.0,26.0,蛋白質
小資版雞翅 (0.6份),138.0,14.4,0.0,9.0,蛋白質
小資版雞里肌 (0.7份),105.0,21.0,0.0,2.1,蛋白質
小資版豬里肌 (0.8份),168.0,21.6,0.0,8.0,蛋白質
小資版豬梅花 (0.9份),225.0,19.8,0.0,16.2,蛋白質
小資版豬五花 (1.0份),390.0,14.0,0.0,37.0,蛋白質
小資版牛里肌 (1.1份),231.0,30.8,0.0,11.0,蛋白質
小資版牛腱 (1.2份),204.0,33.6,0.0,7.2,蛋白質
小資版牛五花 (1.3份),429.0,23.4,0.0,36.4,蛋白質
小資版羊肉 (1.4份),350.0,35.0,0.0,22.4,蛋白質
小資版培根 (1.5份),810.0,55.5,1.5,63.0,加工肉
小資版火腿 (1.6份),232.0,33.6,3.2,9.6,加工肉
小資版香腸 (1.7份),544.0,20.4,8.5,47.6,加工肉
小資版德國香腸 (1.8份),540.0,23.4,7.2,46.8,加工肉
小資版熱狗 (1.9份),551.0,20.9,7.6,47.5,加工肉
小資版雞肉香腸 (2.0份),440.0,32.0,8.0,30.0,加工肉
小資版板豆腐 (0.6份),51.0,5.4,1.2,3.0,豆製品
小資版嫩豆腐 (0.7份),38.5,3.5,1.4,2.1,豆製品
小資版豆干 (0.8份),128.0,16.0,6.4,5.6,豆製品
小資版毛豆 (0.9份),126.0,10.8,9.0,5.4,豆製品
小資版黑豆 (1.0份),150.0,10.0,27.0,1.0,豆製品
小資版鷹嘴豆 (1.1份),181.5,9.9,29.7,3.3,豆製品
小資版紅豆 (1.2份),150.0,9.6,26.4,0.6,豆類
小資版高麗菜 (1.3份),32.5,1.7,7.8,0.1,蔬菜
小資版菠菜 (1.4份),32.2,4.1,5.0,0.6,蔬菜
小資版青江菜 (1.5份),19.5,2.2,3.0,0.3,蔬菜
小資版花椰菜 (1.6份),54.4,4.5,11.2,0.6,蔬菜
小資版白花椰菜 (1.7份),42.5,3.4,8.5,0.5,蔬菜
小資版空心菜 (1.8份),36.0,3.6,5.4,0.5,蔬菜
小資版地瓜葉 (1.9份),57.0,5.7,9.5,0.6,蔬菜
小資版A菜 (2.0份),34.0,3.0,6.0,0.4,蔬菜
小資版大陸妹 (0.6份),10.8,0.9,1.8,0.1,蔬菜
小資版番茄 (0.7份),12.6,0.6,2.8,0.1,蔬菜
小資版小黃瓜 (0.8份),12.0,0.6,2.9,0.1,蔬菜
小資版紅蘿蔔 (0.9份),36.9,0.8,9.0,0.2,蔬菜
小資版洋蔥 (1.0份),40.0,1.1,9.0,0.1,蔬菜
小資版玉米筍 (1.1份),28.6,2.8,5.5,0.2,蔬菜
小資版香菇 (1.2份),40.8,3.7,8.4,0.6,蔬菜
小資版金針菇 (1.3份),48.1,3.5,9.1,0.4,蔬菜
小資版杏鮑菇 (1.4份),49.0,3.5,9.8,0.4,蔬菜
小資版木耳 (1.5份),37.5,2.2,9.0,0.3,蔬菜
小資版海帶 (1.6份),68.8,2.7,16.0,1.0,蔬菜
小資版草莓 (1.7份),54.4,1.2,13.6,0.5,水果
小資版藍莓 (1.8份),102.6,1.3,25.2,0.5,水果
小資版葡萄 (1.9份),131.1,1.3,34.2,0.4,水果
小資版橘子 (2.0份),94.0,1.8,24.0,0.2,水果
小資版柳橙 (0.6份),28.2,0.5,7.2,0.1,水果
小資版西瓜 (0.7份),21.0,0.4,5.6,0.1,水果
小資版鳳梨 (0.8份),40.0,0.4,10.4,0.1,水果
小資版芒果 (0.9份),54.0,0.7,13.5,0.4,水果
小資版水梨 (1.0份),42.0,0.4,11.0,0.1,水果
小資版桃子 (1.1份),42.9,1.0,11.0,0.3,水果
小資版火龍果 (1.2份),60.0,1.3,14.4,0.5,水果
小資版百香果 (1.3份),126.1,2.9,29.9,0.9,水果
小資版酪梨 (1.4份),224.0,2.8,12.6,21.0,水果
小資版椰子 (1.5份),531.0,4.9,22.5,49.5,水果
小資版柿子 (1.6份),112.0,1.0,30.4,0.3,水果
小資版杏仁 (1.7份),984.3,35.7,37.4,83.3,堅果
小資版核桃 (1.8份),1177.2,27.0,25.2,117.0,堅果
小資版腰果 (1.9份),1050.7,34.2,57.0,83.6,堅果
小資版花生 (2.0份),1134.0,52.0,32.0,98.0,堅果
小資版開心果 (0.6份),337.2,12.0,16.8,27.0,堅果
小資版南瓜子 (0.7份),391.3,21.0,7.7,34.3,堅果
小資版葵瓜子 (0.8份),467.2,16.8,16.0,40.8,堅果
小資版洋芋片 (0.9份),482.4,6.3,47.7,31.5,零食
小資版玉米脆片 (1.0份),500.0,7.0,55.0,28.0,零食
小資版爆米花 (1.1份),425.7,14.3,85.8,5.0,零食
小資版蘇打餅乾 (1.2份),516.0,10.8,84.0,15.6,零食
小資版巧克力餅乾 (1.3份),624.0,7.8,87.1,27.3,零食
小資版燕麥餅乾 (1.4份),630.0,9.8,95.2,23.8,零食
小資版洋芋薯餅 (1.5份),390.0,4.5,42.0,22.5,零食
小資版茶葉蛋 (1.6份),232.0,19.2,3.2,14.4,零食
小資版滷蛋 (1.7份),255.0,20.4,3.4,17.0,零食
小資版海苔 (1.8份),63.0,9.0,7.2,0.9,零食
小資版黑巧克力 (1.9份),1140.0,15.2,87.4,81.7,甜點
小資版牛奶巧克力 (2.0份),1070.0,16.0,118.0,60.0,甜點
小資版布朗尼 (0.6份),246.0,3.0,30.0,13.2,甜點
小資版乳酪蛋糕 (0.7份),224.0,4.2,18.9,14.7,甜點
小資版提拉米蘇 (0.8份),280.0,4.8,24.8,18.4,甜點
小資版蛋塔 (0.9份),252.0,5.4,25.2,15.3,甜點
小資版奶油泡芙 (1.0份),250.0,5.0,23.0,16.0,甜點
小資版可麗露 (1.1份),275.0,4.4,36.3,12.1,甜點
小資版鬆餅 (1.2份),432.0,9.6,60.0,16.8,甜點
小資版冰淇淋 (1.3份),273.0,5.2,31.2,14.3,甜點
小資版芒果冰 (1.4份),462.0,4.2,98.0,8.4,甜點
小資版豆花加花生 (1.5份),480.0,15.0,67.5,16.5,甜點
小資版紅豆湯 (1.6份),416.0,12.8,73.6,8.0,甜點
小資版綠豆湯 (1.7份),408.0,11.9,74.8,6.8,甜點
小資版仙草茶 (1.8份),180.0,0.0,45.0,0.0,甜點
小資版燒仙草 (1.9份),437.0,9.5,76.0,11.4,甜點
小資版薯條 (2.0份),624.0,6.8,82.0,30.0,速食
小資版炸雞腿 (0.6份),192.0,13.2,7.2,12.6,速食
小資版炸雞翅 (0.7份),203.0,14.0,7.0,13.3,速食
小資版起司漢堡 (0.8份),416.0,21.6,33.6,22.4,速食
小資版雙層牛肉堡 (0.9份),603.0,31.5,43.2,33.3,速食
小資版雞塊 (1.0份),290.0,16.0,16.0,18.0,速食
小資版熱狗堡 (1.1份),429.0,16.5,39.6,23.1,速食
小資版雞肉捲 (1.2份),576.0,30.0,55.2,25.2,速食
小資版墨西哥捲餅 (1.3份),676.0,29.9,72.8,28.6,異國
小資版塔可 (1.4份),294.0,14.0,25.2,15.4,異國
小資版凱薩沙拉 (1.5份),540.0,27.0,21.0,40.5,西式
小資版烤雞沙拉 (1.6份),512.0,51.2,24.0,24.0,西式
小資版牛排 (1.7份),765.0,76.5,0.0,47.6,西式
小資版雞排 (1.8份),594.0,57.6,21.6,32.4,西式
小資版焗烤飯 (1.9份),1292.0,45.6,133.0,60.8,西式
小資版焗烤義大利麵 (2.0份),1440.0,50.0,144.0,68.0,西式
小資版番茄義大利麵 (0.6份),288.0,9.0,45.6,7.2,西式
小資版奶油義大利麵 (0.7份),455.0,12.6,49.0,21.0,西式
小資版青醬義大利麵 (0.8份),496.0,14.4,54.4,22.4,西式
小資版白醬燉飯 (0.9份),612.0,15.3,67.5,27.9,西式
小資版番茄燉飯 (1.0份),520.0,15.0,76.0,15.0,西式
小資版韓式拌飯 (1.1份),682.0,24.2,92.4,24.2,韓式
小資版韓式炸雞 (1.2份),780.0,36.0,54.0,45.6,韓式
小資版韓式泡菜 (1.3份),39.0,2.6,6.5,0.7,韓式
小資版韓式部隊鍋 (1.4份),1050.0,39.2,91.0,56.0,韓式
小資版韓式烤肉 (1.5份),825.0,52.5,15.0,60.0,韓式
小資版韓式冷麵 (1.6份),720.0,22.4,124.8,12.8,韓式
小資版日式拉麵 (1.7份),1020.0,42.5,127.5,34.0,日式
小資版豬排拉麵 (1.8份),1404.0,63.0,140.4,64.8,日式
小資版牛肉烏龍麵 (1.9份),1064.0,49.4,133.0,32.3,日式
小資版天婦羅 (2.0份),840.0,32.0,72.0,48.0,日式
小資版炸蝦天婦羅 (0.6份),186.0,9.0,12.0,12.0,日式
小資版大阪燒 (0.7份),350.0,12.6,35.0,17.5,日式
小資版章魚燒 (0.8份),288.0,11.2,35.2,11.2,日式
小資版番茄 (0.9份),16.2,0.8,3.6,0.2,蔬菜
小資版洋菇 (1.0份),22.0,3.1,3.3,0.3,蔬菜
小資版甜椒 (1.1份),34.1,1.1,6.6,0.3,蔬菜
小資版茄子 (1.2份),30.0,1.2,7.2,0.2,蔬菜
小資版絲瓜 (1.3份),26.0,1.6,5.2,0.3,蔬菜
小資版苦瓜 (1.4份),23.8,1.4,5.6,0.3,蔬菜
小資版冬瓜 (1.5份),19.5,0.6,4.5,0.3,蔬菜
小資版白蘿蔔 (1.6份),28.8,1.0,6.4,0.2,蔬菜
小資版秋葵 (1.7份),56.1,3.2,11.9,0.3,蔬菜
小資版竹筍 (1.8份),48.6,4.7,9.0,0.5,蔬菜
小資版豆芽菜 (1.9份),57.0,5.7,11.4,0.4,蔬菜
小資版海帶芽 (2.0份),90.0,6.0,18.0,1.2,蔬菜
運動版白吐司 (0.6份),159.0,5.4,29.4,1.9,早餐/主食
運動版全麥吐司 (0.7份),172.9,9.1,28.7,2.9,早餐/主食
運動版可頌 (0.8份),324.8,6.4,36.0,16.8,早餐/烘焙
運動版火腿起司蛋吐司 (0.9份),387.0,19.8,34.2,19.8,早餐
運動版鮪魚蛋吐司 (1.0份),410.0,24.0,36.0,20.0,早餐
運動版培根蛋吐司 (1.1份),506.0,22.0,38.5,29.7,早餐
運動版總匯三明治 (1.2份),624.0,28.8,52.8,32.4,早餐
運動版鮪魚三明治 (1.3份),507.0,28.6,54.6,20.8,早餐
運動版雞肉三明治 (1.4份),504.0,35.0,53.2,18.2,早餐
運動版火腿三明治 (1.5份),525.0,27.0,60.0,21.0,早餐
運動版起司蛋餅 (1.6份),624.0,25.6,57.6,33.6,早餐
運動版培根蛋餅 (1.7份),731.0,30.6,61.2,42.5,早餐
運動版玉米蛋餅 (1.8份),648.0,23.4,77.4,28.8,早餐
運動版鮪魚蛋餅 (1.9份),779.0,38.0,70.3,41.8,早餐
運動版蘿蔔糕加蛋 (2.0份),600.0,20.0,68.0,28.0,早餐
運動版法國吐司 (0.6份),192.0,6.6,25.2,7.2,早餐
運動版美式早餐盤 (0.7份),455.0,19.6,31.5,27.3,早餐
運動版燕麥粥 (0.8份),176.0,6.4,28.8,4.8,早餐
運動版水果燕麥優格 (0.9份),252.0,10.8,38.7,6.3,早餐
運動版優格 (1.0份),120.0,7.0,14.0,4.0,乳品
運動版希臘優格 (1.1份),154.0,13.2,8.8,6.6,乳品
運動版低脂鮮奶 (1.2份),126.0,9.6,14.4,3.6,乳品
運動版全脂鮮奶 (1.3份),195.0,10.4,15.6,10.4,乳品
運動版無糖優格 (1.4份),133.0,12.6,8.4,5.6,乳品
運動版豆漿 (1.5份),255.0,18.0,15.0,10.5,飲品
運動版黑豆漿 (1.6份),288.0,20.8,16.0,11.2,飲品
運動版燕麥奶 (1.7份),204.0,5.1,27.2,8.5,飲品
運動版杏仁奶 (1.8份),72.0,1.8,3.6,5.4,飲品
運動版綠豆漿 (1.9份),361.0,20.9,47.5,9.5,飲品
運動版紅茶 (2.0份),10.0,0.0,2.0,0.0,飲品
運動版綠茶 (0.6份),1.2,0.0,0.0,0.0,飲品
運動版烏龍茶 (0.7份),1.4,0.0,0.0,0.0,飲品
運動版無糖綠茶 (0.8份),1.6,0.0,0.0,0.0,飲品
運動版檸檬紅茶 (0.9份),90.0,0.0,22.5,0.0,飲品
運動版可樂 (1.0份),140.0,0.0,39.0,0.0,飲品
運動版汽水 (1.1份),154.0,0.0,42.9,0.0,飲品
運動版運動飲料 (1.2份),144.0,0.0,36.0,0.0,飲品
運動版無糖氣泡水 (1.3份),0.0,0.0,0.0,0.0,飲品
運動版巧克力牛奶 (1.4份),266.0,9.8,42.0,7.0,飲品
運動版香蕉牛奶 (1.5份),315.0,10.5,51.0,7.5,飲品
運動版抹茶拿鐵 (1.6份),352.0,11.2,43.2,14.4,飲品
運動版摩卡 (1.7份),442.0,13.6,54.4,18.7,飲品
運動版卡布奇諾 (1.8份),216.0,10.8,18.0,10.8,飲品
運動版焦糖瑪奇朵 (1.9份),475.0,13.3,64.6,19.0,飲品
運動版可可 (2.0份),420.0,14.0,60.0,14.0,飲品
運動版水果茶 (0.6份),96.0,0.0,22.8,0.0,飲品
運動版奶茶 (0.7份),154.0,3.5,22.4,5.6,飲品
運動版冬瓜茶 (0.8份),120.0,0.0,29.6,0.0,飲品
運動版檸檬汁 (0.9份),54.0,0.0,13.5,0.0,飲品
運動版白飯 (1.0份),280.0,5.4,61.0,0.6,主食
運動版紫米飯 (1.1份),297.0,6.6,63.8,1.3,主食
運動版五穀飯 (1.2份),306.0,7.2,63.6,2.4,主食
運動版藜麥飯 (1.3份),325.0,10.4,59.8,5.2,主食
運動版燕麥飯 (1.4份),343.0,8.4,63.0,4.9,主食
運動版玉米 (1.5份),180.0,6.0,40.5,3.0,主食
運動版南瓜 (1.6份),112.0,3.2,25.6,0.3,蔬菜
運動版馬鈴薯 (1.7份),221.0,5.1,51.0,0.3,主食
運動版山藥 (1.8份),216.0,5.4,48.6,0.4,主食
運動版芋頭 (1.9份),247.0,3.8,57.0,0.4,主食
運動版冬粉 (2.0份),340.0,0.0,84.0,0.0,主食
運動版烏龍麵 (0.6份),162.0,5.4,33.6,0.6,麵食
運動版拉麵 (0.7份),301.0,10.5,45.5,8.4,麵食
運動版蕎麥麵 (0.8份),240.0,10.4,44.8,1.6,麵食
運動版米粉 (0.9份),315.0,5.4,72.0,0.9,麵食
運動版意麵 (1.0份),380.0,11.0,66.0,9.0,麵食
運動版炒飯 (1.1份),682.0,18.7,90.2,24.2,主餐
運動版蛋炒飯 (1.2份),696.0,21.6,93.6,24.0,主餐
運動版肉絲炒飯 (1.3份),845.0,31.2,104.0,32.5,主餐
運動版蝦仁炒飯 (1.4份),868.0,35.0,109.2,30.8,主餐
運動版炒麵 (1.5份),825.0,25.5,102.0,34.5,主餐
運動版炒烏龍 (1.6份),896.0,28.8,115.2,35.2,主餐
運動版鍋燒意麵 (1.7份),884.0,40.8,110.5,28.9,主餐
運動版雞肉飯 (1.8份),936.0,48.6,118.8,30.6,主餐
運動版魚排飯 (1.9份),1235.0,60.8,148.2,43.7,主餐
運動版牛丼 (2.0份),1440.0,62.0,172.0,54.0,日式
運動版親子丼 (0.6份),408.0,18.6,46.8,14.4,日式
運動版豬排丼 (0.7份),546.0,23.8,57.4,23.8,日式
運動版咖哩飯 (0.8份),560.0,16.0,70.4,21.6,日式
運動版日式豬排飯 (0.9份),684.0,31.5,76.5,27.9,日式
運動版壽司 (1.0份),300.0,10.0,54.0,5.0,日式
運動版鮭魚壽司 (1.1份),363.0,16.5,55.0,8.8,日式
運動版鮪魚壽司 (1.2份),372.0,19.2,60.0,7.2,日式
運動版蝦壽司 (1.3份),377.0,16.9,67.6,5.2,日式
運動版玉子燒 (1.4份),252.0,14.0,14.0,14.0,日式
運動版味噌湯 (1.5份),82.5,6.0,7.5,3.0,湯品
運動版茶碗蒸 (1.6份),176.0,14.4,6.4,9.6,日式
運動版烤鯖魚 (1.7份),476.0,42.5,0.0,34.0,海鮮
運動版烤鮭魚 (1.8份),432.0,45.0,0.0,27.0,海鮮
運動版烤鯛魚 (1.9份),342.0,51.3,0.0,13.3,海鮮
運動版清蒸鱈魚 (2.0份),300.0,54.0,0.0,8.0,海鮮
運動版蝦仁 (0.6份),60.0,14.4,0.6,0.2,海鮮
運動版透抽 (0.7份),77.0,12.6,2.1,1.4,海鮮
運動版蛤蜊 (0.8份),64.0,10.4,3.2,1.2,海鮮
運動版蚵仔 (0.9份),76.5,8.1,4.5,2.7,海鮮
運動版鮪魚 (1.0份),130.0,29.0,0.0,1.0,海鮮
運動版鯛魚 (1.1份),143.0,28.6,0.0,3.3,海鮮
運動版鯖魚 (1.2份),252.0,24.0,0.0,16.8,海鮮
運動版鯷魚 (1.3份),169.0,37.7,0.0,6.5,海鮮
運動版雞胸肉 (1.4份),231.0,43.4,0.0,5.0,蛋白質
運動版雞腿肉 (1.5份),330.0,37.5,0.0,19.5,蛋白質
運動版雞翅 (1.6份),368.0,38.4,0.0,24.0,蛋白質
運動版雞里肌 (1.7份),255.0,51.0,0.0,5.1,蛋白質
運動版豬里肌 (1.8份),378.0,48.6,0.0,18.0,蛋白質
運動版豬梅花 (1.9份),475.0,41.8,0.0,34.2,蛋白質
運動版豬五花 (2.0份),780.0,28.0,0.0,74.0,蛋白質
運動版牛里肌 (0.6份),126.0,16.8,0.0,6.0,蛋白質
運動版牛腱 (0.7份),119.0,19.6,0.0,4.2,蛋白質
運動版牛五花 (0.8份),264.0,14.4,0.0,22.4,蛋白質
運動版羊肉 (0.9份),225.0,22.5,0.0,14.4,蛋白質
運動版培根 (1.0份),540.0,37.0,1.0,42.0,加工肉
運動版火腿 (1.1份),159.5,23.1,2.2,6.6,加工肉
運動版香腸 (1.2份),384.0,14.4,6.0,33.6,加工肉
運動版德國香腸 (1.3份),390.0,16.9,5.2,33.8,加工肉
運動版熱狗 (1.4份),406.0,15.4,5.6,35.0,加工肉
運動版雞肉香腸 (1.5份),330.0,24.0,6.0,22.5,加工肉
運動版板豆腐 (1.6份),136.0,14.4,3.2,8.0,豆製品
運動版嫩豆腐 (1.7份),93.5,8.5,3.4,5.1,豆製品
運動版豆干 (1.8份),288.0,36.0,14.4,12.6,豆製品
運動版毛豆 (1.9份),266.0,22.8,19.0,11.4,豆製品
運動版黑豆 (2.0份),300.0,20.0,54.0,2.0,豆製品
運動版鷹嘴豆 (0.6份),99.0,5.4,16.2,1.8,豆製品
運動版紅豆 (0.7份),87.5,5.6,15.4,0.3,豆類
運動版高麗菜 (0.8份),20.0,1.0,4.8,0.1,蔬菜
運動版菠菜 (0.9份),20.7,2.6,3.2,0.4,蔬菜
運動版青江菜 (1.0份),13.0,1.5,2.0,0.2,蔬菜
運動版花椰菜 (1.1份),37.4,3.1,7.7,0.4,蔬菜
運動版白花椰菜 (1.2份),30.0,2.4,6.0,0.4,蔬菜
運動版空心菜 (1.3份),26.0,2.6,3.9,0.4,蔬菜
運動版地瓜葉 (1.4份),42.0,4.2,7.0,0.4,蔬菜
運動版A菜 (1.5份),25.5,2.2,4.5,0.3,蔬菜
運動版大陸妹 (1.6份),28.8,2.4,4.8,0.3,蔬菜
運動版番茄 (1.7份),30.6,1.5,6.8,0.3,蔬菜
運動版小黃瓜 (1.8份),27.0,1.3,6.5,0.2,蔬菜
運動版紅蘿蔔 (1.9份),77.9,1.7,19.0,0.4,蔬菜
運動版洋蔥 (2.0份),80.0,2.2,18.0,0.2,蔬菜
運動版玉米筍 (0.6份),15.6,1.5,3.0,0.1,蔬菜
運動版香菇 (0.7份),23.8,2.2,4.9,0.3,蔬菜
運動版金針菇 (0.8份),29.6,2.2,5.6,0.2,蔬菜
運動版杏鮑菇 (0.9份),31.5,2.2,6.3,0.3,蔬菜
運動版木耳 (1.0份),25.0,1.5,6.0,0.2,蔬菜
運動版海帶 (1.1份),47.3,1.9,11.0,0.7,蔬菜
運動版草莓 (1.2份),38.4,0.8,9.6,0.4,水果
運動版藍莓 (1.3份),74.1,0.9,18.2,0.4,水果
運動版葡萄 (1.4份),96.6,1.0,25.2,0.3,水果
運動版橘子 (1.5份),70.5,1.4,18.0,0.2,水果
運動版柳橙 (1.6份),75.2,1.4,19.2,0.2,水果
運動版西瓜 (1.7份),51.0,1.0,13.6,0.3,水果
運動版鳳梨 (1.8份),90.0,0.9,23.4,0.2,水果
運動版芒果 (1.9份),114.0,1.5,28.5,0.8,水果
運動版水梨 (2.0份),84.0,0.8,22.0,0.2,水果
運動版桃子 (0.6份),23.4,0.5,6.0,0.2,水果
運動版火龍果 (0.7份),35.0,0.8,8.4,0.3,水果
運動版百香果 (0.8份),77.6,1.8,18.4,0.6,水果
運動版酪梨 (0.9份),144.0,1.8,8.1,13.5,水果
運動版椰子 (1.0份),354.0,3.3,15.0,33.0,水果
運動版柿子 (1.1份),77.0,0.7,20.9,0.2,水果
運動版杏仁 (1.2份),694.8,25.2,26.4,58.8,堅果
運動版核桃 (1.3份),850.2,19.5,18.2,84.5,堅果
運動版腰果 (1.4份),774.2,25.2,42.0,61.6,堅果
運動版花生 (1.5份),850.5,39.0,24.0,73.5,堅果
運動版開心果 (1.6份),899.2,32.0,44.8,72.0,堅果
運動版南瓜子 (1.7份),950.3,51.0,18.7,83.3,堅果
運動版葵瓜子 (1.8份),1051.2,37.8,36.0,91.8,堅果
運動版洋芋片 (1.9份),1018.4,13.3,100.7,66.5,零食
運動版玉米脆片 (2.0份),1000.0,14.0,110.0,56.0,零食
運動版爆米花 (0.6份),232.2,7.8,46.8,2.7,零食
運動版蘇打餅乾 (0.7份),301.0,6.3,49.0,9.1,零食
運動版巧克力餅乾 (0.8份),384.0,4.8,53.6,16.8,零食
運動版燕麥餅乾 (0.9份),405.0,6.3,61.2,15.3,零食
運動版洋芋薯餅 (1.0份),260.0,3.0,28.0,15.0,零食
運動版茶葉蛋 (1.1份),159.5,13.2,2.2,9.9,零食
運動版滷蛋 (1.2份),180.0,14.4,2.4,12.0,零食
運動版海苔 (1.3份),45.5,6.5,5.2,0.7,零食
運動版黑巧克力 (1.4份),840.0,11.2,64.4,60.2,甜點
運動版牛奶巧克力 (1.5份),802.5,12.0,88.5,45.0,甜點
運動版布朗尼 (1.6份),656.0,8.0,80.0,35.2,甜點
運動版乳酪蛋糕 (1.7份),544.0,10.2,45.9,35.7,甜點
運動版提拉米蘇 (1.8份),630.0,10.8,55.8,41.4,甜點
運動版蛋塔 (1.9份),532.0,11.4,53.2,32.3,甜點
運動版奶油泡芙 (2.0份),500.0,10.0,46.0,32.0,甜點
運動版可麗露 (0.6份),150.0,2.4,19.8,6.6,甜點
運動版鬆餅 (0.7份),252.0,5.6,35.0,9.8,甜點
運動版冰淇淋 (0.8份),168.0,3.2,19.2,8.8,甜點
運動版芒果冰 (0.9份),297.0,2.7,63.0,5.4,甜點
運動版豆花加花生 (1.0份),320.0,10.0,45.0,11.0,甜點
運動版紅豆湯 (1.1份),286.0,8.8,50.6,5.5,甜點
運動版綠豆湯 (1.2份),288.0,8.4,52.8,4.8,甜點
運動版仙草茶 (1.3份),130.0,0.0,32.5,0.0,甜點
運動版燒仙草 (1.4份),322.0,7.0,56.0,8.4,甜點
運動版薯條 (1.5份),468.0,5.1,61.5,22.5,速食
運動版炸雞腿 (1.6份),512.0,35.2,19.2,33.6,速食
運動版炸雞翅 (1.7份),493.0,34.0,17.0,32.3,速食
運動版起司漢堡 (1.8份),936.0,48.6,75.6,50.4,速食
運動版雙層牛肉堡 (1.9份),1273.0,66.5,91.2,70.3,速食
運動版雞塊 (2.0份),580.0,32.0,32.0,36.0,速食
運動版熱狗堡 (0.6份),234.0,9.0,21.6,12.6,速食
運動版雞肉捲 (0.7份),336.0,17.5,32.2,14.7,速食
運動版墨西哥捲餅 (0.8份),416.0,18.4,44.8,17.6,異國
運動版塔可 (0.9份),189.0,9.0,16.2,9.9,異國
運動版凱薩沙拉 (1.0份),360.0,18.0,14.0,27.0,西式
運動版烤雞沙拉 (1.1份),352.0,35.2,16.5,16.5,西式
運動版牛排 (1.2份),540.0,54.0,0.0,33.6,西式
運動版雞排 (1.3份),429.0,41.6,15.6,23.4,西式
運動版焗烤飯 (1.4份),952.0,33.6,98.0,44.8,西式
運動版焗烤義大利麵 (1.5份),1080.0,37.5,108.0,51.0,西式
運動版番茄義大利麵 (1.6份),768.0,24.0,121.6,19.2,西式
運動版奶油義大利麵 (1.7份),1105.0,30.6,119.0,51.0,西式
運動版青醬義大利麵 (1.8份),1116.0,32.4,122.4,50.4,西式
運動版白醬燉飯 (1.9份),1292.0,32.3,142.5,58.9,西式
運動版番茄燉飯 (2.0份),1040.0,30.0,152.0,30.0,西式
運動版韓式拌飯 (0.6份),372.0,13.2,50.4,13.2,韓式
運動版韓式炸雞 (0.7份),455.0,21.0,31.5,26.6,韓式
運動版韓式泡菜 (0.8份),24.0,1.6,4.0,0.4,韓式
運動版韓式部隊鍋 (0.9份),675.0,25.2,58.5,36.0,韓式
運動版韓式烤肉 (1.0份),550.0,35.0,10.0,40.0,韓式
運動版韓式冷麵 (1.1份),495.0,15.4,85.8,8.8,韓式
運動版日式拉麵 (1.2份),720.0,30.0,90.0,24.0,日式
運動版豬排拉麵 (1.3份),1014.0,45.5,101.4,46.8,日式
運動版牛肉烏龍麵 (1.4份),784.0,36.4,98.0,23.8,日式
運動版天婦羅 (1.5份),630.0,24.0,54.0,36.0,日式
運動版炸蝦天婦羅 (1.6份),496.0,24.0,32.0,32.0,日式
運動版大阪燒 (1.7份),850.0,30.6,85.0,42.5,日式
運動版章魚燒 (1.8份),648.0,25.2,79.2,25.2,日式
運動版番茄 (1.9份),34.2,1.7,7.6,0.4,蔬菜
運動版洋菇 (2.0份),44.0,6.2,6.6,0.6,蔬菜
運動版甜椒 (0.6份),18.6,0.6,3.6,0.2,蔬菜
運動版茄子 (0.7份),17.5,0.7,4.2,0.1,蔬菜
運動版絲瓜 (0.8份),16.0,1.0,3.2,0.2,蔬菜
運動版苦瓜 (0.9份),15.3,0.9,3.6,0.2,蔬菜
運動版冬瓜 (1.0份),13.0,0.4,3.0,0.2,蔬菜
運動版白蘿蔔 (1.1份),19.8,0.7,4.4,0.1,蔬菜
運動版秋葵 (1.2份),39.6,2.3,8.4,0.2,蔬菜
運動版竹筍 (1.3份),35.1,3.4,6.5,0.4,蔬菜
運動版豆芽菜 (1.4份),42.0,4.2,8.4,0.3,蔬菜
運動版海帶芽 (1.5份),67.5,4.5,13.5,0.9,蔬菜
原味白吐司 (1.6份),424.0,14.4,78.4,5.1,早餐/主食
原味全麥吐司 (1.7份),419.9,22.1,69.7,7.1,早餐/主食
原味可頌 (1.8份),730.8,14.4,81.0,37.8,早餐/烘焙
原味火腿起司蛋吐司 (1.9份),817.0,41.8,72.2,41.8,早餐
原味鮪魚蛋吐司 (2.0份),820.0,48.0,72.0,40.0,早餐
原味培根蛋吐司 (0.6份),276.0,12.0,21.0,16.2,早餐
原味總匯三明治 (0.7份),364.0,16.8,30.8,18.9,早餐
原味鮪魚三明治 (0.8份),312.0,17.6,33.6,12.8,早餐
原味雞肉三明治 (0.9份),324.0,22.5,34.2,11.7,早餐
原味火腿三明治 (1.0份),350.0,18.0,40.0,14.0,早餐
原味起司蛋餅 (1.1份),429.0,17.6,39.6,23.1,早餐
原味培根蛋餅 (1.2份),516.0,21.6,43.2,30.0,早餐
原味玉米蛋餅 (1.3份),468.0,16.9,55.9,20.8,早餐
原味鮪魚蛋餅 (1.4份),574.0,28.0,51.8,30.8,早餐
原味蘿蔔糕加蛋 (1.5份),450.0,15.0,51.0,21.0,早餐
原味法國吐司 (1.6份),512.0,17.6,67.2,19.2,早餐
原味美式早餐盤 (1.7份),1105.0,47.6,76.5,66.3,早餐
原味燕麥粥 (1.8份),396.0,14.4,64.8,10.8,早餐
原味水果燕麥優格 (1.9份),532.0,22.8,81.7,13.3,早餐
原味優格 (2.0份),240.0,14.0,28.0,8.0,乳品
原味希臘優格 (0.6份),84.0,7.2,4.8,3.6,乳品
原味低脂鮮奶 (0.7份),73.5,5.6,8.4,2.1,乳品
原味全脂鮮奶 (0.8份),120.0,6.4,9.6,6.4,乳品
原味無糖優格 (0.9份),85.5,8.1,5.4,3.6,乳品
原味豆漿 (1.0份),170.0,12.0,10.0,7.0,飲品
原味黑豆漿 (1.1份),198.0,14.3,11.0,7.7,飲品
原味燕麥奶 (1.2份),144.0,3.6,19.2,6.0,飲品
原味杏仁奶 (1.3份),52.0,1.3,2.6,3.9,飲品
原味綠豆漿 (1.4份),266.0,15.4,35.0,7.0,飲品
原味紅茶 (1.5份),7.5,0.0,1.5,0.0,飲品
原味綠茶 (1.6份),3.2,0.0,0.0,0.0,飲品
原味烏龍茶 (1.7份),3.4,0.0,0.0,0.0,飲品
原味無糖綠茶 (1.8份),3.6,0.0,0.0,0.0,飲品
原味檸檬紅茶 (1.9份),190.0,0.0,47.5,0.0,飲品
原味可樂 (2.0份),280.0,0.0,78.0,0.0,飲品
原味汽水 (0.6份),84.0,0.0,23.4,0.0,飲品
原味運動飲料 (0.7份),84.0,0.0,21.0,0.0,飲品
原味無糖氣泡水 (0.8份),0.0,0.0,0.0,0.0,飲品
原味巧克力牛奶 (0.9份),171.0,6.3,27.0,4.5,飲品
原味香蕉牛奶 (1.0份),210.0,7.0,34.0,5.0,飲品
原味抹茶拿鐵 (1.1份),242.0,7.7,29.7,9.9,飲品
原味摩卡 (1.2份),312.0,9.6,38.4,13.2,飲品
原味卡布奇諾 (1.3份),156.0,7.8,13.0,7.8,飲品
原味焦糖瑪奇朵 (1.4份),350.0,9.8,47.6,14.0,飲品
原味可可 (1.5份),315.0,10.5,45.0,10.5,飲品
原味水果茶 (1.6份),256.0,0.0,60.8,0.0,飲品
原味奶茶 (1.7份),374.0,8.5,54.4,13.6,飲品
原味冬瓜茶 (1.8份),270.0,0.0,66.6,0.0,飲品
原味檸檬汁 (1.9份),114.0,0.0,28.5,0.0,飲品
原味白飯 (2.0份),560.0,10.8,122.0,1.2,主食
原味紫米飯 (0.6份),162.0,3.6,34.8,0.7,主食
原味五穀飯 (0.7份),178.5,4.2,37.1,1.4,主食
原味藜麥飯 (0.8份),200.0,6.4,36.8,3.2,主食
原味燕麥飯 (0.9份),220.5,5.4,40.5,3.1,主食
原味玉米 (1.0份),120.0,4.0,27.0,2.0,主食
原味南瓜 (1.1份),77.0,2.2,17.6,0.2,蔬菜
原味馬鈴薯 (1.2份),156.0,3.6,36.0,0.2,主食
原味山藥 (1.3份),156.0,3.9,35.1,0.3,主食
原味芋頭 (1.4份),182.0,2.8,42.0,0.3,主食
原味冬粉 (1.5份),255.0,0.0,63.0,0.0,主食
原味烏龍麵 (1.6份),432.0,14.4,89.6,1.6,麵食
原味拉麵 (1.7份),731.0,25.5,110.5,20.4,麵食
原味蕎麥麵 (1.8份),540.0,23.4,100.8,3.6,麵食
原味米粉 (1.9份),665.0,11.4,152.0,1.9,麵食
原味意麵 (2.0份),760.0,22.0,132.0,18.0,麵食
原味炒飯 (0.6份),372.0,10.2,49.2,13.2,主餐
原味蛋炒飯 (0.7份),406.0,12.6,54.6,14.0,主餐
原味肉絲炒飯 (0.8份),520.0,19.2,64.0,20.0,主餐
原味蝦仁炒飯 (0.9份),558.0,22.5,70.2,19.8,主餐
原味炒麵 (1.0份),550.0,17.0,68.0,23.0,主餐
原味炒烏龍 (1.1份),616.0,19.8,79.2,24.2,主餐
原味鍋燒意麵 (1.2份),624.0,28.8,78.0,20.4,主餐
原味雞肉飯 (1.3份),676.0,35.1,85.8,22.1,主餐
原味魚排飯 (1.4份),910.0,44.8,109.2,32.2,主餐
原味牛丼 (1.5份),1080.0,46.5,129.0,40.5,日式
原味親子丼 (1.6份),1088.0,49.6,124.8,38.4,日式
原味豬排丼 (1.7份),1326.0,57.8,139.4,57.8,日式
原味咖哩飯 (1.8份),1260.0,36.0,158.4,48.6,日式
原味日式豬排飯 (1.9份),1444.0,66.5,161.5,58.9,日式
原味壽司 (2.0份),600.0,20.0,108.0,10.0,日式
原味鮭魚壽司 (0.6份),198.0,9.0,30.0,4.8,日式
原味鮪魚壽司 (0.7份),217.0,11.2,35.0,4.2,日式
原味蝦壽司 (0.8份),232.0,10.4,41.6,3.2,日式
原味玉子燒 (0.9份),162.0,9.0,9.0,9.0,日式
原味味噌湯 (1.0份),55.0,4.0,5.0,2.0,湯品
原味茶碗蒸 (1.1份),121.0,9.9,4.4,6.6,日式
原味烤鯖魚 (1.2份),336.0,30.0,0.0,24.0,海鮮
原味烤鮭魚 (1.3份),312.0,32.5,0.0,19.5,海鮮
原味烤鯛魚 (1.4份),252.0,37.8,0.0,9.8,海鮮
原味清蒸鱈魚 (1.5份),225.0,40.5,0.0,6.0,海鮮
原味蝦仁 (1.6份),160.0,38.4,1.6,0.5,海鮮
原味透抽 (1.7份),187.0,30.6,5.1,3.4,海鮮
原味蛤蜊 (1.8份),144.0,23.4,7.2,2.7,海鮮
原味蚵仔 (1.9份),161.5,17.1,9.5,5.7,海鮮
原味鮪魚 (2.0份),260.0,58.0,0.0,2.0,海鮮
原味鯛魚 (0.6份),78.0,15.6,0.0,1.8,海鮮
原味鯖魚 (0.7份),147.0,14.0,0.0,9.8,海鮮
原味鯷魚 (0.8份),104.0,23.2,0.0,4.0,海鮮
原味雞胸肉 (0.9份),148.5,27.9,0.0,3.2,蛋白質
原味雞腿肉 (1.0份),220.0,25.0,0.0,13.0,蛋白質
原味雞翅 (1.1份),253.0,26.4,0.0,16.5,蛋白質
原味雞里肌 (1.2份),180.0,36.0,0.0,3.6,蛋白質
原味豬里肌 (1.3份),273.0,35.1,0.0,13.0,蛋白質
原味豬梅花 (1.4份),350.0,30.8,0.0,25.2,蛋白質
原味豬五花 (1.5份),585.0,21.0,0.0,55.5,蛋白質
原味牛里肌 (1.6份),336.0,44.8,0.0,16.0,蛋白質
原味牛腱 (1.7份),289.0,47.6,0.0,10.2,蛋白質
原味牛五花 (1.8份),594.0,32.4,0.0,50.4,蛋白質
原味羊肉 (1.9份),475.0,47.5,0.0,30.4,蛋白質
原味培根 (2.0份),1080.0,74.0,2.0,84.0,加工肉
原味火腿 (0.6份),87.0,12.6,1.2,3.6,加工肉
原味香腸 (0.7份),224.0,8.4,3.5,19.6,加工肉
原味德國香腸 (0.8份),240.0,10.4,3.2,20.8,加工肉
原味熱狗 (0.9份),261.0,9.9,3.6,22.5,加工肉
原味雞肉香腸 (1.0份),220.0,16.0,4.0,15.0,加工肉
原味板豆腐 (1.1份),93.5,9.9,2.2,5.5,豆製品
原味嫩豆腐 (1.2份),66.0,6.0,2.4,3.6,豆製品
原味豆干 (1.3份),208.0,26.0,10.4,9.1,豆製品
原味毛豆 (1.4份),196.0,16.8,14.0,8.4,豆製品
原味黑豆 (1.5份),225.0,15.0,40.5,1.5,豆製品
原味鷹嘴豆 (1.6份),264.0,14.4,43.2,4.8,豆製品
原味紅豆 (1.7份),212.5,13.6,37.4,0.9,豆類
原味高麗菜 (1.8份),45.0,2.3,10.8,0.2,蔬菜
原味菠菜 (1.9份),43.7,5.5,6.8,0.8,蔬菜
原味青江菜 (2.0份),26.0,3.0,4.0,0.4,蔬菜
原味花椰菜 (0.6份),20.4,1.7,4.2,0.2,蔬菜
原味白花椰菜 (0.7份),17.5,1.4,3.5,0.2,蔬菜
原味空心菜 (0.8份),16.0,1.6,2.4,0.2,蔬菜
原味地瓜葉 (0.9份),27.0,2.7,4.5,0.3,蔬菜
原味A菜 (1.0份),17.0,1.5,3.0,0.2,蔬菜
原味大陸妹 (1.1份),19.8,1.7,3.3,0.2,蔬菜
原味番茄 (1.2份),21.6,1.1,4.8,0.2,蔬菜
原味小黃瓜 (1.3份),19.5,0.9,4.7,0.1,蔬菜
原味紅蘿蔔 (1.4份),57.4,1.3,14.0,0.3,蔬菜
原味洋蔥 (1.5份),60.0,1.7,13.5,0.2,蔬菜
原味玉米筍 (1.6份),41.6,4.0,8.0,0.3,蔬菜
原味香菇 (1.7份),57.8,5.3,11.9,0.9,蔬菜
原味金針菇 (1.8份),66.6,4.9,12.6,0.5,蔬菜
原味杏鮑菇 (1.9份),66.5,4.8,13.3,0.6,蔬菜
原味木耳 (2.0份),50.0,3.0,12.0,0.4,蔬菜
原味海帶 (0.6份),25.8,1.0,6.0,0.4,蔬菜
原味草莓 (0.7份),22.4,0.5,5.6,0.2,水果
原味藍莓 (0.8份),45.6,0.6,11.2,0.2,水果
原味葡萄 (0.9份),62.1,0.6,16.2,0.2,水果
原味橘子 (1.0份),47.0,0.9,12.0,0.1,水果
原味柳橙 (1.1份),51.7,1.0,13.2,0.1,水果
原味西瓜 (1.2份),36.0,0.7,9.6,0.2,水果
原味鳳梨 (1.3份),65.0,0.7,16.9,0.1,水果
原味芒果 (1.4份),84.0,1.1,21.0,0.6,水果
原味水梨 (1.5份),63.0,0.6,16.5,0.2,水果
原味桃子 (1.6份),62.4,1.4,16.0,0.5,水果
原味火龍果 (1.7份),85.0,1.9,20.4,0.7,水果
原味百香果 (1.8份),174.6,4.0,41.4,1.3,水果
原味酪梨 (1.9份),304.0,3.8,17.1,28.5,水果
原味椰子 (2.0份),708.0,6.6,30.0,66.0,水果
原味柿子 (0.6份),42.0,0.4,11.4,0.1,水果
原味杏仁 (0.7份),405.3,14.7,15.4,34.3,堅果
原味核桃 (0.8份),523.2,12.0,11.2,52.0,堅果
原味腰果 (0.9份),497.7,16.2,27.0,39.6,堅果
原味花生 (1.0份),567.0,26.0,16.0,49.0,堅果
原味開心果 (1.1份),618.2,22.0,30.8,49.5,堅果
原味南瓜子 (1.2份),670.8,36.0,13.2,58.8,堅果
原味葵瓜子 (1.3份),759.2,27.3,26.0,66.3,堅果
原味洋芋片 (1.4份),750.4,9.8,74.2,49.0,零食
原味玉米脆片 (1.5份),750.0,10.5,82.5,42.0,零食
原味爆米花 (1.6份),619.2,20.8,124.8,7.2,零食
原味蘇打餅乾 (1.7份),731.0,15.3,119.0,22.1,零食
原味巧克力餅乾 (1.8份),864.0,10.8,120.6,37.8,零食
原味燕麥餅乾 (1.9份),855.0,13.3,129.2,32.3,零食
原味洋芋薯餅 (2.0份),520.0,6.0,56.0,30.0,零食
原味茶葉蛋 (0.6份),87.0,7.2,1.2,5.4,零食
原味滷蛋 (0.7份),105.0,8.4,1.4,7.0,零食
原味海苔 (0.8份),28.0,4.0,3.2,0.4,零食
原味黑巧克力 (0.9份),540.0,7.2,41.4,38.7,甜點
原味牛奶巧克力 (1.0份),535.0,8.0,59.0,30.0,甜點
原味布朗尼 (1.1份),451.0,5.5,55.0,24.2,甜點
原味乳酪蛋糕 (1.2份),384.0,7.2,32.4,25.2,甜點
原味提拉米蘇 (1.3份),455.0,7.8,40.3,29.9,甜點
原味蛋塔 (1.4份),392.0,8.4,39.2,23.8,甜點
原味奶油泡芙 (1.5份),375.0,7.5,34.5,24.0,甜點
原味可麗露 (1.6份),400.0,6.4,52.8,17.6,甜點
原味鬆餅 (1.7份),612.0,13.6,85.0,23.8,甜點
原味冰淇淋 (1.8份),378.0,7.2,43.2,19.8,甜點
原味芒果冰 (1.9份),627.0,5.7,133.0,11.4,甜點
原味豆花加花生 (2.0份),640.0,20.0,90.0,22.0,甜點
原味紅豆湯 (0.6份),156.0,4.8,27.6,3.0,甜點
原味綠豆湯 (0.7份),168.0,4.9,30.8,2.8,甜點
原味仙草茶 (0.8份),80.0,0.0,20.0,0.0,甜點
原味燒仙草 (0.9份),207.0,4.5,36.0,5.4,甜點
原味薯條 (1.0份),312.0,3.4,41.0,15.0,速食
原味炸雞腿 (1.1份),352.0,24.2,13.2,23.1,速食
原味炸雞翅 (1.2份),348.0,24.0,12.0,22.8,速食
原味起司漢堡 (1.3份),676.0,35.1,54.6,36.4,速食
原味雙層牛肉堡 (1.4份),938.0,49.0,67.2,51.8,速食
原味雞塊 (1.5份),435.0,24.0,24.0,27.0,速食
原味熱狗堡 (1.6份),624.0,24.0,57.6,33.6,速食
原味雞肉捲 (1.7份),816.0,42.5,78.2,35.7,速食
原味墨西哥捲餅 (1.8份),936.0,41.4,100.8,39.6,異國
原味塔可 (1.9份),399.0,19.0,34.2,20.9,異國
原味凱薩沙拉 (2.0份),720.0,36.0,28.0,54.0,西式
原味烤雞沙拉 (0.6份),192.0,19.2,9.0,9.0,西式
原味牛排 (0.7份),315.0,31.5,0.0,19.6,西式
原味雞排 (0.8份),264.0,25.6,9.6,14.4,西式
原味焗烤飯 (0.9份),612.0,21.6,63.0,28.8,西式
原味焗烤義大利麵 (1.0份),720.0,25.0,72.0,34.0,西式
原味番茄義大利麵 (1.1份),528.0,16.5,83.6,13.2,西式
原味奶油義大利麵 (1.2份),780.0,21.6,84.0,36.0,西式
原味青醬義大利麵 (1.3份),806.0,23.4,88.4,36.4,西式
原味白醬燉飯 (1.4份),952.0,23.8,105.0,43.4,西式
原味番茄燉飯 (1.5份),780.0,22.5,114.0,22.5,西式
原味韓式拌飯 (1.6份),992.0,35.2,134.4,35.2,韓式
原味韓式炸雞 (1.7份),1105.0,51.0,76.5,64.6,韓式
原味韓式泡菜 (1.8份),54.0,3.6,9.0,0.9,韓式
原味韓式部隊鍋 (1.9份),1425.0,53.2,123.5,76.0,韓式
原味韓式烤肉 (2.0份),1100.0,70.0,20.0,80.0,韓式
原味韓式冷麵 (0.6份),270.0,8.4,46.8,4.8,韓式
原味日式拉麵 (0.7份),420.0,17.5,52.5,14.0,日式
原味豬排拉麵 (0.8份),624.0,28.0,62.4,28.8,日式
原味牛肉烏龍麵 (0.9份),504.0,23.4,63.0,15.3,日式
原味天婦羅 (1.0份),420.0,16.0,36.0,24.0,日式
原味炸蝦天婦羅 (1.1份),341.0,16.5,22.0,22.0,日式
原味大阪燒 (1.2份),600.0,21.6,60.0,30.0,日式
原味章魚燒 (1.3份),468.0,18.2,57.2,18.2,日式
原味番茄 (1.4份),25.2,1.3,5.6,0.3,蔬菜
原味洋菇 (1.5份),33.0,4.7,4.9,0.4,蔬菜
原味甜椒 (1.6份),49.6,1.6,9.6,0.5,蔬菜
原味茄子 (1.7份),42.5,1.7,10.2,0.3,蔬菜
原味絲瓜 (1.8份),36.0,2.2,7.2,0.4,蔬菜
原味苦瓜 (1.9份),32.3,1.9,7.6,0.4,蔬菜
原味冬瓜 (2.0份),26.0,0.8,6.0,0.4,蔬菜
原味白蘿蔔 (0.6份),10.8,0.4,2.4,0.1,蔬菜
原味秋葵 (0.7份),23.1,1.3,4.9,0.1,蔬菜
原味竹筍 (0.8份),21.6,2.1,4.0,0.2,蔬菜
原味豆芽菜 (0.9份),27.0,2.7,5.4,0.2,蔬菜
原味海帶芽 (1.0份),45.0,3.0,9.0,0.6,蔬菜
低糖白吐司 (1.1份),291.5,9.9,53.9,3.5,早餐/主食
低糖全麥吐司 (1.2份),296.4,15.6,49.2,5.0,早餐/主食
低糖可頌 (1.3份),527.8,10.4,58.5,27.3,早餐/烘焙
低糖火腿起司蛋吐司 (1.4份),602.0,30.8,53.2,30.8,早餐
低糖鮪魚蛋吐司 (1.5份),615.0,36.0,54.0,30.0,早餐
低糖培根蛋吐司 (1.6份),736.0,32.0,56.0,43.2,早餐
低糖總匯三明治 (1.7份),884.0,40.8,74.8,45.9,早餐
低糖鮪魚三明治 (1.8份),702.0,39.6,75.6,28.8,早餐
低糖雞肉三明治 (1.9份),684.0,47.5,72.2,24.7,早餐
低糖火腿三明治 (2.0份),700.0,36.0,80.0,28.0,早餐
低糖起司蛋餅 (0.6份),234.0,9.6,21.6,12.6,早餐
低糖培根蛋餅 (0.7份),301.0,12.6,25.2,17.5,早餐
低糖玉米蛋餅 (0.8份),288.0,10.4,34.4,12.8,早餐
低糖鮪魚蛋餅 (0.9份),369.0,18.0,33.3,19.8,早餐
低糖蘿蔔糕加蛋 (1.0份),300.0,10.0,34.0,14.0,早餐
低糖法國吐司 (1.1份),352.0,12.1,46.2,13.2,早餐
低糖美式早餐盤 (1.2份),780.0,33.6,54.0,46.8,早餐
低糖燕麥粥 (1.3份),286.0,10.4,46.8,7.8,早餐
低糖水果燕麥優格 (1.4份),392.0,16.8,60.2,9.8,早餐
低糖優格 (1.5份),180.0,10.5,21.0,6.0,乳品
低糖希臘優格 (1.6份),224.0,19.2,12.8,9.6,乳品
低糖低脂鮮奶 (1.7份),178.5,13.6,20.4,5.1,乳品
低糖全脂鮮奶 (1.8份),270.0,14.4,21.6,14.4,乳品
低糖無糖優格 (1.9份),180.5,17.1,11.4,7.6,乳品
低糖豆漿 (2.0份),340.0,24.0,20.0,14.0,飲品
低糖黑豆漿 (0.6份),108.0,7.8,6.0,4.2,飲品
低糖燕麥奶 (0.7份),84.0,2.1,11.2,3.5,飲品
低糖杏仁奶 (0.8份),32.0,0.8,1.6,2.4,飲品
低糖綠豆漿 (0.9份),171.0,9.9,22.5,4.5,飲品
低糖紅茶 (1.0份),5.0,0.0,1.0,0.0,飲品
低糖綠茶 (1.1份),2.2,0.0,0.0,0.0,飲品
低糖烏龍茶 (1.2份),2.4,0.0,0.0,0.0,飲品
低糖無糖綠茶 (1.3份),2.6,0.0,0.0,0.0,飲品
低糖檸檬紅茶 (1.4份),140.0,0.0,35.0,0.0,飲品
低糖可樂 (1.5份),210.0,0.0,58.5,0.0,飲品
低糖汽水 (1.6份),224.0,0.0,62.4,0.0,飲品
低糖運動飲料 (1.7份),204.0,0.0,51.0,0.0,飲品
低糖無糖氣泡水 (1.8份),0.0,0.0,0.0,0.0,飲品
低糖巧克力牛奶 (1.9份),361.0,13.3,57.0,9.5,飲品
低糖香蕉牛奶 (2.0份),420.0,14.0,68.0,10.0,飲品
低糖抹茶拿鐵 (0.6份),132.0,4.2,16.2,5.4,飲品
低糖摩卡 (0.7份),182.0,5.6,22.4,7.7,飲品
低糖卡布奇諾 (0.8份),96.0,4.8,8.0,4.8,飲品
低糖焦糖瑪奇朵 (0.9份),225.0,6.3,30.6,9.0,飲品
低糖可可 (1.0份),210.0,7.0,30.0,7.0,飲品
低糖水果茶 (1.1份),176.0,0.0,41.8,0.0,飲品
低糖奶茶 (1.2份),264.0,6.0,38.4,9.6,飲品
低糖冬瓜茶 (1.3份),195.0,0.0,48.1,0.0,飲品
低糖檸檬汁 (1.4份),84.0,0.0,21.0,0.0,飲品
低糖白飯 (1.5份),420.0,8.1,91.5,0.9,主食
低糖紫米飯 (1.6份),432.0,9.6,92.8,1.9,主食
低糖五穀飯 (1.7份),433.5,10.2,90.1,3.4,主食
低糖藜麥飯 (1.8份),450.0,14.4,82.8,7.2,主食
低糖燕麥飯 (1.9份),465.5,11.4,85.5,6.6,主食
低糖玉米 (2.0份),240.0,8.0,54.0,4.0,主食
低糖南瓜 (0.6份),42.0,1.2,9.6,0.1,蔬菜
低糖馬鈴薯 (0.7份),91.0,2.1,21.0,0.1,主食
低糖山藥 (0.8份),96.0,2.4,21.6,0.2,主食
低糖芋頭 (0.9份),117.0,1.8,27.0,0.2,主食
低糖冬粉 (1.0份),170.0,0.0,42.0,0.0,主食
低糖烏龍麵 (1.1份),297.0,9.9,61.6,1.1,麵食
低糖拉麵 (1.2份),516.0,18.0,78.0,14.4,麵食
低糖蕎麥麵 (1.3份),390.0,16.9,72.8,2.6,麵食
低糖米粉 (1.4份),490.0,8.4,112.0,1.4,麵食
低糖意麵 (1.5份),570.0,16.5,99.0,13.5,麵食
低糖炒飯 (1.6份),992.0,27.2,131.2,35.2,主餐
低糖蛋炒飯 (1.7份),986.0,30.6,132.6,34.0,主餐
低糖肉絲炒飯 (1.8份),1170.0,43.2,144.0,45.0,主餐
低糖蝦仁炒飯 (1.9份),1178.0,47.5,148.2,41.8,主餐
低糖炒麵 (2.0份),1100.0,34.0,136.0,46.0,主餐
低糖炒烏龍 (0.6份),336.0,10.8,43.2,13.2,主餐
低糖鍋燒意麵 (0.7份),364.0,16.8,45.5,11.9,主餐
低糖雞肉飯 (0.8份),416.0,21.6,52.8,13.6,主餐
低糖魚排飯 (0.9份),585.0,28.8,70.2,20.7,主餐
低糖牛丼 (1.0份),720.0,31.0,86.0,27.0,日式
低糖親子丼 (1.1份),748.0,34.1,85.8,26.4,日式
低糖豬排丼 (1.2份),936.0,40.8,98.4,40.8,日式
低糖咖哩飯 (1.3份),910.0,26.0,114.4,35.1,日式
低糖日式豬排飯 (1.4份),1064.0,49.0,119.0,43.4,日式
低糖壽司 (1.5份),450.0,15.0,81.0,7.5,日式
低糖鮭魚壽司 (1.6份),528.0,24.0,80.0,12.8,日式
低糖鮪魚壽司 (1.7份),527.0,27.2,85.0,10.2,日式
低糖蝦壽司 (1.8份),522.0,23.4,93.6,7.2,日式
低糖玉子燒 (1.9份),342.0,19.0,19.0,19.0,日式
低糖味噌湯 (2.0份),110.0,8.0,10.0,4.0,湯品
低糖茶碗蒸 (0.6份),66.0,5.4,2.4,3.6,日式
低糖烤鯖魚 (0.7份),196.0,17.5,0.0,14.0,海鮮
低糖烤鮭魚 (0.8份),192.0,20.0,0.0,12.0,海鮮
低糖烤鯛魚 (0.9份),162.0,24.3,0.0,6.3,海鮮
低糖清蒸鱈魚 (1.0份),150.0,27.0,0.0,4.0,海鮮
低糖蝦仁 (1.1份),110.0,26.4,1.1,0.3,海鮮
低糖透抽 (1.2份),132.0,21.6,3.6,2.4,海鮮
低糖蛤蜊 (1.3份),104.0,16.9,5.2,2.0,海鮮
低糖蚵仔 (1.4份),119.0,12.6,7.0,4.2,海鮮
低糖鮪魚 (1.5份),195.0,43.5,0.0,1.5,海鮮
低糖鯛魚 (1.6份),208.0,41.6,0.0,4.8,海鮮
低糖鯖魚 (1.7份),357.0,34.0,0.0,23.8,海鮮
低糖鯷魚 (1.8份),234.0,52.2,0.0,9.0,海鮮
低糖雞胸肉 (1.9份),313.5,58.9,0.0,6.8,蛋白質
低糖雞腿肉 (2.0份),440.0,50.0,0.0,26.0,蛋白質
低糖雞翅 (0.6份),138.0,14.4,0.0,9.0,蛋白質
低糖雞里肌 (0.7份),105.0,21.0,0.0,2.1,蛋白質
低糖豬里肌 (0.8份),168.0,21.6,0.0,8.0,蛋白質
低糖豬梅花 (0.9份),225.0,19.8,0.0,16.2,蛋白質
低糖豬五花 (1.0份),390.0,14.0,0.0,37.0,蛋白質
低糖牛里肌 (1.1份),231.0,30.8,0.0,11.0,蛋白質
低糖牛腱 (1.2份),204.0,33.6,0.0,7.2,蛋白質
低糖牛五花 (1.3份),429.0,23.4,0.0,36.4,蛋白質
低糖羊肉 (1.4份),350.0,35.0,0.0,22.4,蛋白質
低糖培根 (1.5份),810.0,55.5,1.5,63.0,加工肉
低糖火腿 (1.6份),232.0,33.6,3.2,9.6,加工肉
低糖香腸 (1.7份),544.0,20.4,8.5,47.6,加工肉
低糖德國香腸 (1.8份),540.0,23.4,7.2,46.8,加工肉
低糖熱狗 (1.9份),551.0,20.9,7.6,47.5,加工肉
低糖雞肉香腸 (2.0份),440.0,32.0,8.0,30.0,加工肉
低糖板豆腐 (0.6份),51.0,5.4,1.2,3.0,豆製品
低糖嫩豆腐 (0.7份),38.5,3.5,1.4,2.1,豆製品
低糖豆干 (0.8份),128.0,16.0,6.4,5.6,豆製品
低糖毛豆 (0.9份),126.0,10.8,9.0,5.4,豆製品
低糖黑豆 (1.0份),150.0,10.0,27.0,1.0,豆製品
低糖鷹嘴豆 (1.1份),181.5,9.9,29.7,3.3,豆製品
低糖紅豆 (1.2份),150.0,9.6,26.4,0.6,豆類
低糖高麗菜 (1.3份),32.5,1.7,7.8,0.1,蔬菜
低糖菠菜 (1.4份),32.2,4.1,5.0,0.6,蔬菜
低糖青江菜 (1.5份),19.5,2.2,3.0,0.3,蔬菜
低糖花椰菜 (1.6份),54.4,4.5,11.2,0.6,蔬菜
低糖白花椰菜 (1.7份),42.5,3.4,8.5,0.5,蔬菜
低糖空心菜 (1.8份),36.0,3.6,5.4,0.5,蔬菜
低糖地瓜葉 (1.9份),57.0,5.7,9.5,0.6,蔬菜
低糖A菜 (2.0份),34.0,3.0,6.0,0.4,蔬菜
低糖大陸妹 (0.6份),10.8,0.9,1.8,0.1,蔬菜
低糖番茄 (0.7份),12.6,0.6,2.8,0.1,蔬菜
低糖小黃瓜 (0.8份),12.0,0.6,2.9,0.1,蔬菜
低糖紅蘿蔔 (0.9份),36.9,0.8,9.0,0.2,蔬菜
低糖洋蔥 (1.0份),40.0,1.1,9.0,0.1,蔬菜
低糖玉米筍 (1.1份),28.6,2.8,5.5,0.2,蔬菜
低糖香菇 (1.2份),40.8,3.7,8.4,0.6,蔬菜
低糖金針菇 (1.3份),48.1,3.5,9.1,0.4,蔬菜
低糖杏鮑菇 (1.4份),49.0,3.5,9.8,0.4,蔬菜
低糖木耳 (1.5份),37.5,2.2,9.0,0.3,蔬菜
低糖海帶 (1.6份),68.8,2.7,16.0,1.0,蔬菜
低糖草莓 (1.7份),54.4,1.2,13.6,0.5,水果
低糖藍莓 (1.8份),102.6,1.3,25.2,0.5,水果
低糖葡萄 (1.9份),131.1,1.3,34.2,0.4,水果
低糖橘子 (2.0份),94.0,1.8,24.0,0.2,水果
低糖柳橙 (0.6份),28.2,0.5,7.2,0.1,水果
低糖西瓜 (0.7份),21.0,0.4,5.6,0.1,水果
低糖鳳梨 (0.8份),40.0,0.4,10.4,0.1,水果
低糖芒果 (0.9份),54.0,0.7,13.5,0.4,水果
低糖水梨 (1.0份),42.0,0.4,11.0,0.1,水果
低糖桃子 (1.1份),42.9,1.0,11.0,0.3,水果
低糖火龍果 (1.2份),60.0,1.3,14.4,0.5,水果
低糖百香果 (1.3份),126.1,2.9,29.9,0.9,水果
低糖酪梨 (1.4份),224.0,2.8,12.6,21.0,水果
低糖椰子 (1.5份),531.0,4.9,22.5,49.5,水果
低糖柿子 (1.6份),112.0,1.0,30.4,0.3,水果
低糖杏仁 (1.7份),984.3,35.7,37.4,83.3,堅果
低糖核桃 (1.8份),1177.2,27.0,25.2,117.0,堅果
低糖腰果 (1.9份),1050.7,34.2,57.0,83.6,堅果
低糖花生 (2.0份),1134.0,52.0,32.0,98.0,堅果
低糖開心果 (0.6份),337.2,12.0,16.8,27.0,堅果
低糖南瓜子 (0.7份),391.3,21.0,7.7,34.3,堅果
低糖葵瓜子 (0.8份),467.2,16.8,16.0,40.8,堅果
低糖洋芋片 (0.9份),482.4,6.3,47.7,31.5,零食
低糖玉米脆片 (1.0份),500.0,7.0,55.0,28.0,零食
低糖爆米花 (1.1份),425.7,14.3,85.8,5.0,零食
低糖蘇打餅乾 (1.2份),516.0,10.8,84.0,15.6,零食
低糖巧克力餅乾 (1.3份),624.0,7.8,87.1,27.3,零食
低糖燕麥餅乾 (1.4份),630.0,9.8,95.2,23.8,零食
低糖洋芋薯餅 (1.5份),390.0,4.5,42.0,22.5,零食
低糖茶葉蛋 (1.6份),232.0,19.2,3.2,14.4,零食
低糖滷蛋 (1.7份),255.0,20.4,3.4,17.0,零食
低糖海苔 (1.8份),63.0,9.0,7.2,0.9,零食
低糖黑巧克力 (1.9份),1140.0,15.2,87.4,81.7,甜點
低糖牛奶巧克力 (2.0份),1070.0,16.0,118.0,60.0,甜點
低糖布朗尼 (0.6份),246.0,3.0,30.0,13.2,甜點
低糖乳酪蛋糕 (0.7份),224.0,4.2,18.9,14.7,甜點
低糖提拉米蘇 (0.8份),280.0,4.8,24.8,18.4,甜點
低糖蛋塔 (0.9份),252.0,5.4,25.2,15.3,甜點
低糖奶油泡芙 (1.0份),250.0,5.0,23.0,16.0,甜點
低糖可麗露 (1.1份),275.0,4.4,36.3,12.1,甜點
低糖鬆餅 (1.2份),432.0,9.6,60.0,16.8,甜點
低糖冰淇淋 (1.3份),273.0,5.2,31.2,14.3,甜點
低糖芒果冰 (1.4份),462.0,4.2,98.0,8.4,甜點
低糖豆花加花生 (1.5份),480.0,15.0,67.5,16.5,甜點
低糖紅豆湯 (1.6份),416.0,12.8,73.6,8.0,甜點
低糖綠豆湯 (1.7份),408.0,11.9,74.8,6.8,甜點
低糖仙草茶 (1.8份),180.0,0.0,45.0,0.0,甜點
低糖燒仙草 (1.9份),437.0,9.5,76.0,11.4,甜點
低糖薯條 (2.0份),624.0,6.8,82.0,30.0,速食
低糖炸雞腿 (0.6份),192.0,13.2,7.2,12.6,速食
低糖炸雞翅 (0.7份),203.0,14.0,7.0,13.3,速食
低糖起司漢堡 (0.8份),416.0,21.6,33.6,22.4,速食
低糖雙層牛肉堡 (0.9份),603.0,31.5,43.2,33.3,速食
低糖雞塊 (1.0份),290.0,16.0,16.0,18.0,速食
低糖熱狗堡 (1.1份),429.0,16.5,39.6,23.1,速食
低糖雞肉捲 (1.2份),576.0,30.0,55.2,25.2,速食
低糖墨西哥捲餅 (1.3份),676.0,29.9,72.8,28.6,異國
低糖塔可 (1.4份),294.0,14.0,25.2,15.4,異國
低糖凱薩沙拉 (1.5份),540.0,27.0,21.0,40.5,西式
低糖烤雞沙拉 (1.6份),512.0,51.2,24.0,24.0,西式
低糖牛排 (1.7份),765.0,76.5,0.0,47.6,西式
低糖雞排 (1.8份),594.0,57.6,21.6,32.4,西式
低糖焗烤飯 (1.9份),1292.0,45.6,133.0,60.8,西式
低糖焗烤義大利麵 (2.0份),1440.0,50.0,144.0,68.0,西式
低糖番茄義大利麵 (0.6份),288.0,9.0,45.6,7.2,西式
低糖奶油義大利麵 (0.7份),455.0,12.6,49.0,21.0,西式
低糖青醬義大利麵 (0.8份),496.0,14.4,54.4,22.4,西式
低糖白醬燉飯 (0.9份),612.0,15.3,67.5,27.9,西式
低糖番茄燉飯 (1.0份),520.0,15.0,76.0,15.0,西式
低糖韓式拌飯 (1.1份),682.0,24.2,92.4,24.2,韓式
低糖韓式炸雞 (1.2份),780.0,36.0,54.0,45.6,韓式
低糖韓式泡菜 (1.3份),39.0,2.6,6.5,0.7,韓式
低糖韓式部隊鍋 (1.4份),1050.0,39.2,91.0,56.0,韓式
低糖韓式烤肉 (1.5份),825.0,52.5,15.0,60.0,韓式
低糖韓式冷麵 (1.6份),720.0,22.4,124.8,12.8,韓式
低糖日式拉麵 (1.7份),1020.0,42.5,127.5,34.0,日式
低糖豬排拉麵 (1.8份),1404.0,63.0,140.4,64.8,日式
低糖牛肉烏龍麵 (1.9份),1064.0,49.4,133.0,32.3,日式
低糖天婦羅 (2.0份),840.0,32.0,72.0,48.0,日式
低糖炸蝦天婦羅 (0.6份),186.0,9.0,12.0,12.0,日式
低糖大阪燒 (0.7份),350.0,12.6,35.0,17.5,日式
低糖章魚燒 (0.8份),288.0,11.2,35.2,11.2,日式
低糖番茄 (0.9份),16.2,0.8,3.6,0.2,蔬菜
低糖洋菇 (1.0份),22.0,3.1,3.3,0.3,蔬菜
低糖甜椒 (1.1份),34.1,1.1,6.6,0.3,蔬菜
低糖茄子 (1.2份),30.0,1.2,7.2,0.2,蔬菜
低糖絲瓜 (1.3份),26.0,1.6,5.2,0.3,蔬菜
低糖苦瓜 (1.4份),23.8,1.4,5.6,0.3,蔬菜
低糖冬瓜 (1.5份),19.5,0.6,4.5,0.3,蔬菜
低糖白蘿蔔 (1.6份),28.8,1.0,6.4,0.2,蔬菜
低糖秋葵 (1.7份),56.1,3.2,11.9,0.3,蔬菜
低糖竹筍 (1.8份),48.6,4.7,9.0,0.5,蔬菜
低糖豆芽菜 (1.9份),57.0,5.7,11.4,0.4,蔬菜
低糖海帶芽 (2.0份),90.0,6.0,18.0,1.2,蔬菜
少油白吐司 (0.6份),159.0,5.4,29.4,1.9,早餐/主食
少油全麥吐司 (0.7份),172.9,9.1,28.7,2.9,早餐/主食
少油可頌 (0.8份),324.8,6.4,36.0,16.8,早餐/烘焙
少油火腿起司蛋吐司 (0.9份),387.0,19.8,34.2,19.8,早餐
少油鮪魚蛋吐司 (1.0份),410.0,24.0,36.0,20.0,早餐
少油培根蛋吐司 (1.1份),506.0,22.0,38.5,29.7,早餐
少油總匯三明治 (1.2份),624.0,28.8,52.8,32.4,早餐
少油鮪魚三明治 (1.3份),507.0,28.6,54.6,20.8,早餐
少油雞肉三明治 (1.4份),504.0,35.0,53.2,18.2,早餐
少油火腿三明治 (1.5份),525.0,27.0,60.0,21.0,早餐
少油起司蛋餅 (1.6份),624.0,25.6,57.6,33.6,早餐
少油培根蛋餅 (1.7份),731.0,30.6,61.2,42.5,早餐
少油玉米蛋餅 (1.8份),648.0,23.4,77.4,28.8,早餐
少油鮪魚蛋餅 (1.9份),779.0,38.0,70.3,41.8,早餐
少油蘿蔔糕加蛋 (2.0份),600.0,20.0,68.0,28.0,早餐
少油法國吐司 (0.6份),192.0,6.6,25.2,7.2,早餐
少油美式早餐盤 (0.7份),455.0,19.6,31.5,27.3,早餐
少油燕麥粥 (0.8份),176.0,6.4,28.8,4.8,早餐
少油水果燕麥優格 (0.9份),252.0,10.8,38.7,6.3,早餐
少油優格 (1.0份),120.0,7.0,14.0,4.0,乳品
少油希臘優格 (1.1份),154.0,13.2,8.8,6.6,乳品
少油低脂鮮奶 (1.2份),126.0,9.6,14.4,3.6,乳品
少油全脂鮮奶 (1.3份),195.0,10.4,15.6,10.4,乳品
少油無糖優格 (1.4份),133.0,12.6,8.4,5.6,乳品
少油豆漿 (1.5份),255.0,18.0,15.0,10.5,飲品
少油黑豆漿 (1.6份),288.0,20.8,16.0,11.2,飲品
少油燕麥奶 (1.7份),204.0,5.1,27.2,8.5,飲品
少油杏仁奶 (1.8份),72.0,1.8,3.6,5.4,飲品
少油綠豆漿 (1.9份),361.0,20.9,47.5,9.5,飲品
少油紅茶 (2.0份),10.0,0.0,2.0,0.0,飲品
少油綠茶 (0.6份),1.2,0.0,0.0,0.0,飲品
少油烏龍茶 (0.7份),1.4,0.0,0.0,0.0,飲品
少油無糖綠茶 (0.8份),1.6,0.0,0.0,0.0,飲品
少油檸檬紅茶 (0.9份),90.0,0.0,22.5,0.0,飲品
少油可樂 (1.0份),140.0,0.0,39.0,0.0,飲品
少油汽水 (1.1份),154.0,0.0,42.9,0.0,飲品
少油運動飲料 (1.2份),144.0,0.0,36.0,0.0,飲品
少油無糖氣泡水 (1.3份),0.0,0.0,0.0,0.0,飲品
少油巧克力牛奶 (1.4份),266.0,9.8,42.0,7.0,飲品
少油香蕉牛奶 (1.5份),315.0,10.5,51.0,7.5,飲品
少油抹茶拿鐵 (1.6份),352.0,11.2,43.2,14.4,飲品
少油摩卡 (1.7份),442.0,13.6,54.4,18.7,飲品
少油卡布奇諾 (1.8份),216.0,10.8,18.0,10.8,飲品
少油焦糖瑪奇朵 (1.9份),475.0,13.3,64.6,19.0,飲品
少油可可 (2.0份),420.0,14.0,60.0,14.0,飲品
少油水果茶 (0.6份),96.0,0.0,22.8,0.0,飲品
少油奶茶 (0.7份),154.0,3.5,22.4,5.6,飲品
少油冬瓜茶 (0.8份),120.0,0.0,29.6,0.0,飲品
少油檸檬汁 (0.9份),54.0,0.0,13.5,0.0,飲品
少油白飯 (1.0份),280.0,5.4,61.0,0.6,主食
少油紫米飯 (1.1份),297.0,6.6,63.8,1.3,主食
少油五穀飯 (1.2份),306.0,7.2,63.6,2.4,主食
少油藜麥飯 (1.3份),325.0,10.4,59.8,5.2,主食
少油燕麥飯 (1.4份),343.0,8.4,63.0,4.9,主食
少油玉米 (1.5份),180.0,6.0,40.5,3.0,主食
少油南瓜 (1.6份),112.0,3.2,25.6,0.3,蔬菜
少油馬鈴薯 (1.7份),221.0,5.1,51.0,0.3,主食
少油山藥 (1.8份),216.0,5.4,48.6,0.4,主食
少油芋頭 (1.9份),247.0,3.8,57.0,0.4,主食
少油冬粉 (2.0份),340.0,0.0,84.0,0.0,主食
少油烏龍麵 (0.6份),162.0,5.4,33.6,0.6,麵食
少油拉麵 (0.7份),301.0,10.5,45.5,8.4,麵食
少油蕎麥麵 (0.8份),240.0,10.4,44.8,1.6,麵食
少油米粉 (0.9份),315.0,5.4,72.0,0.9,麵食
少油意麵 (1.0份),380.0,11.0,66.0,9.0,麵食
少油炒飯 (1.1份),682.0,18.7,90.2,24.2,主餐
少油蛋炒飯 (1.2份),696.0,21.6,93.6,24.0,主餐
少油肉絲炒飯 (1.3份),845.0,31.2,104.0,32.5,主餐
少油蝦仁炒飯 (1.4份),868.0,35.0,109.2,30.8,主餐
少油炒麵 (1.5份),825.0,25.5,102.0,34.5,主餐
少油炒烏龍 (1.6份),896.0,28.8,115.2,35.2,主餐
少油鍋燒意麵 (1.7份),884.0,40.8,110.5,28.9,主餐
少油雞肉飯 (1.8份),936.0,48.6,118.8,30.6,主餐
少油魚排飯 (1.9份),1235.0,60.8,148.2,43.7,主餐
少油牛丼 (2.0份),1440.0,62.0,172.0,54.0,日式
少油親子丼 (0.6份),408.0,18.6,46.8,14.4,日式
少油豬排丼 (0.7份),546.0,23.8,57.4,23.8,日式
少油咖哩飯 (0.8份),560.0,16.0,70.4,21.6,日式
少油日式豬排飯 (0.9份),684.0,31.5,76.5,27.9,日式
少油壽司 (1.0份),300.0,10.0,54.0,5.0,日式
少油鮭魚壽司 (1.1份),363.0,16.5,55.0,8.8,日式
少油鮪魚壽司 (1.2份),372.0,19.2,60.0,7.2,日式
少油蝦壽司 (1.3份),377.0,16.9,67.6,5.2,日式
少油玉子燒 (1.4份),252.0,14.0,14.0,14.0,日式
少油味噌湯 (1.5份),82.5,6.0,7.5,3.0,湯品
少油茶碗蒸 (1.6份),176.0,14.4,6.4,9.6,日式
少油烤鯖魚 (1.7份),476.0,42.5,0.0,34.0,海鮮
少油烤鮭魚 (1.8份),432.0,45.0,0.0,27.0,海鮮
少油烤鯛魚 (1.9份),342.0,51.3,0.0,13.3,海鮮
少油清蒸鱈魚 (2.0份),300.0,54.0,0.0,8.0,海鮮
少油蝦仁 (0.6份),60.0,14.4,0.6,0.2,海鮮
少油透抽 (0.7份),77.0,12.6,2.1,1.4,海鮮
少油蛤蜊 (0.8份),64.0,10.4,3.2,1.2,海鮮
少油蚵仔 (0.9份),76.5,8.1,4.5,2.7,海鮮
少油鮪魚 (1.0份),130.0,29.0,0.0,1.0,海鮮
少油鯛魚 (1.1份),143.0,28.6,0.0,3.3,海鮮
少油鯖魚 (1.2份),252.0,24.0,0.0,16.8,海鮮
少油鯷魚 (1.3份),169.0,37.7,0.0,6.5,海鮮
少油雞胸肉 (1.4份),231.0,43.4,0.0,5.0,蛋白質
少油雞腿肉 (1.5份),330.0,37.5,0.0,19.5,蛋白質
少油雞翅 (1.6份),368.0,38.4,0.0,24.0,蛋白質
少油雞里肌 (1.7份),255.0,51.0,0.0,5.1,蛋白質
少油豬里肌 (1.8份),378.0,48.6,0.0,18.0,蛋白質
少油豬梅花 (1.9份),475.0,41.8,0.0,34.2,蛋白質
少油豬五花 (2.0份),780.0,28.0,0.0,74.0,蛋白質
少油牛里肌 (0.6份),126.0,16.8,0.0,6.0,蛋白質
少油牛腱 (0.7份),119.0,19.6,0.0,4.2,蛋白質
少油牛五花 (0.8份),264.0,14.4,0.0,22.4,蛋白質
少油羊肉 (0.9份),225.0,22.5,0.0,14.4,蛋白質
少油培根 (1.0份),540.0,37.0,1.0,42.0,加工肉
少油火腿 (1.1份),159.5,23.1,2.2,6.6,加工肉
少油香腸 (1.2份),384.0,14.4,6.0,33.6,加工肉
少油德國香腸 (1.3份),390.0,16.9,5.2,33.8,加工肉
少油熱狗 (1.4份),406.0,15.4,5.6,35.0,加工肉
少油雞肉香腸 (1.5份),330.0,24.0,6.0,22.5,加工肉
少油板豆腐 (1.6份),136.0,14.4,3.2,8.0,豆製品
少油嫩豆腐 (1.7份),93.5,8.5,3.4,5.1,豆製品
少油豆干 (1.8份),288.0,36.0,14.4,12.6,豆製品
少油毛豆 (1.9份),266.0,22.8,19.0,11.4,豆製品
少油黑豆 (2.0份),300.0,20.0,54.0,2.0,豆製品
少油鷹嘴豆 (0.6份),99.0,5.4,16.2,1.8,豆製品
少油紅豆 (0.7份),87.5,5.6,15.4,0.3,豆類
少油高麗菜 (0.8份),20.0,1.0,4.8,0.1,蔬菜
少油菠菜 (0.9份),20.7,2.6,3.2,0.4,蔬菜
少油青江菜 (1.0份),13.0,1.5,2.0,0.2,蔬菜
少油花椰菜 (1.1份),37.4,3.1,7.7,0.4,蔬菜
少油白花椰菜 (1.2份),30.0,2.4,6.0,0.4,蔬菜
少油空心菜 (1.3份),26.0,2.6,3.9,0.4,蔬菜
少油地瓜葉 (1.4份),42.0,4.2,7.0,0.4,蔬菜
少油A菜 (1.5份),25.5,2.2,4.5,0.3,蔬菜
少油大陸妹 (1.6份),28.8,2.4,4.8,0.3,蔬菜
少油番茄 (1.7份),30.6,1.5,6.8,0.3,蔬菜
少油小黃瓜 (1.8份),27.0,1.3,6.5,0.2,蔬菜
少油紅蘿蔔 (1.9份),77.9,1.7,19.0,0.4,蔬菜
少油洋蔥 (2.0份),80.0,2.2,18.0,0.2,蔬菜
少油玉米筍 (0.6份),15.6,1.5,3.0,0.1,蔬菜
少油香菇 (0.7份),23.8,2.2,4.9,0.3,蔬菜
少油金針菇 (0.8份),29.6,2.2,5.6,0.2,蔬菜
少油杏鮑菇 (0.9份),31.5,2.2,6.3,0.3,蔬菜
少油木耳 (1.0份),25.0,1.5,6.0,0.2,蔬菜
少油海帶 (1.1份),47.3,1.9,11.0,0.7,蔬菜
少油草莓 (1.2份),38.4,0.8,9.6,0.4,水果
少油藍莓 (1.3份),74.1,0.9,18.2,0.4,水果
少油葡萄 (1.4份),96.6,1.0,25.2,0.3,水果
少油橘子 (1.5份),70.5,1.4,18.0,0.2,水果
少油柳橙 (1.6份),75.2,1.4,19.2,0.2,水果
少油西瓜 (1.7份),51.0,1.0,13.6,0.3,水果
少油鳳梨 (1.8份),90.0,0.9,23.4,0.2,水果
少油芒果 (1.9份),114.0,1.5,28.5,0.8,水果
少油水梨 (2.0份),84.0,0.8,22.0,0.2,水果
少油桃子 (0.6份),23.4,0.5,6.0,0.2,水果
少油火龍果 (0.7份),35.0,0.8,8.4,0.3,水果
少油百香果 (0.8份),77.6,1.8,18.4,0.6,水果
少油酪梨 (0.9份),144.0,1.8,8.1,13.5,水果
少油椰子 (1.0份),354.0,3.3,15.0,33.0,水果
少油柿子 (1.1份),77.0,0.7,20.9,0.2,水果
少油杏仁 (1.2份),694.8,25.2,26.4,58.8,堅果
少油核桃 (1.3份),850.2,19.5,18.2,84.5,堅果
少油腰果 (1.4份),774.2,25.2,42.0,61.6,堅果
少油花生 (1.5份),850.5,39.0,24.0,73.5,堅果
少油開心果 (1.6份),899.2,32.0,44.8,72.0,堅果
少油南瓜子 (1.7份),950.3,51.0,18.7,83.3,堅果
少油葵瓜子 (1.8份),1051.2,37.8,36.0,91.8,堅果
少油洋芋片 (1.9份),1018.4,13.3,100.7,66.5,零食
少油玉米脆片 (2.0份),1000.0,14.0,110.0,56.0,零食
少油爆米花 (0.6份),232.2,7.8,46.8,2.7,零食
少油蘇打餅乾 (0.7份),301.0,6.3,49.0,9.1,零食
少油巧克力餅乾 (0.8份),384.0,4.8,53.6,16.8,零食
少油燕麥餅乾 (0.9份),405.0,6.3,61.2,15.3,零食
少油洋芋薯餅 (1.0份),260.0,3.0,28.0,15.0,零食
少油茶葉蛋 (1.1份),159.5,13.2,2.2,9.9,零食
少油滷蛋 (1.2份),180.0,14.4,2.4,12.0,零食
少油海苔 (1.3份),45.5,6.5,5.2,0.7,零食
少油黑巧克力 (1.4份),840.0,11.2,64.4,60.2,甜點
少油牛奶巧克力 (1.5份),802.5,12.0,88.5,45.0,甜點
少油布朗尼 (1.6份),656.0,8.0,80.0,35.2,甜點
少油乳酪蛋糕 (1.7份),544.0,10.2,45.9,35.7,甜點
少油提拉米蘇 (1.8份),630.0,10.8,55.8,41.4,甜點
少油蛋塔 (1.9份),532.0,11.4,53.2,32.3,甜點
少油奶油泡芙 (2.0份),500.0,10.0,46.0,32.0,甜點
少油可麗露 (0.6份),150.0,2.4,19.8,6.6,甜點
少油鬆餅 (0.7份),252.0,5.6,35.0,9.8,甜點
少油冰淇淋 (0.8份),168.0,3.2,19.2,8.8,甜點
少油芒果冰 (0.9份),297.0,2.7,63.0,5.4,甜點
少油豆花加花生 (1.0份),320.0,10.0,45.0,11.0,甜點
少油紅豆湯 (1.1份),286.0,8.8,50.6,5.5,甜點
少油綠豆湯 (1.2份),288.0,8.4,52.8,4.8,甜點
少油仙草茶 (1.3份),130.0,0.0,32.5,0.0,甜點
少油燒仙草 (1.4份),322.0,7.0,56.0,8.4,甜點
少油薯條 (1.5份),468.0,5.1,61.5,22.5,速食
少油炸雞腿 (1.6份),512.0,35.2,19.2,33.6,速食
少油炸雞翅 (1.7份),493.0,34.0,17.0,32.3,速食
少油起司漢堡 (1.8份),936.0,48.6,75.6,50.4,速食
少油雙層牛肉堡 (1.9份),1273.0,66.5,91.2,70.3,速食
少油雞塊 (2.0份),580.0,32.0,32.0,36.0,速食
少油熱狗堡 (0.6份),234.0,9.0,21.6,12.6,速食
少油雞肉捲 (0.7份),336.0,17.5,32.2,14.7,速食
少油墨西哥捲餅 (0.8份),416.0,18.4,44.8,17.6,異國
少油塔可 (0.9份),189.0,9.0,16.2,9.9,異國
少油凱薩沙拉 (1.0份),360.0,18.0,14.0,27.0,西式
少油烤雞沙拉 (1.1份),352.0,35.2,16.5,16.5,西式
少油牛排 (1.2份),540.0,54.0,0.0,33.6,西式
少油雞排 (1.3份),429.0,41.6,15.6,23.4,西式
少油焗烤飯 (1.4份),952.0,33.6,98.0,44.8,西式
少油焗烤義大利麵 (1.5份),1080.0,37.5,108.0,51.0,西式
少油番茄義大利麵 (1.6份),768.0,24.0,121.6,19.2,西式
少油奶油義大利麵 (1.7份),1105.0,30.6,119.0,51.0,西式
少油青醬義大利麵 (1.8份),1116.0,32.4,122.4,50.4,西式
少油白醬燉飯 (1.9份),1292.0,32.3,142.5,58.9,西式
少油番茄燉飯 (2.0份),1040.0,30.0,152.0,30.0,西式
少油韓式拌飯 (0.6份),372.0,13.2,50.4,13.2,韓式
少油韓式炸雞 (0.7份),455.0,21.0,31.5,26.6,韓式
少油韓式泡菜 (0.8份),24.0,1.6,4.0,0.4,韓式
少油韓式部隊鍋 (0.9份),675.0,25.2,58.5,36.0,韓式
少油韓式烤肉 (1.0份),550.0,35.0,10.0,40.0,韓式
少油韓式冷麵 (1.1份),495.0,15.4,85.8,8.8,韓式
少油日式拉麵 (1.2份),720.0,30.0,90.0,24.0,日式
少油豬排拉麵 (1.3份),1014.0,45.5,101.4,46.8,日式
少油牛肉烏龍麵 (1.4份),784.0,36.4,98.0,23.8,日式
少油天婦羅 (1.5份),630.0,24.0,54.0,36.0,日式
少油炸蝦天婦羅 (1.6份),496.0,24.0,32.0,32.0,日式
少油大阪燒 (1.7份),850.0,30.6,85.0,42.5,日式
少油章魚燒 (1.8份),648.0,25.2,79.2,25.2,日式
少油番茄 (1.9份),34.2,1.7,7.6,0.4,蔬菜
少油洋菇 (2.0份),44.0,6.2,6.6,0.6,蔬菜
少油甜椒 (0.6份),18.6,0.6,3.6,0.2,蔬菜
少油茄子 (0.7份),17.5,0.7,4.2,0.1,蔬菜
少油絲瓜 (0.8份),16.0,1.0,3.2,0.2,蔬菜
少油苦瓜 (0.9份),15.3,0.9,3.6,0.2,蔬菜
少油冬瓜 (1.0份),13.0,0.4,3.0,0.2,蔬菜
少油白蘿蔔 (1.1份),19.8,0.7,4.4,0.1,蔬菜
少油秋葵 (1.2份),39.6,2.3,8.4,0.2,蔬菜
少油竹筍 (1.3份),35.1,3.4,6.5,0.4,蔬菜
少油豆芽菜 (1.4份),42.0,4.2,8.4,0.3,蔬菜
少油海帶芽 (1.5份),67.5,4.5,13.5,0.9,蔬菜
少鹽白吐司 (1.6份),424.0,14.4,78.4,5.1,早餐/主食
少鹽全麥吐司 (1.7份),419.9,22.1,69.7,7.1,早餐/主食
少鹽可頌 (1.8份),730.8,14.4,81.0,37.8,早餐/烘焙
少鹽火腿起司蛋吐司 (1.9份),817.0,41.8,72.2,41.8,早餐
少鹽鮪魚蛋吐司 (2.0份),820.0,48.0,72.0,40.0,早餐
少鹽培根蛋吐司 (0.6份),276.0,12.0,21.0,16.2,早餐
少鹽總匯三明治 (0.7份),364.0,16.8,30.8,18.9,早餐
少鹽鮪魚三明治 (0.8份),312.0,17.6,33.6,12.8,早餐
少鹽雞肉三明治 (0.9份),324.0,22.5,34.2,11.7,早餐
少鹽火腿三明治 (1.0份),350.0,18.0,40.0,14.0,早餐
少鹽起司蛋餅 (1.1份),429.0,17.6,39.6,23.1,早餐
少鹽培根蛋餅 (1.2份),516.0,21.6,43.2,30.0,早餐
少鹽玉米蛋餅 (1.3份),468.0,16.9,55.9,20.8,早餐
少鹽鮪魚蛋餅 (1.4份),574.0,28.0,51.8,30.8,早餐
少鹽蘿蔔糕加蛋 (1.5份),450.0,15.0,51.0,21.0,早餐
少鹽法國吐司 (1.6份),512.0,17.6,67.2,19.2,早餐
少鹽美式早餐盤 (1.7份),1105.0,47.6,76.5,66.3,早餐
少鹽燕麥粥 (1.8份),396.0,14.4,64.8,10.8,早餐
少鹽水果燕麥優格 (1.9份),532.0,22.8,81.7,13.3,早餐
少鹽優格 (2.0份),240.0,14.0,28.0,8.0,乳品
少鹽希臘優格 (0.6份),84.0,7.2,4.8,3.6,乳品
少鹽低脂鮮奶 (0.7份),73.5,5.6,8.4,2.1,乳品
少鹽全脂鮮奶 (0.8份),120.0,6.4,9.6,6.4,乳品
少鹽無糖優格 (0.9份),85.5,8.1,5.4,3.6,乳品
少鹽豆漿 (1.0份),170.0,12.0,10.0,7.0,飲品
少鹽黑豆漿 (1.1份),198.0,14.3,11.0,7.7,飲品
少鹽燕麥奶 (1.2份),144.0,3.6,19.2,6.0,飲品
少鹽杏仁奶 (1.3份),52.0,1.3,2.6,3.9,飲品
少鹽綠豆漿 (1.4份),266.0,15.4,35.0,7.0,飲品
少鹽紅茶 (1.5份),7.5,0.0,1.5,0.0,飲品
少鹽綠茶 (1.6份),3.2,0.0,0.0,0.0,飲品
少鹽烏龍茶 (1.7份),3.4,0.0,0.0,0.0,飲品
少鹽無糖綠茶 (1.8份),3.6,0.0,0.0,0.0,飲品
少鹽檸檬紅茶 (1.9份),190.0,0.0,47.5,0.0,飲品
少鹽可樂 (2.0份),280.0,0.0,78.0,0.0,飲品
少鹽汽水 (0.6份),84.0,0.0,23.4,0.0,飲品
少鹽運動飲料 (0.7份),84.0,0.0,21.0,0.0,飲品
少鹽無糖氣泡水 (0.8份),0.0,0.0,0.0,0.0,飲品
少鹽巧克力牛奶 (0.9份),171.0,6.3,27.0,4.5,飲品
少鹽香蕉牛奶 (1.0份),210.0,7.0,34.0,5.0,飲品
少鹽抹茶拿鐵 (1.1份),242.0,7.7,29.7,9.9,飲品
少鹽摩卡 (1.2份),312.0,9.6,38.4,13.2,飲品
少鹽卡布奇諾 (1.3份),156.0,7.8,13.0,7.8,飲品
少鹽焦糖瑪奇朵 (1.4份),350.0,9.8,47.6,14.0,飲品
少鹽可可 (1.5份),315.0,10.5,45.0,10.5,飲品
少鹽水果茶 (1.6份),256.0,0.0,60.8,0.0,飲品
少鹽奶茶 (1.7份),374.0,8.5,54.4,13.6,飲品
少鹽冬瓜茶 (1.8份),270.0,0.0,66.6,0.0,飲品
少鹽檸檬汁 (1.9份),114.0,0.0,28.5,0.0,飲品
少鹽白飯 (2.0份),560.0,10.8,122.0,1.2,主食
少鹽紫米飯 (0.6份),162.0,3.6,34.8,0.7,主食
少鹽五穀飯 (0.7份),178.5,4.2,37.1,1.4,主食
少鹽藜麥飯 (0.8份),200.0,6.4,36.8,3.2,主食
少鹽燕麥飯 (0.9份),220.5,5.4,40.5,3.1,主食
少鹽玉米 (1.0份),120.0,4.0,27.0,2.0,主食
少鹽南瓜 (1.1份),77.0,2.2,17.6,0.2,蔬菜
少鹽馬鈴薯 (1.2份),156.0,3.6,36.0,0.2,主食
少鹽山藥 (1.3份),156.0,3.9,35.1,0.3,主食
少鹽芋頭 (1.4份),182.0,2.8,42.0,0.3,主食
少鹽冬粉 (1.5份),255.0,0.0,63.0,0.0,主食
少鹽烏龍麵 (1.6份),432.0,14.4,89.6,1.6,麵食
少鹽拉麵 (1.7份),731.0,25.5,110.5,20.4,麵食
少鹽蕎麥麵 (1.8份),540.0,23.4,100.8,3.6,麵食
少鹽米粉 (1.9份),665.0,11.4,152.0,1.9,麵食
少鹽意麵 (2.0份),760.0,22.0,132.0,18.0,麵食
少鹽炒飯 (0.6份),372.0,10.2,49.2,13.2,主餐
少鹽蛋炒飯 (0.7份),406.0,12.6,54.6,14.0,主餐
少鹽肉絲炒飯 (0.8份),520.0,19.2,64.0,20.0,主餐
少鹽蝦仁炒飯 (0.9份),558.0,22.5,70.2,19.8,主餐
少鹽炒麵 (1.0份),550.0,17.0,68.0,23.0,主餐
少鹽炒烏龍 (1.1份),616.0,19.8,79.2,24.2,主餐
少鹽鍋燒意麵 (1.2份),624.0,28.8,78.0,20.4,主餐
少鹽雞肉飯 (1.3份),676.0,35.1,85.8,22.1,主餐
少鹽魚排飯 (1.4份),910.0,44.8,109.2,32.2,主餐
少鹽牛丼 (1.5份),1080.0,46.5,129.0,40.5,日式
少鹽親子丼 (1.6份),1088.0,49.6,124.8,38.4,日式
少鹽豬排丼 (1.7份),1326.0,57.8,139.4,57.8,日式
少鹽咖哩飯 (1.8份),1260.0,36.0,158.4,48.6,日式
少鹽日式豬排飯 (1.9份),1444.0,66.5,161.5,58.9,日式
少鹽壽司 (2.0份),600.0,20.0,108.0,10.0,日式
少鹽鮭魚壽司 (0.6份),198.0,9.0,30.0,4.8,日式
少鹽鮪魚壽司 (0.7份),217.0,11.2,35.0,4.2,日式
少鹽蝦壽司 (0.8份),232.0,10.4,41.6,3.2,日式
少鹽玉子燒 (0.9份),162.0,9.0,9.0,9.0,日式
少鹽味噌湯 (1.0份),55.0,4.0,5.0,2.0,湯品
少鹽茶碗蒸 (1.1份),121.0,9.9,4.4,6.6,日式
少鹽烤鯖魚 (1.2份),336.0,30.0,0.0,24.0,海鮮
少鹽烤鮭魚 (1.3份),312.0,32.5,0.0,19.5,海鮮
少鹽烤鯛魚 (1.4份),252.0,37.8,0.0,9.8,海鮮
少鹽清蒸鱈魚 (1.5份),225.0,40.5,0.0,6.0,海鮮
少鹽蝦仁 (1.6份),160.0,38.4,1.6,0.5,海鮮
少鹽透抽 (1.7份),187.0,30.6,5.1,3.4,海鮮
少鹽蛤蜊 (1.8份),144.0,23.4,7.2,2.7,海鮮
少鹽蚵仔 (1.9份),161.5,17.1,9.5,5.7,海鮮
少鹽鮪魚 (2.0份),260.0,58.0,0.0,2.0,海鮮
少鹽鯛魚 (0.6份),78.0,15.6,0.0,1.8,海鮮
少鹽鯖魚 (0.7份),147.0,14.0,0.0,9.8,海鮮
少鹽鯷魚 (0.8份),104.0,23.2,0.0,4.0,海鮮
少鹽雞胸肉 (0.9份),148.5,27.9,0.0,3.2,蛋白質
少鹽雞腿肉 (1.0份),220.0,25.0,0.0,13.0,蛋白質
少鹽雞翅 (1.1份),253.0,26.4,0.0,16.5,蛋白質
少鹽雞里肌 (1.2份),180.0,36.0,0.0,3.6,蛋白質
少鹽豬里肌 (1.3份),273.0,35.1,0.0,13.0,蛋白質
少鹽豬梅花 (1.4份),350.0,30.8,0.0,25.2,蛋白質
少鹽豬五花 (1.5份),585.0,21.0,0.0,55.5,蛋白質
少鹽牛里肌 (1.6份),336.0,44.8,0.0,16.0,蛋白質
少鹽牛腱 (1.7份),289.0,47.6,0.0,10.2,蛋白質
少鹽牛五花 (1.8份),594.0,32.4,0.0,50.4,蛋白質
少鹽羊肉 (1.9份),475.0,47.5,0.0,30.4,蛋白質
少鹽培根 (2.0份),1080.0,74.0,2.0,84.0,加工肉
少鹽火腿 (0.6份),87.0,12.6,1.2,3.6,加工肉
少鹽香腸 (0.7份),224.0,8.4,3.5,19.6,加工肉
少鹽德國香腸 (0.8份),240.0,10.4,3.2,20.8,加工肉
少鹽熱狗 (0.9份),261.0,9.9,3.6,22.5,加工肉
少鹽雞肉香腸 (1.0份),220.0,16.0,4.0,15.0,加工肉
少鹽板豆腐 (1.1份),93.5,9.9,2.2,5.5,豆製品
少鹽嫩豆腐 (1.2份),66.0,6.0,2.4,3.6,豆製品
少鹽豆干 (1.3份),208.0,26.0,10.4,9.1,豆製品
少鹽毛豆 (1.4份),196.0,16.8,14.0,8.4,豆製品
少鹽黑豆 (1.5份),225.0,15.0,40.5,1.5,豆製品
少鹽鷹嘴豆 (1.6份),264.0,14.4,43.2,4.8,豆製品
少鹽紅豆 (1.7份),212.5,13.6,37.4,0.9,豆類
少鹽高麗菜 (1.8份),45.0,2.3,10.8,0.2,蔬菜
少鹽菠菜 (1.9份),43.7,5.5,6.8,0.8,蔬菜
少鹽青江菜 (2.0份),26.0,3.0,4.0,0.4,蔬菜
少鹽花椰菜 (0.6份),20.4,1.7,4.2,0.2,蔬菜
少鹽白花椰菜 (0.7份),17.5,1.4,3.5,0.2,蔬菜
少鹽空心菜 (0.8份),16.0,1.6,2.4,0.2,蔬菜
少鹽地瓜葉 (0.9份),27.0,2.7,4.5,0.3,蔬菜
少鹽A菜 (1.0份),17.0,1.5,3.0,0.2,蔬菜
少鹽大陸妹 (1.1份),19.8,1.7,3.3,0.2,蔬菜
少鹽番茄 (1.2份),21.6,1.1,4.8,0.2,蔬菜
少鹽小黃瓜 (1.3份),19.5,0.9,4.7,0.1,蔬菜
少鹽紅蘿蔔 (1.4份),57.4,1.3,14.0,0.3,蔬菜
少鹽洋蔥 (1.5份),60.0,1.7,13.5,0.2,蔬菜
少鹽玉米筍 (1.6份),41.6,4.0,8.0,0.3,蔬菜
少鹽香菇 (1.7份),57.8,5.3,11.9,0.9,蔬菜
少鹽金針菇 (1.8份),66.6,4.9,12.6,0.5,蔬菜
少鹽杏鮑菇 (1.9份),66.5,4.8,13.3,0.6,蔬菜
少鹽木耳 (2.0份),50.0,3.0,12.0,0.4,蔬菜
少鹽海帶 (0.6份),25.8,1.0,6.0,0.4,蔬菜
少鹽草莓 (0.7份),22.4,0.5,5.6,0.2,水果
少鹽藍莓 (0.8份),45.6,0.6,11.2,0.2,水果
少鹽葡萄 (0.9份),62.1,0.6,16.2,0.2,水果
少鹽橘子 (1.0份),47.0,0.9,12.0,0.1,水果
少鹽柳橙 (1.1份),51.7,1.0,13.2,0.1,水果
少鹽西瓜 (1.2份),36.0,0.7,9.6,0.2,水果
少鹽鳳梨 (1.3份),65.0,0.7,16.9,0.1,水果
少鹽芒果 (1.4份),84.0,1.1,21.0,0.6,水果
少鹽水梨 (1.5份),63.0,0.6,16.5,0.2,水果
少鹽桃子 (1.6份),62.4,1.4,16.0,0.5,水果
少鹽火龍果 (1.7份),85.0,1.9,20.4,0.7,水果
少鹽百香果 (1.8份),174.6,4.0,41.4,1.3,水果
少鹽酪梨 (1.9份),304.0,3.8,17.1,28.5,水果
少鹽椰子 (2.0份),708.0,6.6,30.0,66.0,水果
少鹽柿子 (0.6份),42.0,0.4,11.4,0.1,水果
少鹽杏仁 (0.7份),405.3,14.7,15.4,34.3,堅果
少鹽核桃 (0.8份),523.2,12.0,11.2,52.0,堅果
少鹽腰果 (0.9份),497.7,16.2,27.0,39.6,堅果
少鹽花生 (1.0份),567.0,26.0,16.0,49.0,堅果
少鹽開心果 (1.1份),618.2,22.0,30.8,49.5,堅果
少鹽南瓜子 (1.2份),670.8,36.0,13.2,58.8,堅果
少鹽葵瓜子 (1.3份),759.2,27.3,26.0,66.3,堅果
少鹽洋芋片 (1.4份),750.4,9.8,74.2,49.0,零食
少鹽玉米脆片 (1.5份),750.0,10.5,82.5,42.0,零食
少鹽爆米花 (1.6份),619.2,20.8,124.8,7.2,零食
少鹽蘇打餅乾 (1.7份),731.0,15.3,119.0,22.1,零食
少鹽巧克力餅乾 (1.8份),864.0,10.8,120.6,37.8,零食
少鹽燕麥餅乾 (1.9份),855.0,13.3,129.2,32.3,零食
少鹽洋芋薯餅 (2.0份),520.0,6.0,56.0,30.0,零食
少鹽茶葉蛋 (0.6份),87.0,7.2,1.2,5.4,零食
少鹽滷蛋 (0.7份),105.0,8.4,1.4,7.0,零食
少鹽海苔 (0.8份),28.0,4.0,3.2,0.4,零食
少鹽黑巧克力 (0.9份),540.0,7.2,41.4,38.7,甜點
少鹽牛奶巧克力 (1.0份),535.0,8.0,59.0,30.0,甜點
少鹽布朗尼 (1.1份),451.0,5.5,55.0,24.2,甜點
少鹽乳酪蛋糕 (1.2份),384.0,7.2,32.4,25.2,甜點
少鹽提拉米蘇 (1.3份),455.0,7.8,40.3,29.9,甜點
少鹽蛋塔 (1.4份),392.0,8.4,39.2,23.8,甜點
少鹽奶油泡芙 (1.5份),375.0,7.5,34.5,24.0,甜點
少鹽可麗露 (1.6份),400.0,6.4,52.8,17.6,甜點
少鹽鬆餅 (1.7份),612.0,13.6,85.0,23.8,甜點
少鹽冰淇淋 (1.8份),378.0,7.2,43.2,19.8,甜點
少鹽芒果冰 (1.9份),627.0,5.7,133.0,11.4,甜點
少鹽豆花加花生 (2.0份),640.0,20.0,90.0,22.0,甜點
少鹽紅豆湯 (0.6份),156.0,4.8,27.6,3.0,甜點
少鹽綠豆湯 (0.7份),168.0,4.9,30.8,2.8,甜點
少鹽仙草茶 (0.8份),80.0,0.0,20.0,0.0,甜點
少鹽燒仙草 (0.9份),207.0,4.5,36.0,5.4,甜點
少鹽薯條 (1.0份),312.0,3.4,41.0,15.0,速食
少鹽炸雞腿 (1.1份),352.0,24.2,13.2,23.1,速食
少鹽炸雞翅 (1.2份),348.0,24.0,12.0,22.8,速食
少鹽起司漢堡 (1.3份),676.0,35.1,54.6,36.4,速食
少鹽雙層牛肉堡 (1.4份),938.0,49.0,67.2,51.8,速食
少鹽雞塊 (1.5份),435.0,24.0,24.0,27.0,速食
少鹽熱狗堡 (1.6份),624.0,24.0,57.6,33.6,速食
少鹽雞肉捲 (1.7份),816.0,42.5,78.2,35.7,速食
少鹽墨西哥捲餅 (1.8份),936.0,41.4,100.8,39.6,異國
少鹽塔可 (1.9份),399.0,19.0,34.2,20.9,異國
少鹽凱薩沙拉 (2.0份),720.0,36.0,28.0,54.0,西式
少鹽烤雞沙拉 (0.6份),192.0,19.2,9.0,9.0,西式
少鹽牛排 (0.7份),315.0,31.5,0.0,19.6,西式
少鹽雞排 (0.8份),264.0,25.6,9.6,14.4,西式
少鹽焗烤飯 (0.9份),612.0,21.6,63.0,28.8,西式
少鹽焗烤義大利麵 (1.0份),720.0,25.0,72.0,34.0,西式
少鹽番茄義大利麵 (1.1份),528.0,16.5,83.6,13.2,西式
少鹽奶油義大利麵 (1.2份),780.0,21.6,84.0,36.0,西式
少鹽青醬義大利麵 (1.3份),806.0,23.4,88.4,36.4,西式
少鹽白醬燉飯 (1.4份),952.0,23.8,105.0,43.4,西式
少鹽番茄燉飯 (1.5份),780.0,22.5,114.0,22.5,西式
少鹽韓式拌飯 (1.6份),992.0,35.2,134.4,35.2,韓式
少鹽韓式炸雞 (1.7份),1105.0,51.0,76.5,64.6,韓式
少鹽韓式泡菜 (1.8份),54.0,3.6,9.0,0.9,韓式
少鹽韓式部隊鍋 (1.9份),1425.0,53.2,123.5,76.0,韓式
少鹽韓式烤肉 (2.0份),1100.0,70.0,20.0,80.0,韓式
少鹽韓式冷麵 (0.6份),270.0,8.4,46.8,4.8,韓式
少鹽日式拉麵 (0.7份),420.0,17.5,52.5,14.0,日式
少鹽豬排拉麵 (0.8份),624.0,28.0,62.4,28.8,日式
少鹽牛肉烏龍麵 (0.9份),504.0,23.4,63.0,15.3,日式
少鹽天婦羅 (1.0份),420.0,16.0,36.0,24.0,日式
少鹽炸蝦天婦羅 (1.1份),341.0,16.5,22.0,22.0,日式
少鹽大阪燒 (1.2份),600.0,21.6,60.0,30.0,日式
少鹽章魚燒 (1.3份),468.0,18.2,57.2,18.2,日式
少鹽番茄 (1.4份),25.2,1.3,5.6,0.3,蔬菜
少鹽洋菇 (1.5份),33.0,4.7,4.9,0.4,蔬菜
少鹽甜椒 (1.6份),49.6,1.6,9.6,0.5,蔬菜
少鹽茄子 (1.7份),42.5,1.7,10.2,0.3,蔬菜
少鹽絲瓜 (1.8份),36.0,2.2,7.2,0.4,蔬菜
少鹽苦瓜 (1.9份),32.3,1.9,7.6,0.4,蔬菜
少鹽冬瓜 (2.0份),26.0,0.8,6.0,0.4,蔬菜
少鹽白蘿蔔 (0.6份),10.8,0.4,2.4,0.1,蔬菜
少鹽秋葵 (0.7份),23.1,1.3,4.9,0.1,蔬菜
少鹽竹筍 (0.8份),21.6,2.1,4.0,0.2,蔬菜
少鹽豆芽菜 (0.9份),27.0,2.7,5.4,0.2,蔬菜
少鹽海帶芽 (1.0份),45.0,3.0,9.0,0.6,蔬菜
標準白吐司 (1.1份),291.5,9.9,53.9,3.5,早餐/主食
標準全麥吐司 (1.2份),296.4,15.6,49.2,5.0,早餐/主食
標準可頌 (1.3份),527.8,10.4,58.5,27.3,早餐/烘焙
標準火腿起司蛋吐司 (1.4份),602.0,30.8,53.2,30.8,早餐
標準鮪魚蛋吐司 (1.5份),615.0,36.0,54.0,30.0,早餐
標準培根蛋吐司 (1.6份),736.0,32.0,56.0,43.2,早餐
標準總匯三明治 (1.7份),884.0,40.8,74.8,45.9,早餐
標準鮪魚三明治 (1.8份),702.0,39.6,75.6,28.8,早餐
標準雞肉三明治 (1.9份),684.0,47.5,72.2,24.7,早餐
標準火腿三明治 (2.0份),700.0,36.0,80.0,28.0,早餐
標準起司蛋餅 (0.6份),234.0,9.6,21.6,12.6,早餐
標準培根蛋餅 (0.7份),301.0,12.6,25.2,17.5,早餐
標準玉米蛋餅 (0.8份),288.0,10.4,34.4,12.8,早餐
標準鮪魚蛋餅 (0.9份),369.0,18.0,33.3,19.8,早餐
標準蘿蔔糕加蛋 (1.0份),300.0,10.0,34.0,14.0,早餐
標準法國吐司 (1.1份),352.0,12.1,46.2,13.2,早餐
標準美式早餐盤 (1.2份),780.0,33.6,54.0,46.8,早餐
標準燕麥粥 (1.3份),286.0,10.4,46.8,7.8,早餐
標準水果燕麥優格 (1.4份),392.0,16.8,60.2,9.8,早餐
標準優格 (1.5份),180.0,10.5,21.0,6.0,乳品
標準希臘優格 (1.6份),224.0,19.2,12.8,9.6,乳品
標準低脂鮮奶 (1.7份),178.5,13.6,20.4,5.1,乳品
標準全脂鮮奶 (1.8份),270.0,14.4,21.6,14.4,乳品
標準無糖優格 (1.9份),180.5,17.1,11.4,7.6,乳品
標準豆漿 (2.0份),340.0,24.0,20.0,14.0,飲品
標準黑豆漿 (0.6份),108.0,7.8,6.0,4.2,飲品
標準燕麥奶 (0.7份),84.0,2.1,11.2,3.5,飲品
標準杏仁奶 (0.8份),32.0,0.8,1.6,2.4,飲品
標準綠豆漿 (0.9份),171.0,9.9,22.5,4.5,飲品
標準紅茶 (1.0份),5.0,0.0,1.0,0.0,飲品
標準綠茶 (1.1份),2.2,0.0,0.0,0.0,飲品
標準烏龍茶 (1.2份),2.4,0.0,0.0,0.0,飲品
標準無糖綠茶 (1.3份),2.6,0.0,0.0,0.0,飲品
標準檸檬紅茶 (1.4份),140.0,0.0,35.0,0.0,飲品
標準可樂 (1.5份),210.0,0.0,58.5,0.0,飲品
標準汽水 (1.6份),224.0,0.0,62.4,0.0,飲品
標準運動飲料 (1.7份),204.0,0.0,51.0,0.0,飲品
標準無糖氣泡水 (1.8份),0.0,0.0,0.0,0.0,飲品
標準巧克力牛奶 (1.9份),361.0,13.3,57.0,9.5,飲品
標準香蕉牛奶 (2.0份),420.0,14.0,68.0,10.0,飲品
標準抹茶拿鐵 (0.6份),132.0,4.2,16.2,5.4,飲品
標準摩卡 (0.7份),182.0,5.6,22.4,7.7,飲品
標準卡布奇諾 (0.8份),96.0,4.8,8.0,4.8,飲品
標準焦糖瑪奇朵 (0.9份),225.0,6.3,30.6,9.0,飲品
標準可可 (1.0份),210.0,7.0,30.0,7.0,飲品
標準水果茶 (1.1份),176.0,0.0,41.8,0.0,飲品
標準奶茶 (1.2份),264.0,6.0,38.4,9.6,飲品
標準冬瓜茶 (1.3份),195.0,0.0,48.1,0.0,飲品
標準檸檬汁 (1.4份),84.0,0.0,21.0,0.0,飲品
標準白飯 (1.5份),420.0,8.1,91.5,0.9,主食
標準紫米飯 (1.6份),432.0,9.6,92.8,1.9,主食
標準五穀飯 (1.7份),433.5,10.2,90.1,3.4,主食
標準藜麥飯 (1.8份),450.0,14.4,82.8,7.2,主食
標準燕麥飯 (1.9份),465.5,11.4,85.5,6.6,主食
標準玉米 (2.0份),240.0,8.0,54.0,4.0,主食
標準南瓜 (0.6份),42.0,1.2,9.6,0.1,蔬菜
標準馬鈴薯 (0.7份),91.0,2.1,21.0,0.1,主食
標準山藥 (0.8份),96.0,2.4,21.6,0.2,主食
標準芋頭 (0.9份),117.0,1.8,27.0,0.2,主食
標準冬粉 (1.0份),170.0,0.0,42.0,0.0,主食
標準烏龍麵 (1.1份),297.0,9.9,61.6,1.1,麵食
標準拉麵 (1.2份),516.0,18.0,78.0,14.4,麵食
標準蕎麥麵 (1.3份),390.0,16.9,72.8,2.6,麵食
標準米粉 (1.4份),490.0,8.4,112.0,1.4,麵食
標準意麵 (1.5份),570.0,16.5,99.0,13.5,麵食
標準炒飯 (1.6份),992.0,27.2,131.2,35.2,主餐
標準蛋炒飯 (1.7份),986.0,30.6,132.6,34.0,主餐
標準肉絲炒飯 (1.8份),1170.0,43.2,144.0,45.0,主餐
標準蝦仁炒飯 (1.9份),1178.0,47.5,148.2,41.8,主餐
標準炒麵 (2.0份),1100.0,34.0,136.0,46.0,主餐
標準炒烏龍 (0.6份),336.0,10.8,43.2,13.2,主餐
標準鍋燒意麵 (0.7份),364.0,16.8,45.5,11.9,主餐
標準雞肉飯 (0.8份),416.0,21.6,52.8,13.6,主餐
標準魚排飯 (0.9份),585.0,28.8,70.2,20.7,主餐
標準牛丼 (1.0份),720.0,31.0,86.0,27.0,日式
標準親子丼 (1.1份),748.0,34.1,85.8,26.4,日式
標準豬排丼 (1.2份),936.0,40.8,98.4,40.8,日式
標準咖哩飯 (1.3份),910.0,26.0,114.4,35.1,日式
標準日式豬排飯 (1.4份),1064.0,49.0,119.0,43.4,日式
標準壽司 (1.5份),450.0,15.0,81.0,7.5,日式
標準鮭魚壽司 (1.6份),528.0,24.0,80.0,12.8,日式
標準鮪魚壽司 (1.7份),527.0,27.2,85.0,10.2,日式
標準蝦壽司 (1.8份),522.0,23.4,93.6,7.2,日式
標準玉子燒 (1.9份),342.0,19.0,19.0,19.0,日式
標準味噌湯 (2.0份),110.0,8.0,10.0,4.0,湯品
標準茶碗蒸 (0.6份),66.0,5.4,2.4,3.6,日式
標準烤鯖魚 (0.7份),196.0,17.5,0.0,14.0,海鮮
標準烤鮭魚 (0.8份),192.0,20.0,0.0,12.0,海鮮
標準烤鯛魚 (0.9份),162.0,24.3,0.0,6.3,海鮮
標準清蒸鱈魚 (1.0份),150.0,27.0,0.0,4.0,海鮮
標準蝦仁 (1.1份),110.0,26.4,1.1,0.3,海鮮
標準透抽 (1.2份),132.0,21.6,3.6,2.4,海鮮
標準蛤蜊 (1.3份),104.0,16.9,5.2,2.0,海鮮
標準蚵仔 (1.4份),119.0,12.6,7.0,4.2,海鮮
標準鮪魚 (1.5份),195.0,43.5,0.0,1.5,海鮮
標準鯛魚 (1.6份),208.0,41.6,0.0,4.8,海鮮
標準鯖魚 (1.7份),357.0,34.0,0.0,23.8,海鮮
標準鯷魚 (1.8份),234.0,52.2,0.0,9.0,海鮮
標準雞胸肉 (1.9份),313.5,58.9,0.0,6.8,蛋白質
標準雞腿肉 (2.0份),440.0,50.0,0.0,26.0,蛋白質
標準雞翅 (0.6份),138.0,14.4,0.0,9.0,蛋白質
標準雞里肌 (0.7份),105.0,21.0,0.0,2.1,蛋白質
標準豬里肌 (0.8份),168.0,21.6,0.0,8.0,蛋白質
標準豬梅花 (0.9份),225.0,19.8,0.0,16.2,蛋白質
標準豬五花 (1.0份),390.0,14.0,0.0,37.0,蛋白質
標準牛里肌 (1.1份),231.0,30.8,0.0,11.0,蛋白質
標準牛腱 (1.2份),204.0,33.6,0.0,7.2,蛋白質
標準牛五花 (1.3份),429.0,23.4,0.0,36.4,蛋白質
